<PAMDataset>
  <Metadata>
    <MDI key="DataType">Generic</MDI>
  </Metadata>
  <PAMRasterBand band="1">
    <Histograms>
      <HistItem>
        <HistMin>4.173853397369385</HistMin>
        <HistMax>4.246329784393311</HistMax>
        <BucketCount>256</BucketCount>
        <IncludeOutOfRange>1</IncludeOutOfRange>
        <Approximate>0</Approximate>
        <HistCounts>1|0|0|0|1|0|2|0|2|1|1|3|1|3|1|4|2|2|3|2|4|4|3|4|4|3|5|2|6|4|6|6|3|5|6|3|9|2|6|6|4|7|4|6|7|7|6|9|6|8|4|7|6|10|6|9|6|9|6|8|6|8|8|9|9|9|10|6|8|8|10|7|10|10|10|9|12|9|12|10|11|11|8|12|11|11|8|11|8|12|15|10|14|9|12|12|6|11|10|6|12|12|7|14|13|10|9|11|7|9|13|10|11|8|11|7|12|10|11|10|13|9|13|10|11|7|11|7|7|10|10|11|11|9|10|9|11|12|7|7|9|9|9|7|10|10|9|9|10|8|8|9|10|9|8|10|8|7|7|9|6|7|10|10|8|7|8|8|4|8|8|8|6|8|7|6|8|6|7|6|6|7|6|7|8|7|4|4|8|5|4|2|6|5|5|4|4|5|6|3|6|7|3|3|5|4|4|4|4|3|3|4|2|4|5|4|2|3|4|3|3|2|3|3|2|1|2|1|0|3|2|3|0|3|3|2|0|3|2|1|1|2|2|1|0|1|1|0|0|1|0|0|1|1|0|1</HistCounts>
      </HistItem>
    </Histograms>
    <Metadata>
      <MDI key="RepresentationType">ATHEMATIC</MDI>
      <MDI key="STATISTICS_COVARIANCES">0.0002378829229578263</MDI>
      <MDI key="STATISTICS_EXCLUDEDVALUES"></MDI>
      <MDI key="STATISTICS_MAXIMUM">4.2463297843933</MDI>
      <MDI key="STATISTICS_MEAN">4.2073280006647</MDI>
      <MDI key="STATISTICS_MINIMUM">4.1738533973694</MDI>
      <MDI key="STATISTICS_SKIPFACTORX">1</MDI>
      <MDI key="STATISTICS_SKIPFACTORY">1</MDI>
      <MDI key="STATISTICS_STDDEV">0.015423453665046</MDI>
    </Metadata>
  </PAMRasterBand>
</PAMDataset>
