<PAMDataset>
  <Metadata>
    <MDI key="DataType">Generic</MDI>
  </Metadata>
  <PAMRasterBand band="1">
    <Histograms>
      <HistItem>
        <HistMin>0.9998716115951538</HistMin>
        <HistMax>1.014956474304199</HistMax>
        <BucketCount>256</BucketCount>
        <IncludeOutOfRange>1</IncludeOutOfRange>
        <Approximate>0</Approximate>
        <HistCounts>1|0|1|0|0|2|0|0|2|0|1|1|0|1|2|1|1|1|1|2|2|1|1|2|1|3|2|0|4|1|3|3|1|3|1|2|4|3|2|4|2|5|3|1|5|4|2|3|5|3|4|3|2|5|4|3|5|3|6|2|4|6|2|4|5|4|2|7|3|3|8|2|4|6|3|9|2|3|8|5|6|7|5|5|6|9|6|6|6|11|5|9|9|5|13|8|6|8|13|6|9|8|7|14|7|10|9|9|11|10|10|9|12|10|9|11|12|11|9|9|12|9|10|12|8|10|15|11|9|13|11|11|13|10|12|15|8|11|12|9|12|11|12|9|14|9|10|10|8|12|9|14|12|10|14|10|12|16|8|7|14|7|13|12|6|15|12|7|13|12|10|12|9|8|12|9|10|8|10|14|7|11|11|9|10|10|12|9|8|6|10|9|8|8|6|9|7|8|9|5|10|4|7|9|5|7|6|6|5|10|4|5|5|4|8|4|6|4|4|6|2|4|7|2|5|6|2|5|3|5|2|7|2|1|4|1|4|3|3|3|1|5|0|2|2|0|3|0|0|2|1|1|1|0|1|1</HistCounts>
      </HistItem>
    </Histograms>
    <Metadata>
      <MDI key="RepresentationType">ATHEMATIC</MDI>
      <MDI key="STATISTICS_COVARIANCES">9.593177271674002e-06</MDI>
      <MDI key="STATISTICS_EXCLUDEDVALUES"></MDI>
      <MDI key="STATISTICS_MAXIMUM">1.0149564743042</MDI>
      <MDI key="STATISTICS_MEAN">1.0081160140783</MDI>
      <MDI key="STATISTICS_MINIMUM">0.99987161159515</MDI>
      <MDI key="STATISTICS_SKIPFACTORX">1</MDI>
      <MDI key="STATISTICS_SKIPFACTORY">1</MDI>
      <MDI key="STATISTICS_STDDEV">0.0030972854682244</MDI>
    </Metadata>
  </PAMRasterBand>
</PAMDataset>
