<PAMDataset>
  <Metadata>
    <MDI key="DataType">Generic</MDI>
  </Metadata>
  <PAMRasterBand band="1">
    <Histograms>
      <HistItem>
        <HistMin>4.293753147125244</HistMin>
        <HistMax>4.52971887588501</HistMax>
        <BucketCount>256</BucketCount>
        <IncludeOutOfRange>1</IncludeOutOfRange>
        <Approximate>0</Approximate>
        <HistCounts>1|1|2|1|3|3|2|3|0|2|2|4|4|3|5|4|5|4|4|4|5|6|4|7|6|6|8|10|11|9|11|9|8|16|7|10|9|6|13|4|9|20|16|6|13|14|10|14|7|8|14|9|6|14|16|4|18|16|8|12|12|5|10|7|6|9|7|8|13|10|10|15|8|13|10|10|8|8|7|7|8|7|8|9|11|10|11|11|14|10|11|9|11|9|6|2|8|6|7|8|11|9|9|8|9|10|9|9|12|8|9|6|7|6|6|5|7|6|7|8|8|7|12|11|6|8|8|9|8|6|5|6|5|5|6|8|8|5|4|6|3|5|8|8|8|8|7|8|7|7|7|4|4|3|5|6|7|9|7|10|5|10|7|4|6|3|6|3|7|6|7|9|7|6|6|4|3|6|3|4|7|7|7|9|6|6|9|6|8|4|3|3|6|3|6|0|8|4|7|5|7|5|2|4|0|4|2|4|6|3|7|1|9|2|6|3|6|2|4|3|3|2|3|2|2|2|2|2|3|2|1|0|2|0|0|0|0|1|2|2|2|1|2|0|2|0|3|0|2|0|1|0|1|0|0|1</HistCounts>
      </HistItem>
    </Histograms>
    <Metadata>
      <MDI key="RepresentationType">ATHEMATIC</MDI>
      <MDI key="STATISTICS_COVARIANCES">0.003051129498866869</MDI>
      <MDI key="STATISTICS_EXCLUDEDVALUES"></MDI>
      <MDI key="STATISTICS_MAXIMUM">4.529718875885</MDI>
      <MDI key="STATISTICS_MEAN">4.3917902636528</MDI>
      <MDI key="STATISTICS_MINIMUM">4.2937531471252</MDI>
      <MDI key="STATISTICS_SKIPFACTORX">1</MDI>
      <MDI key="STATISTICS_SKIPFACTORY">1</MDI>
      <MDI key="STATISTICS_STDDEV">0.055237030141626</MDI>
    </Metadata>
  </PAMRasterBand>
</PAMDataset>
