<PAMDataset>
  <Metadata>
    <MDI key="DataType">Generic</MDI>
  </Metadata>
  <PAMRasterBand band="1">
    <Histograms>
      <HistItem>
        <HistMin>4.137871265411377</HistMin>
        <HistMax>4.183873653411865</HistMax>
        <BucketCount>256</BucketCount>
        <IncludeOutOfRange>1</IncludeOutOfRange>
        <Approximate>0</Approximate>
        <HistCounts>1|0|2|0|3|0|0|3|0|3|0|2|3|2|4|0|6|0|3|6|1|7|1|2|6|2|8|0|4|6|2|10|1|12|0|3|9|0|15|0|2|11|0|15|0|5|10|1|16|0|7|12|0|12|6|4|13|1|15|6|3|17|0|14|8|3|19|1|9|13|3|13|7|6|15|3|8|15|6|9|9|8|9|13|7|9|13|9|15|6|7|14|8|8|17|7|9|15|10|14|7|11|17|11|8|16|13|6|13|12|7|14|8|9|11|11|5|15|14|6|14|13|10|11|10|11|8|14|6|14|11|10|14|7|10|11|9|10|11|11|11|7|11|10|8|11|7|8|11|6|8|9|7|8|9|8|5|10|8|6|9|9|4|11|6|11|5|6|10|7|7|8|5|6|7|4|7|6|6|7|6|6|4|8|5|5|7|5|4|5|4|4|3|6|5|2|6|6|4|4|5|3|5|4|3|3|4|6|1|4|5|2|3|4|2|4|2|4|3|3|2|4|2|1|5|0|2|4|1|2|3|1|1|3|2|1|2|2|1|2|1|2|1|0|2|0|0|0|0|1|0|1|1|0|0|1</HistCounts>
      </HistItem>
    </Histograms>
    <Metadata>
      <MDI key="RepresentationType">ATHEMATIC</MDI>
      <MDI key="STATISTICS_COVARIANCES">9.469273899881149e-05</MDI>
      <MDI key="STATISTICS_EXCLUDEDVALUES"></MDI>
      <MDI key="STATISTICS_MAXIMUM">4.1838736534119</MDI>
      <MDI key="STATISTICS_MEAN">4.1589091178775</MDI>
      <MDI key="STATISTICS_MINIMUM">4.1378712654114</MDI>
      <MDI key="STATISTICS_SKIPFACTORX">1</MDI>
      <MDI key="STATISTICS_SKIPFACTORY">1</MDI>
      <MDI key="STATISTICS_STDDEV">0.0097310194223838</MDI>
    </Metadata>
  </PAMRasterBand>
</PAMDataset>
