<PAMDataset>
  <PAMRasterBand band="1">
    <Histograms>
      <HistItem>
        <HistMin>0.01870285533368587</HistMin>
        <HistMax>6.26851224899292</HistMax>
        <BucketCount>256</BucketCount>
        <IncludeOutOfRange>1</IncludeOutOfRange>
        <Approximate>0</Approximate>
        <HistCounts>12|23|31|45|42|47|46|53|54|33|15|18|7|0|1|4|11|8|6|0|0|0|0|0|0|0|0|1|0|0|0|1|0|0|0|1|0|0|0|0|0|0|0|0|0|0|1|1|0|0|0|0|0|0|1|0|0|0|0|0|0|1|0|0|0|0|1|0|0|0|0|0|0|0|0|0|0|0|4|10|7|7|1|0|0|0|0|0|0|0|0|1|0|0|0|0|0|0|0|0|0|0|0|0|0|0|0|0|0|0|0|0|0|0|0|0|0|1|2|0|0|0|0|0|0|0|0|0|0|0|0|0|1|0|0|0|0|0|0|1|0|2|8|9|6|0|0|0|1|0|0|1|1|0|0|0|0|0|0|0|0|0|0|0|0|0|0|0|0|0|1|0|0|0|0|0|2|0|0|0|0|0|0|0|0|0|0|0|1|0|0|1|0|0|0|0|1|0|0|0|0|0|0|0|1|8|10|8|1|0|0|6|5|18|21|26|31|24|20|28|29|22|22|24|26|23|32|10|23|28|34|6|28|32|22|21|28|23|22|26|28|23|24|29|25|26|32|25|27|33|30|23|23|21|9|1</HistCounts>
      </HistItem>
    </Histograms>
    <Metadata>
      <MDI key="RepresentationType">ATHEMATIC</MDI>
      <MDI key="STATISTICS_COVARIANCES">6.341098389414185</MDI>
      <MDI key="STATISTICS_EXCLUDEDVALUES"></MDI>
      <MDI key="STATISTICS_MAXIMUM">6.2685122489929</MDI>
      <MDI key="STATISTICS_MEAN">4.0090843370836</MDI>
      <MDI key="STATISTICS_MINIMUM">0.018702855333686</MDI>
      <MDI key="STATISTICS_SKIPFACTORX">1</MDI>
      <MDI key="STATISTICS_SKIPFACTORY">1</MDI>
      <MDI key="STATISTICS_STDDEV">2.5181537660386</MDI>
    </Metadata>
  </PAMRasterBand>
</PAMDataset>
