<PAMDataset>
  <Metadata>
    <MDI key="DataType">Generic</MDI>
  </Metadata>
  <PAMRasterBand band="1">
    <Histograms>
      <HistItem>
        <HistMin>4.158879280090332</HistMin>
        <HistMax>4.216772556304932</HistMax>
        <BucketCount>256</BucketCount>
        <IncludeOutOfRange>1</IncludeOutOfRange>
        <Approximate>0</Approximate>
        <HistCounts>1|0|2|0|2|0|0|2|0|3|0|0|5|0|5|0|2|4|1|4|0|4|4|3|6|1|3|5|4|6|1|5|3|4|5|5|4|7|5|4|7|4|7|3|5|8|4|7|6|6|6|6|7|8|5|8|5|7|8|7|9|4|11|6|9|9|6|12|8|7|7|12|7|8|9|8|13|6|9|11|8|9|10|10|9|13|9|8|12|8|11|12|7|14|10|11|9|11|8|12|9|12|9|11|12|9|11|13|8|11|7|10|9|11|10|13|8|12|10|9|15|7|11|12|8|9|10|9|10|10|11|11|11|9|11|7|9|10|9|10|8|9|8|12|7|10|10|10|8|9|12|9|5|11|6|7|8|8|8|7|11|9|8|10|7|8|7|8|8|4|9|7|5|8|7|6|8|8|5|6|7|7|2|8|8|5|4|5|6|3|6|6|3|5|9|6|3|6|8|4|4|6|5|2|4|4|4|4|3|7|4|3|4|6|4|3|5|4|4|3|5|3|3|2|2|4|2|4|5|3|2|4|2|3|1|3|1|2|2|1|1|0|2|1|2|2|2|2|2|0|3|2|0|0|2|1</HistCounts>
      </HistItem>
    </Histograms>
    <Metadata>
      <MDI key="RepresentationType">ATHEMATIC</MDI>
      <MDI key="STATISTICS_COVARIANCES">0.0001608955590074731</MDI>
      <MDI key="STATISTICS_EXCLUDEDVALUES"></MDI>
      <MDI key="STATISTICS_MAXIMUM">4.2167725563049</MDI>
      <MDI key="STATISTICS_MEAN">4.186515711844</MDI>
      <MDI key="STATISTICS_MINIMUM">4.1588792800903</MDI>
      <MDI key="STATISTICS_SKIPFACTORX">1</MDI>
      <MDI key="STATISTICS_SKIPFACTORY">1</MDI>
      <MDI key="STATISTICS_STDDEV">0.012684461321139</MDI>
    </Metadata>
  </PAMRasterBand>
</PAMDataset>
