<PAMDataset>
  <Metadata>
    <MDI key="DataType">Generic</MDI>
  </Metadata>
  <PAMRasterBand band="1">
    <Histograms>
      <HistItem>
        <HistMin>0.9143291115760803</HistMin>
        <HistMax>0.9408791661262512</HistMax>
        <BucketCount>256</BucketCount>
        <IncludeOutOfRange>1</IncludeOutOfRange>
        <Approximate>0</Approximate>
        <HistCounts>1|0|0|0|1|0|1|0|0|2|1|1|1|1|1|1|0|2|2|2|1|1|4|1|3|1|2|2|2|3|1|3|3|1|3|1|3|4|2|3|2|3|4|2|2|3|4|4|4|3|4|5|5|5|2|5|6|3|4|5|5|5|8|4|5|8|5|8|6|7|6|7|8|7|7|7|8|4|10|7|9|6|9|8|9|8|6|8|9|9|8|8|5|11|11|8|8|10|9|11|8|6|11|10|8|10|9|12|9|13|8|7|12|11|8|12|11|10|10|10|13|13|10|8|10|17|12|10|7|10|21|11|9|11|12|15|12|11|13|12|9|16|11|10|13|8|18|10|8|13|7|18|10|10|9|9|16|12|6|14|6|18|9|9|10|7|11|14|6|11|10|8|15|7|10|9|9|11|7|8|8|9|14|4|10|7|7|13|7|8|4|5|11|5|8|3|9|6|8|3|3|9|4|7|2|8|3|4|5|5|6|3|6|4|5|2|7|2|6|1|5|3|4|3|5|3|2|3|2|4|2|2|2|1|3|2|0|3|1|3|0|3|1|1|1|2|1|0|1|1|1|0|1|0|0|1</HistCounts>
      </HistItem>
    </Histograms>
    <Metadata>
      <MDI key="RepresentationType">ATHEMATIC</MDI>
      <MDI key="STATISTICS_COVARIANCES">2.832972201380031e-05</MDI>
      <MDI key="STATISTICS_EXCLUDEDVALUES"></MDI>
      <MDI key="STATISTICS_MAXIMUM">0.94087916612625</MDI>
      <MDI key="STATISTICS_MEAN">0.92815988078713</MDI>
      <MDI key="STATISTICS_MINIMUM">0.91432911157608</MDI>
      <MDI key="STATISTICS_SKIPFACTORX">1</MDI>
      <MDI key="STATISTICS_SKIPFACTORY">1</MDI>
      <MDI key="STATISTICS_STDDEV">0.0053225672390117</MDI>
    </Metadata>
  </PAMRasterBand>
</PAMDataset>
