<PAMDataset>
  <Metadata>
    <MDI key="DataType">Generic</MDI>
  </Metadata>
  <PAMRasterBand band="1">
    <Histograms>
      <HistItem>
        <HistMin>0.9792289137840271</HistMin>
        <HistMax>0.9985111951828003</HistMax>
        <BucketCount>256</BucketCount>
        <IncludeOutOfRange>1</IncludeOutOfRange>
        <Approximate>0</Approximate>
        <HistCounts>1|0|1|0|1|0|1|1|1|1|1|1|2|0|3|1|1|1|1|2|1|4|0|1|4|1|4|1|4|2|3|2|2|3|2|4|4|2|3|5|3|3|4|5|1|5|4|5|2|6|5|6|2|6|6|4|5|5|10|3|8|6|6|8|4|10|4|9|5|5|11|4|11|5|10|6|6|9|4|13|4|15|4|6|12|6|11|8|12|4|12|9|6|13|5|16|8|11|7|7|14|3|14|9|12|8|11|12|9|16|7|13|6|10|14|12|12|8|16|6|16|11|10|10|10|15|10|11|9|12|14|7|15|11|9|11|8|14|6|12|8|14|5|11|11|11|7|9|14|6|10|8|14|5|9|10|13|5|12|8|13|5|11|11|5|13|7|15|5|12|8|9|6|7|10|7|10|8|10|6|10|7|9|5|9|6|9|6|7|9|8|7|8|7|4|9|5|6|5|8|8|7|4|7|5|6|5|4|8|4|8|4|7|3|6|6|5|2|5|4|4|3|5|4|3|4|3|2|2|2|3|2|2|2|1|2|1|3|0|2|1|3|0|2|1|2|0|2|1|1|0|1|0|0|0|1</HistCounts>
      </HistItem>
    </Histograms>
    <Metadata>
      <MDI key="RepresentationType">ATHEMATIC</MDI>
      <MDI key="STATISTICS_COVARIANCES">1.60778214978851e-05</MDI>
      <MDI key="STATISTICS_EXCLUDEDVALUES"></MDI>
      <MDI key="STATISTICS_MAXIMUM">0.9985111951828</MDI>
      <MDI key="STATISTICS_MEAN">0.98906408190727</MDI>
      <MDI key="STATISTICS_MINIMUM">0.97922891378403</MDI>
      <MDI key="STATISTICS_SKIPFACTORX">1</MDI>
      <MDI key="STATISTICS_SKIPFACTORY">1</MDI>
      <MDI key="STATISTICS_STDDEV">0.0040097158874271</MDI>
    </Metadata>
  </PAMRasterBand>
</PAMDataset>
