<PAMDataset>
  <Metadata>
    <MDI key="DataType">Generic</MDI>
  </Metadata>
  <PAMRasterBand band="1">
    <Histograms>
      <HistItem>
        <HistMin>0.1917059272527695</HistMin>
        <HistMax>0.6543341279029846</HistMax>
        <BucketCount>256</BucketCount>
        <IncludeOutOfRange>1</IncludeOutOfRange>
        <Approximate>0</Approximate>
        <HistCounts>1|1|1|0|1|1|1|0|1|1|0|2|4|2|1|3|3|3|2|2|2|2|1|3|2|1|4|2|4|3|3|3|4|3|2|3|1|1|3|4|4|4|2|4|3|1|3|3|1|2|4|4|4|6|4|3|8|7|1|5|5|2|5|6|4|4|6|5|3|7|6|4|4|2|6|5|4|4|5|5|4|5|4|6|6|4|7|4|9|5|5|4|5|4|7|6|4|6|6|5|6|6|6|5|5|6|7|6|5|5|5|5|7|9|1|8|9|6|7|5|7|6|6|5|6|6|5|6|8|8|7|6|7|6|6|8|5|9|6|7|7|8|8|5|10|5|7|7|7|6|8|6|8|8|9|7|6|11|9|8|6|9|8|5|8|9|8|9|9|8|9|5|10|8|12|9|6|9|12|9|9|11|9|9|11|10|8|13|7|8|9|11|9|10|13|11|11|11|11|9|10|9|11|13|14|9|10|10|11|14|13|15|12|10|13|11|12|14|15|10|13|12|12|14|13|12|10|12|8|9|9|8|8|9|8|8|8|5|8|7|5|3|4|4|6|5|6|3|3|2|4|3|1|1|1|1</HistCounts>
      </HistItem>
    </Histograms>
    <Metadata>
      <MDI key="RepresentationType">ATHEMATIC</MDI>
      <MDI key="STATISTICS_COVARIANCES">0.01268048569931174</MDI>
      <MDI key="STATISTICS_EXCLUDEDVALUES"></MDI>
      <MDI key="STATISTICS_MAXIMUM">0.65433412790298</MDI>
      <MDI key="STATISTICS_MEAN">0.47239485400729</MDI>
      <MDI key="STATISTICS_MINIMUM">0.19170592725277</MDI>
      <MDI key="STATISTICS_SKIPFACTORX">1</MDI>
      <MDI key="STATISTICS_SKIPFACTORY">1</MDI>
      <MDI key="STATISTICS_STDDEV">0.11260766270246</MDI>
    </Metadata>
  </PAMRasterBand>
</PAMDataset>
