<PAMDataset>
  <PAMRasterBand band="1">
    <Histograms>
      <HistItem>
        <HistMin>0.7435840368270874</HistMin>
        <HistMax>0.8300362825393677</HistMax>
        <BucketCount>256</BucketCount>
        <IncludeOutOfRange>1</IncludeOutOfRange>
        <Approximate>0</Approximate>
        <HistCounts>1|0|1|1|0|0|1|0|0|1|1|1|1|1|3|0|3|1|2|0|3|2|0|3|1|1|2|1|2|3|2|3|3|3|3|2|4|2|3|5|3|3|5|3|3|4|5|4|3|3|3|5|3|5|4|5|5|6|3|6|7|5|4|7|6|2|5|8|4|6|8|6|4|7|9|4|6|8|5|7|8|6|5|9|9|4|7|9|5|8|9|6|9|9|8|7|9|9|7|7|8|9|9|5|8|10|5|8|11|11|6|10|14|5|11|9|10|7|7|14|6|6|9|9|7|11|10|7|9|10|10|8|12|10|8|8|9|10|11|9|8|8|10|9|8|11|9|6|14|10|9|13|11|7|12|12|7|13|10|6|10|13|6|11|12|7|11|11|7|14|10|8|10|13|8|13|12|10|10|11|9|11|11|9|10|13|10|10|11|7|12|13|8|12|11|5|9|9|9|11|7|8|10|8|4|11|7|4|15|7|3|12|3|10|4|1|12|2|0|13|2|8|4|0|13|1|1|8|0|8|0|0|8|0|6|1|0|6|0|6|1|0|4|0|1|3|0|3|0|1|1|0|1|0|0|1</HistCounts>
      </HistItem>
    </Histograms>
    <Metadata>
      <MDI key="RepresentationType">ATHEMATIC</MDI>
      <MDI key="STATISTICS_COVARIANCES">0.0003454206516610758</MDI>
      <MDI key="STATISTICS_EXCLUDEDVALUES"></MDI>
      <MDI key="STATISTICS_MAXIMUM">0.83003628253937</MDI>
      <MDI key="STATISTICS_MEAN">0.79077610343695</MDI>
      <MDI key="STATISTICS_MINIMUM">0.74358403682709</MDI>
      <MDI key="STATISTICS_SKIPFACTORX">1</MDI>
      <MDI key="STATISTICS_SKIPFACTORY">1</MDI>
      <MDI key="STATISTICS_STDDEV">0.01858549573353</MDI>
    </Metadata>
  </PAMRasterBand>
</PAMDataset>
