<PAMDataset>
  <Metadata>
    <MDI key="DataType">Generic</MDI>
  </Metadata>
  <PAMRasterBand band="1">
    <Histograms>
      <HistItem>
        <HistMin>0.8658800721168518</HistMin>
        <HistMax>0.9063742756843567</HistMax>
        <BucketCount>256</BucketCount>
        <IncludeOutOfRange>1</IncludeOutOfRange>
        <Approximate>0</Approximate>
        <HistCounts>1|0|0|2|0|0|1|2|0|0|2|1|0|1|2|1|1|1|2|2|2|1|2|2|2|0|3|2|3|0|2|6|2|0|4|5|2|2|3|5|1|3|5|3|3|3|4|6|2|3|5|5|2|4|5|4|3|4|6|5|3|4|8|3|3|6|7|4|2|7|7|4|5|7|7|2|6|8|6|4|10|6|4|5|7|7|7|5|7|10|4|7|9|6|7|11|7|6|5|8|11|5|8|11|6|8|10|7|10|7|9|9|10|8|8|8|10|11|8|13|10|10|12|10|10|12|8|12|11|13|11|9|13|13|13|13|13|9|11|13|12|13|8|14|11|13|13|12|11|12|10|13|9|11|12|10|11|14|10|11|11|9|10|9|13|8|9|12|10|11|10|6|11|9|10|8|8|11|7|10|8|9|10|6|10|8|8|8|9|8|8|7|9|8|7|9|7|7|9|5|6|7|8|6|7|5|5|8|6|6|7|4|5|7|5|6|4|4|7|4|6|4|5|6|4|3|5|5|3|5|4|5|4|2|6|3|3|5|4|3|2|3|2|4|3|2|3|1|2|2|1|1|2|0|0|1</HistCounts>
      </HistItem>
    </Histograms>
    <Metadata>
      <MDI key="RepresentationType">ATHEMATIC</MDI>
      <MDI key="STATISTICS_COVARIANCES">7.415682308589512e-05</MDI>
      <MDI key="STATISTICS_EXCLUDEDVALUES"></MDI>
      <MDI key="STATISTICS_MAXIMUM">0.90637427568436</MDI>
      <MDI key="STATISTICS_MEAN">0.88799652159214</MDI>
      <MDI key="STATISTICS_MINIMUM">0.86588007211685</MDI>
      <MDI key="STATISTICS_SKIPFACTORX">1</MDI>
      <MDI key="STATISTICS_SKIPFACTORY">1</MDI>
      <MDI key="STATISTICS_STDDEV">0.0086114355995905</MDI>
    </Metadata>
  </PAMRasterBand>
</PAMDataset>
