<PAMDataset>
  <Metadata>
    <MDI key="DataType">Generic</MDI>
  </Metadata>
  <PAMRasterBand band="1">
    <Histograms>
      <HistItem>
        <HistMin>0.0196008775383234</HistMin>
        <HistMax>6.266348361968994</HistMax>
        <BucketCount>256</BucketCount>
        <IncludeOutOfRange>1</IncludeOutOfRange>
        <Approximate>0</Approximate>
        <HistCounts>9|22|30|38|43|43|46|49|52|52|58|58|67|74|70|87|99|90|54|17|7|0|1|0|0|0|0|0|0|0|1|0|0|1|0|0|0|0|0|0|0|1|0|0|0|0|0|0|0|0|1|0|1|1|0|0|0|0|0|0|0|0|0|0|0|0|0|0|1|0|0|0|0|1|1|0|0|0|5|9|7|6|1|0|0|0|0|0|0|0|0|0|0|1|0|0|0|1|0|0|1|0|0|1|0|0|0|0|0|0|1|0|0|0|0|0|0|0|0|0|0|0|1|0|0|0|0|0|0|1|0|0|0|0|0|0|0|0|0|0|1|3|9|6|8|0|0|1|0|0|0|0|0|0|0|0|0|1|0|0|0|0|0|0|0|0|0|0|0|0|1|0|0|0|0|0|1|0|0|0|0|0|0|0|0|1|0|0|0|0|0|1|0|0|0|0|0|0|0|0|0|0|0|0|5|6|6|9|0|0|0|1|0|1|0|0|0|0|0|0|0|1|0|0|0|0|0|1|0|0|1|0|1|0|0|4|10|18|18|21|20|27|24|24|25|27|22|26|33|24|27|32|22|15|5|1</HistCounts>
      </HistItem>
    </Histograms>
    <Metadata>
      <MDI key="RepresentationType">ATHEMATIC</MDI>
      <MDI key="STATISTICS_COVARIANCES">6.519142117292553</MDI>
      <MDI key="STATISTICS_EXCLUDEDVALUES"></MDI>
      <MDI key="STATISTICS_MAXIMUM">6.266348361969</MDI>
      <MDI key="STATISTICS_MEAN">2.0390713192674</MDI>
      <MDI key="STATISTICS_MINIMUM">0.019600877538323</MDI>
      <MDI key="STATISTICS_SKIPFACTORX">1</MDI>
      <MDI key="STATISTICS_SKIPFACTORY">1</MDI>
      <MDI key="STATISTICS_STDDEV">2.5532610750357</MDI>
    </Metadata>
  </PAMRasterBand>
</PAMDataset>
