<PAMDataset>
  <Metadata>
    <MDI key="DataType">Generic</MDI>
  </Metadata>
  <PAMRasterBand band="1">
    <Histograms>
      <HistItem>
        <HistMin>0.6482787132263184</HistMin>
        <HistMax>0.7868386507034302</HistMax>
        <BucketCount>256</BucketCount>
        <IncludeOutOfRange>1</IncludeOutOfRange>
        <Approximate>0</Approximate>
        <HistCounts>1|0|1|0|0|2|0|0|2|0|1|1|0|3|1|0|4|0|0|3|1|1|4|0|4|1|0|5|0|1|5|0|3|4|1|5|2|2|4|1|2|6|3|3|2|4|2|4|2|3|3|4|4|4|5|1|5|5|3|4|5|3|6|4|5|5|4|6|4|7|6|4|6|5|5|6|4|6|6|8|7|4|9|5|5|6|6|8|8|6|7|7|9|6|7|7|11|5|7|7|6|8|4|8|12|7|7|5|9|7|7|8|8|11|5|7|11|8|8|7|9|6|8|6|8|7|8|10|9|7|9|7|9|8|7|10|10|8|10|10|6|10|6|10|8|6|8|9|11|10|8|9|7|10|11|8|9|8|9|10|7|10|5|11|9|12|8|11|10|8|10|9|11|10|9|11|9|8|11|11|11|11|8|11|10|11|12|9|14|10|10|13|8|10|11|11|11|11|11|9|11|11|9|10|10|10|9|10|7|11|6|12|6|8|9|8|9|8|8|6|7|10|8|6|7|7|6|6|5|6|6|6|5|6|3|6|4|5|5|3|5|2|4|2|3|2|2|3|3|1|3|1|3|1|1|1</HistCounts>
      </HistItem>
    </Histograms>
    <Metadata>
      <MDI key="RepresentationType">ATHEMATIC</MDI>
      <MDI key="STATISTICS_COVARIANCES">0.0009741178857829637</MDI>
      <MDI key="STATISTICS_EXCLUDEDVALUES"></MDI>
      <MDI key="STATISTICS_MAXIMUM">0.78683865070343</MDI>
      <MDI key="STATISTICS_MEAN">0.7281492941454</MDI>
      <MDI key="STATISTICS_MINIMUM">0.64827871322632</MDI>
      <MDI key="STATISTICS_SKIPFACTORX">1</MDI>
      <MDI key="STATISTICS_SKIPFACTORY">1</MDI>
      <MDI key="STATISTICS_STDDEV">0.031210861663577</MDI>
    </Metadata>
  </PAMRasterBand>
</PAMDataset>
