<PAMDataset>
  <PAMRasterBand band="1">
    <Histograms>
      <HistItem>
        <HistMin>4.510834217071533</HistMin>
        <HistMax>5.4923095703125</HistMax>
        <BucketCount>256</BucketCount>
        <IncludeOutOfRange>1</IncludeOutOfRange>
        <Approximate>0</Approximate>
        <HistCounts>3|3|4|7|2|0|4|8|8|9|12|15|14|10|11|8|12|17|17|17|17|20|14|16|9|7|8|13|16|16|16|13|17|13|16|11|7|8|9|8|12|10|12|15|12|10|15|10|10|7|8|7|8|9|10|8|10|9|10|13|8|10|12|8|7|6|9|8|6|5|10|9|6|10|9|8|8|9|9|6|9|9|5|9|5|9|6|6|5|7|6|8|8|7|9|8|8|7|6|6|8|5|9|5|7|8|4|7|6|3|7|8|4|5|5|8|6|6|6|5|4|6|9|3|5|4|6|9|3|5|6|6|5|3|7|6|5|3|6|7|4|4|5|6|5|6|2|4|6|5|6|4|6|1|4|8|4|5|5|4|5|6|4|3|5|4|4|5|4|4|4|6|4|7|4|3|3|2|4|8|5|4|5|3|4|5|3|4|5|4|4|5|2|4|6|4|4|3|3|2|7|4|5|2|4|2|3|5|7|5|3|3|3|3|6|4|6|3|4|5|3|2|4|6|4|3|8|3|3|0|0|0|4|5|7|4|4|2|0|0|0|0|1|4|4|2|1|0|0|0|0|0|0|0|3|1</HistCounts>
      </HistItem>
    </Histograms>
    <Metadata>
      <MDI key="RepresentationType">ATHEMATIC</MDI>
      <MDI key="STATISTICS_COVARIANCES">0.06619011080820915</MDI>
      <MDI key="STATISTICS_EXCLUDEDVALUES"></MDI>
      <MDI key="STATISTICS_MAXIMUM">5.4923095703125</MDI>
      <MDI key="STATISTICS_MEAN">4.8753022542596</MDI>
      <MDI key="STATISTICS_MINIMUM">4.5108342170715</MDI>
      <MDI key="STATISTICS_SKIPFACTORX">1</MDI>
      <MDI key="STATISTICS_SKIPFACTORY">1</MDI>
      <MDI key="STATISTICS_STDDEV">0.25727438816992</MDI>
    </Metadata>
  </PAMRasterBand>
</PAMDataset>
