<PAMDataset>
  <PAMRasterBand band="1">
    <Histograms>
      <HistItem>
        <HistMin>0.6566919684410095</HistMin>
        <HistMax>0.7976285815238953</HistMax>
        <BucketCount>256</BucketCount>
        <IncludeOutOfRange>1</IncludeOutOfRange>
        <Approximate>0</Approximate>
        <HistCounts>1|0|1|0|0|2|0|0|2|0|0|2|0|2|1|0|4|1|1|3|1|1|3|0|2|3|1|2|2|2|3|2|3|2|4|1|3|3|2|4|2|3|4|3|4|3|4|3|5|2|3|5|3|4|4|4|5|4|6|4|6|2|4|6|5|3|4|5|5|5|4|5|4|10|4|4|6|4|6|5|5|5|7|5|5|4|9|6|8|5|6|9|7|7|4|7|9|7|9|9|8|6|8|8|9|8|8|9|6|6|10|8|5|9|7|9|9|7|8|7|7|8|8|10|8|4|12|7|10|7|9|9|4|8|10|10|10|3|10|9|10|9|8|10|8|12|7|11|7|11|7|9|10|10|8|13|9|9|12|10|10|12|8|9|11|9|10|8|13|9|9|11|10|9|13|11|10|9|9|10|13|9|9|13|9|10|13|11|15|8|12|12|8|12|11|11|9|13|8|11|9|10|12|13|8|8|10|7|9|7|7|9|6|10|6|7|6|9|8|6|4|7|7|6|7|4|5|6|5|8|4|4|7|5|4|3|6|4|4|4|3|4|3|2|4|1|4|2|3|1|3|1|1|2|0|1</HistCounts>
      </HistItem>
    </Histograms>
    <Metadata>
      <MDI key="RepresentationType">ATHEMATIC</MDI>
      <MDI key="STATISTICS_COVARIANCES">0.0009821326773854801</MDI>
      <MDI key="STATISTICS_EXCLUDEDVALUES"></MDI>
      <MDI key="STATISTICS_MAXIMUM">0.7976285815239</MDI>
      <MDI key="STATISTICS_MEAN">0.737448146604</MDI>
      <MDI key="STATISTICS_MINIMUM">0.65669196844101</MDI>
      <MDI key="STATISTICS_SKIPFACTORX">1</MDI>
      <MDI key="STATISTICS_SKIPFACTORY">1</MDI>
      <MDI key="STATISTICS_STDDEV">0.031338996113237</MDI>
    </Metadata>
  </PAMRasterBand>
</PAMDataset>
