<PAMDataset>
  <Metadata>
    <MDI key="DataType">Generic</MDI>
  </Metadata>
  <PAMRasterBand band="1">
    <Histograms>
      <HistItem>
        <HistMin>4.244496822357178</HistMin>
        <HistMax>4.393679618835449</HistMax>
        <BucketCount>256</BucketCount>
        <IncludeOutOfRange>1</IncludeOutOfRange>
        <Approximate>0</Approximate>
        <HistCounts>1|1|1|1|4|1|2|2|3|3|1|3|3|3|3|2|3|6|5|5|5|5|4|5|6|3|6|4|6|7|5|6|6|6|5|6|5|7|6|7|9|6|7|7|9|8|8|9|6|8|8|6|13|12|10|11|12|10|12|10|12|11|11|9|11|9|9|14|10|11|12|9|9|13|9|12|10|10|10|10|8|9|11|8|10|8|6|10|8|9|11|8|11|5|10|8|10|11|7|9|11|7|11|8|8|11|7|11|8|10|12|5|11|6|12|7|6|10|6|10|8|10|7|11|9|6|10|7|9|8|11|10|5|10|2|11|4|13|1|14|0|14|0|14|1|14|0|7|7|6|11|4|11|4|8|7|6|9|6|6|7|5|10|4|9|5|6|8|6|9|4|7|8|7|12|5|9|5|7|6|5|6|5|8|2|6|5|4|5|4|4|6|5|5|5|6|8|6|4|5|7|4|7|5|4|5|4|5|1|3|2|3|2|1|2|4|4|3|2|5|4|3|4|4|3|2|5|3|2|5|2|3|4|2|1|2|1|2|0|0|1|1|2|2|3|1|2|2|1|2|1|1|1|0|1|1</HistCounts>
      </HistItem>
    </Histograms>
    <Metadata>
      <MDI key="RepresentationType">ATHEMATIC</MDI>
      <MDI key="STATISTICS_COVARIANCES">0.001193602451675988</MDI>
      <MDI key="STATISTICS_EXCLUDEDVALUES"></MDI>
      <MDI key="STATISTICS_MAXIMUM">4.3936796188354</MDI>
      <MDI key="STATISTICS_MEAN">4.3107112145424</MDI>
      <MDI key="STATISTICS_MINIMUM">4.2444968223572</MDI>
      <MDI key="STATISTICS_SKIPFACTORX">1</MDI>
      <MDI key="STATISTICS_SKIPFACTORY">1</MDI>
      <MDI key="STATISTICS_STDDEV">0.034548552092323</MDI>
    </Metadata>
  </PAMRasterBand>
</PAMDataset>
