<PAMDataset>
  <Metadata>
    <MDI key="DataType">Generic</MDI>
  </Metadata>
  <PAMRasterBand band="1">
    <Histograms>
      <HistItem>
        <HistMin>4.062427520751953</HistMin>
        <HistMax>4.084070682525635</HistMax>
        <BucketCount>256</BucketCount>
        <IncludeOutOfRange>1</IncludeOutOfRange>
        <Approximate>0</Approximate>
        <HistCounts>2|0|1|0|2|1|2|2|2|2|3|2|2|2|3|2|3|0|5|0|4|3|1|9|0|5|6|2|9|3|8|3|7|1|7|6|1|10|0|10|2|1|11|2|12|2|2|11|1|12|3|2|14|2|7|5|2|5|8|6|5|6|1|9|2|6|7|1|11|0|14|1|2|13|5|12|5|3|9|6|2|11|1|10|7|0|19|2|7|11|3|17|1|6|12|3|18|6|13|10|15|5|11|10|12|13|2|20|5|6|16|3|5|17|3|19|2|11|16|3|27|3|12|19|4|25|4|8|15|5|12|12|4|17|10|9|14|7|12|10|5|14|7|8|16|8|16|8|2|13|8|1|19|0|19|1|1|23|0|22|1|0|20|1|19|1|0|19|1|1|23|0|20|5|1|21|0|14|9|0|11|8|8|8|7|8|8|4|8|7|5|6|10|3|4|8|2|15|0|3|14|0|16|1|0|13|0|1|13|0|14|1|0|12|0|10|0|0|9|0|6|3|0|10|1|0|10|1|0|6|1|0|6|0|0|4|1|2|5|0|4|2|0|5|0|0|3|0|0|0|1|0|2|1|0|1</HistCounts>
      </HistItem>
    </Histograms>
    <Metadata>
      <MDI key="RepresentationType">ATHEMATIC</MDI>
      <MDI key="STATISTICS_COVARIANCES">2.313921641833533e-05</MDI>
      <MDI key="STATISTICS_EXCLUDEDVALUES"></MDI>
      <MDI key="STATISTICS_MAXIMUM">4.0840706825256</MDI>
      <MDI key="STATISTICS_MEAN">4.0731501141191</MDI>
      <MDI key="STATISTICS_MINIMUM">4.062427520752</MDI>
      <MDI key="STATISTICS_SKIPFACTORX">1</MDI>
      <MDI key="STATISTICS_SKIPFACTORY">1</MDI>
      <MDI key="STATISTICS_STDDEV">0.0048103239411016</MDI>
    </Metadata>
  </PAMRasterBand>
</PAMDataset>
