<PAMDataset>
  <PAMRasterBand band="1">
    <Histograms>
      <HistItem>
        <HistMin>0.8608337044715881</HistMin>
        <HistMax>0.9020470976829529</HistMax>
        <BucketCount>256</BucketCount>
        <IncludeOutOfRange>1</IncludeOutOfRange>
        <Approximate>0</Approximate>
        <HistCounts>1|0|0|1|1|0|0|1|1|1|0|1|1|1|1|1|2|1|1|1|2|3|1|1|2|2|3|0|3|2|2|1|3|4|2|1|4|3|3|3|2|3|3|2|2|3|6|2|2|5|4|3|4|3|4|5|1|4|5|5|2|5|6|4|2|6|5|4|4|6|5|5|4|5|6|5|4|8|6|3|6|5|6|6|5|5|9|5|5|8|5|6|8|8|5|9|6|7|5|10|8|6|7|11|7|7|10|7|9|8|9|9|11|6|9|12|9|8|10|10|10|11|9|13|7|11|12|13|8|14|11|11|10|10|11|11|13|11|12|13|13|8|12|10|13|12|11|10|12|12|11|8|14|14|7|13|12|10|11|11|9|12|9|10|9|12|9|10|9|14|5|14|11|11|6|10|9|8|8|12|10|7|9|11|10|7|8|10|10|10|10|6|8|11|8|8|8|8|8|8|8|5|7|9|8|9|8|5|8|8|5|6|6|8|5|6|7|6|4|6|9|5|6|5|4|7|4|5|4|4|4|5|3|4|5|5|4|3|4|3|4|3|2|4|1|3|1|3|1|1|2|1|1|2|0|1</HistCounts>
      </HistItem>
    </Histograms>
    <Metadata>
      <MDI key="RepresentationType">ATHEMATIC</MDI>
      <MDI key="STATISTICS_COVARIANCES">7.632132182806366e-05</MDI>
      <MDI key="STATISTICS_EXCLUDEDVALUES"></MDI>
      <MDI key="STATISTICS_MAXIMUM">0.90204709768295</MDI>
      <MDI key="STATISTICS_MEAN">0.8838985895738</MDI>
      <MDI key="STATISTICS_MINIMUM">0.86083370447159</MDI>
      <MDI key="STATISTICS_SKIPFACTORX">1</MDI>
      <MDI key="STATISTICS_SKIPFACTORY">1</MDI>
      <MDI key="STATISTICS_STDDEV">0.0087362075197458</MDI>
    </Metadata>
  </PAMRasterBand>
</PAMDataset>
