<PAMDataset>
  <Metadata>
    <MDI key="DataType">Generic</MDI>
  </Metadata>
  <PAMRasterBand band="1">
    <Histograms>
      <HistItem>
        <HistMin>1.042725682258606</HistMin>
        <HistMax>1.057289838790894</HistMax>
        <BucketCount>256</BucketCount>
        <IncludeOutOfRange>1</IncludeOutOfRange>
        <Approximate>0</Approximate>
        <HistCounts>1|0|1|1|1|0|1|1|1|1|2|1|1|1|2|2|2|2|2|3|2|2|3|0|4|3|4|1|3|3|4|5|3|3|2|7|3|2|6|2|4|4|5|4|5|4|7|4|6|9|4|8|3|9|5|7|4|6|5|8|5|11|7|5|8|6|4|12|7|6|6|8|4|12|7|10|6|10|6|12|7|9|8|7|12|7|8|11|8|9|11|9|8|15|5|11|9|10|9|7|15|4|13|13|7|10|12|11|9|16|8|10|8|15|9|11|13|9|11|15|11|7|17|10|9|9|15|9|11|12|8|15|8|13|10|11|9|10|8|10|11|8|12|7|8|11|6|12|8|12|8|8|12|7|8|12|9|7|14|8|7|14|8|9|15|7|7|8|12|9|9|12|7|6|12|8|7|9|5|5|5|9|6|6|3|6|7|6|4|7|3|6|6|4|7|5|5|6|4|7|6|5|4|6|4|7|7|4|3|5|7|5|5|6|4|4|5|3|1|5|3|2|2|4|3|1|4|3|2|2|2|3|3|2|1|3|0|3|1|2|2|2|2|1|3|1|2|1|1|3|0|1|0|0|0|1</HistCounts>
      </HistItem>
    </Histograms>
    <Metadata>
      <MDI key="RepresentationType">ATHEMATIC</MDI>
      <MDI key="STATISTICS_COVARIANCES">9.521291085974347e-06</MDI>
      <MDI key="STATISTICS_EXCLUDEDVALUES"></MDI>
      <MDI key="STATISTICS_MAXIMUM">1.0572898387909</MDI>
      <MDI key="STATISTICS_MEAN">1.0499102146178</MDI>
      <MDI key="STATISTICS_MINIMUM">1.0427256822586</MDI>
      <MDI key="STATISTICS_SKIPFACTORX">1</MDI>
      <MDI key="STATISTICS_SKIPFACTORY">1</MDI>
      <MDI key="STATISTICS_STDDEV">0.0030856589386992</MDI>
    </Metadata>
  </PAMRasterBand>
</PAMDataset>
