<PAMDataset>
  <PAMRasterBand band="1">
    <Histograms>
      <HistItem>
        <HistMin>0.6930367946624756</HistMin>
        <HistMax>0.810687243938446</HistMax>
        <BucketCount>256</BucketCount>
        <IncludeOutOfRange>1</IncludeOutOfRange>
        <Approximate>0</Approximate>
        <HistCounts>1|0|1|0|0|1|0|0|1|1|0|1|1|0|2|1|0|2|2|3|2|1|3|0|2|2|1|2|3|1|2|2|1|4|2|4|2|3|3|2|3|4|1|4|4|3|3|3|4|2|5|6|5|2|5|4|5|2|4|6|3|4|6|3|5|6|3|4|6|4|6|5|3|7|6|4|7|6|4|6|7|5|6|6|5|8|5|9|6|6|5|9|6|5|9|7|10|6|4|12|6|8|7|9|10|7|9|7|9|9|6|11|6|10|9|9|7|9|7|9|10|9|9|7|9|11|11|8|9|8|10|12|8|10|10|9|9|7|10|8|12|10|8|12|8|8|10|10|9|10|13|8|7|12|12|7|9|13|8|12|9|9|11|8|12|9|9|13|8|13|11|11|14|7|14|10|11|11|8|15|10|8|11|12|12|12|12|10|10|10|11|8|13|8|10|12|6|11|9|8|9|8|9|8|8|9|7|8|9|5|8|7|7|7|5|7|5|7|6|6|7|6|8|4|4|7|4|7|3|6|4|4|7|3|5|5|2|5|1|4|2|4|2|3|3|1|4|0|5|0|2|0|1|1|0|1</HistCounts>
      </HistItem>
    </Histograms>
    <Metadata>
      <MDI key="RepresentationType">ATHEMATIC</MDI>
      <MDI key="STATISTICS_COVARIANCES">0.0006467041452092638</MDI>
      <MDI key="STATISTICS_EXCLUDEDVALUES"></MDI>
      <MDI key="STATISTICS_MAXIMUM">0.81068724393845</MDI>
      <MDI key="STATISTICS_MEAN">0.75949950180948</MDI>
      <MDI key="STATISTICS_MINIMUM">0.69303679466248</MDI>
      <MDI key="STATISTICS_SKIPFACTORX">1</MDI>
      <MDI key="STATISTICS_SKIPFACTORY">1</MDI>
      <MDI key="STATISTICS_STDDEV">0.025430378392963</MDI>
    </Metadata>
  </PAMRasterBand>
</PAMDataset>
