<PAMDataset>
  <Metadata>
    <MDI key="DataType">Generic</MDI>
  </Metadata>
  <PAMRasterBand band="1">
    <Histograms>
      <HistItem>
        <HistMin>4.084844589233398</HistMin>
        <HistMax>4.110953330993652</HistMax>
        <BucketCount>256</BucketCount>
        <IncludeOutOfRange>1</IncludeOutOfRange>
        <Approximate>0</Approximate>
        <HistCounts>1|0|2|1|2|1|2|3|0|3|1|2|2|0|3|1|5|1|1|7|1|1|7|2|6|4|2|5|4|6|5|2|3|4|7|2|2|6|4|3|4|2|3|5|2|6|3|6|4|4|4|5|6|7|3|4|11|2|9|4|2|11|3|9|2|3|12|4|12|2|4|11|6|5|13|6|6|13|5|6|12|8|9|5|9|11|10|12|4|7|12|12|6|7|9|7|8|14|3|16|9|7|13|10|20|7|6|19|8|20|7|7|18|7|17|9|7|17|6|5|20|7|19|6|4|21|8|15|12|5|19|11|17|5|8|18|5|6|16|7|16|3|6|16|4|16|6|3|19|4|4|21|2|10|18|4|12|12|6|19|2|6|18|2|4|19|3|15|4|4|13|5|5|10|5|6|11|5|6|10|9|8|5|9|9|1|9|10|0|13|5|1|14|2|2|13|1|3|10|0|3|12|0|3|11|0|3|10|1|3|10|1|1|8|1|0|10|1|2|8|0|2|8|0|1|7|0|0|7|0|0|9|0|0|7|0|0|4|0|1|3|0|0|3|0|0|4|0|0|3|0|0|2|0|0|1</HistCounts>
      </HistItem>
    </Histograms>
    <Metadata>
      <MDI key="RepresentationType">ATHEMATIC</MDI>
      <MDI key="STATISTICS_COVARIANCES">3.086391387709011e-05</MDI>
      <MDI key="STATISTICS_EXCLUDEDVALUES"></MDI>
      <MDI key="STATISTICS_MAXIMUM">4.1109533309937</MDI>
      <MDI key="STATISTICS_MEAN">4.0976200461388</MDI>
      <MDI key="STATISTICS_MINIMUM">4.0848445892334</MDI>
      <MDI key="STATISTICS_SKIPFACTORX">1</MDI>
      <MDI key="STATISTICS_SKIPFACTORY">1</MDI>
      <MDI key="STATISTICS_STDDEV">0.0055555300266572</MDI>
    </Metadata>
  </PAMRasterBand>
</PAMDataset>
