<PAMDataset>
  <Metadata>
    <MDI key="DataType">Generic</MDI>
  </Metadata>
  <PAMRasterBand band="1">
    <Histograms>
      <HistItem>
        <HistMin>0.7780791521072388</HistMin>
        <HistMax>0.8485784530639648</HistMax>
        <BucketCount>256</BucketCount>
        <IncludeOutOfRange>1</IncludeOutOfRange>
        <Approximate>0</Approximate>
        <HistCounts>1|0|0|1|1|0|0|1|1|0|2|1|0|1|1|1|1|1|2|1|1|3|1|2|2|2|4|1|3|2|3|1|3|4|2|2|4|4|2|3|5|3|4|4|5|4|5|4|6|5|5|3|5|6|4|4|3|4|5|4|5|7|5|4|5|6|6|3|6|9|5|6|6|10|4|7|5|9|2|6|9|6|5|5|10|6|4|8|9|5|8|10|9|7|8|11|5|11|8|9|6|9|10|8|8|10|9|6|9|11|8|7|10|11|6|8|10|11|9|6|12|8|11|9|9|10|6|10|11|7|5|14|11|4|14|10|9|9|14|9|8|8|15|1|11|20|1|11|9|10|10|9|12|10|3|20|7|6|17|8|4|19|10|1|16|14|1|11|21|3|9|20|5|8|19|5|10|18|5|8|17|7|8|14|9|6|14|10|8|12|8|9|10|7|11|11|5|10|10|5|12|7|4|9|7|6|8|8|6|4|9|6|5|7|4|7|5|6|6|4|4|4|4|5|4|4|5|4|5|4|3|4|3|2|3|3|1|3|3|1|3|2|1|2|2|1|2|2|0|2|1|0|2|0|0|1</HistCounts>
      </HistItem>
    </Histograms>
    <Metadata>
      <MDI key="RepresentationType">ATHEMATIC</MDI>
      <MDI key="STATISTICS_COVARIANCES">0.000228885827994972</MDI>
      <MDI key="STATISTICS_EXCLUDEDVALUES"></MDI>
      <MDI key="STATISTICS_MAXIMUM">0.84857845306396</MDI>
      <MDI key="STATISTICS_MEAN">0.81626453187317</MDI>
      <MDI key="STATISTICS_MINIMUM">0.77807915210724</MDI>
      <MDI key="STATISTICS_SKIPFACTORX">1</MDI>
      <MDI key="STATISTICS_SKIPFACTORY">1</MDI>
      <MDI key="STATISTICS_STDDEV">0.015128973130883</MDI>
    </Metadata>
  </PAMRasterBand>
</PAMDataset>
