<PAMDataset>
  <PAMRasterBand band="1">
    <Histograms>
      <HistItem>
        <HistMin>4.271974086761475</HistMin>
        <HistMax>4.448775768280029</HistMax>
        <BucketCount>256</BucketCount>
        <IncludeOutOfRange>1</IncludeOutOfRange>
        <Approximate>0</Approximate>
        <HistCounts>1|1|1|2|2|1|1|2|1|2|1|4|3|4|5|3|4|4|4|4|6|4|3|3|5|4|6|4|6|4|9|4|8|7|6|9|9|6|11|10|7|12|10|9|10|8|11|13|11|14|11|14|10|11|6|13|8|11|9|12|11|13|9|11|11|8|13|9|7|7|7|10|10|8|12|13|8|17|3|14|8|5|12|0|12|3|8|11|5|16|7|13|7|13|5|18|5|10|5|9|6|8|5|11|5|10|8|9|10|12|9|9|10|9|9|10|4|9|4|2|10|5|7|5|9|10|6|8|11|11|8|8|10|6|9|6|7|6|5|4|4|7|7|6|5|6|9|8|6|8|10|7|9|7|6|8|5|7|4|7|5|5|7|6|4|4|5|6|5|8|7|8|9|9|7|6|8|7|5|5|5|5|7|5|9|7|6|7|5|4|5|3|4|3|5|7|7|7|8|5|6|5|5|5|3|3|3|3|3|6|6|4|6|4|5|5|5|3|3|2|3|2|2|5|4|4|4|3|4|2|3|1|2|2|1|1|2|4|1|3|2|2|2|1|3|1|2|0|2|0|2|0|1|0|0|1</HistCounts>
      </HistItem>
    </Histograms>
    <Metadata>
      <MDI key="RepresentationType">ATHEMATIC</MDI>
      <MDI key="STATISTICS_COVARIANCES">0.00175149405662762</MDI>
      <MDI key="STATISTICS_EXCLUDEDVALUES"></MDI>
      <MDI key="STATISTICS_MAXIMUM">4.44877576828</MDI>
      <MDI key="STATISTICS_MEAN">4.349917268157</MDI>
      <MDI key="STATISTICS_MINIMUM">4.2719740867615</MDI>
      <MDI key="STATISTICS_SKIPFACTORX">1</MDI>
      <MDI key="STATISTICS_SKIPFACTORY">1</MDI>
      <MDI key="STATISTICS_STDDEV">0.041850854909161</MDI>
    </Metadata>
  </PAMRasterBand>
</PAMDataset>
