<PAMDataset>
  <Metadata>
    <MDI key="DataType">Generic</MDI>
  </Metadata>
  <PAMRasterBand band="1">
    <Histograms>
      <HistItem>
        <HistMin>1.030766248703003</HistMin>
        <HistMax>1.044976472854614</HistMax>
        <BucketCount>256</BucketCount>
        <IncludeOutOfRange>1</IncludeOutOfRange>
        <Approximate>0</Approximate>
        <HistCounts>1|0|2|0|3|1|0|2|0|3|0|4|0|1|2|1|2|4|1|2|2|3|2|2|2|2|4|1|6|2|1|5|3|5|4|5|4|3|4|6|5|2|4|6|5|6|5|8|4|6|9|6|6|6|10|4|8|6|7|8|9|8|6|8|7|10|7|9|8|7|9|7|12|4|8|9|6|12|8|12|6|9|11|7|14|5|12|9|5|11|7|13|9|10|9|8|14|8|10|13|11|9|10|12|8|12|10|5|18|12|8|13|6|12|11|11|14|9|14|8|13|14|12|13|12|13|13|8|12|13|14|7|11|15|6|14|9|11|10|9|10|12|10|6|12|7|9|13|8|9|10|14|7|6|11|11|11|7|11|6|7|8|9|8|8|9|9|3|7|10|7|9|6|11|5|7|9|4|8|7|7|6|6|5|4|5|6|6|5|2|5|6|5|6|5|5|3|4|5|4|5|4|7|2|4|3|6|5|4|6|4|4|6|2|6|2|4|4|4|4|3|5|2|5|4|0|4|3|2|3|2|0|1|3|1|2|1|1|2|1|3|0|1|2|1|1|0|1|1|0|1|1|1|0|0|1</HistCounts>
      </HistItem>
    </Histograms>
    <Metadata>
      <MDI key="RepresentationType">ATHEMATIC</MDI>
      <MDI key="STATISTICS_COVARIANCES">8.851631873968219e-06</MDI>
      <MDI key="STATISTICS_EXCLUDEDVALUES"></MDI>
      <MDI key="STATISTICS_MAXIMUM">1.0449764728546</MDI>
      <MDI key="STATISTICS_MEAN">1.0375693434477</MDI>
      <MDI key="STATISTICS_MINIMUM">1.030766248703</MDI>
      <MDI key="STATISTICS_SKIPFACTORX">1</MDI>
      <MDI key="STATISTICS_SKIPFACTORY">1</MDI>
      <MDI key="STATISTICS_STDDEV">0.0029751692177031</MDI>
    </Metadata>
  </PAMRasterBand>
</PAMDataset>
