<PAMDataset>
  <Metadata>
    <MDI key="DataType">Generic</MDI>
  </Metadata>
  <PAMRasterBand band="1">
    <Histograms>
      <HistItem>
        <HistMin>4.313037395477295</HistMin>
        <HistMax>4.636909008026123</HistMax>
        <BucketCount>256</BucketCount>
        <IncludeOutOfRange>1</IncludeOutOfRange>
        <Approximate>0</Approximate>
        <HistCounts>2|0|0|2|2|3|3|4|4|6|4|4|3|2|5|3|6|7|8|8|10|7|7|7|4|5|9|7|9|11|9|12|10|9|10|8|11|8|15|10|9|11|15|18|15|14|11|9|12|13|10|10|11|12|11|16|15|13|15|10|9|8|7|7|8|9|11|10|14|14|13|11|15|10|11|8|5|2|4|7|8|10|10|12|11|11|11|12|9|12|12|9|5|1|1|3|9|11|12|10|12|10|11|9|11|12|9|11|10|7|4|4|1|0|6|11|11|8|6|12|14|2|10|14|7|7|12|5|9|10|0|4|0|5|2|7|4|7|9|10|7|7|8|8|8|8|8|5|9|7|5|5|5|2|5|3|4|4|4|5|4|6|7|8|6|7|6|8|7|7|8|5|8|4|5|6|5|4|5|4|3|4|3|7|3|4|6|4|4|7|4|6|5|5|6|4|4|8|4|4|3|4|3|4|4|1|2|3|2|1|2|3|0|4|4|2|5|1|4|3|2|4|1|4|1|3|4|0|3|1|2|1|1|1|0|0|0|1|1|0|2|0|2|0|2|1|1|1|1|1|0|1|0|1|0|1</HistCounts>
      </HistItem>
    </Histograms>
    <Metadata>
      <MDI key="RepresentationType">ATHEMATIC</MDI>
      <MDI key="STATISTICS_COVARIANCES">0.005550573617176697</MDI>
      <MDI key="STATISTICS_EXCLUDEDVALUES"></MDI>
      <MDI key="STATISTICS_MAXIMUM">4.6369090080261</MDI>
      <MDI key="STATISTICS_MEAN">4.4409229162335</MDI>
      <MDI key="STATISTICS_MINIMUM">4.3130373954773</MDI>
      <MDI key="STATISTICS_SKIPFACTORX">1</MDI>
      <MDI key="STATISTICS_SKIPFACTORY">1</MDI>
      <MDI key="STATISTICS_STDDEV">0.074502171895702</MDI>
    </Metadata>
  </PAMRasterBand>
</PAMDataset>
