<PAMDataset>
  <Metadata>
    <MDI key="DataType">Generic</MDI>
  </Metadata>
  <PAMRasterBand band="1">
    <Histograms>
      <HistItem>
        <HistMin>0.9007897973060608</HistMin>
        <HistMax>0.9323840141296387</HistMax>
        <BucketCount>256</BucketCount>
        <IncludeOutOfRange>1</IncludeOutOfRange>
        <Approximate>0</Approximate>
        <HistCounts>1|0|1|0|1|0|1|0|2|0|1|1|2|0|2|1|3|1|2|0|4|1|3|1|2|2|2|2|4|2|2|3|3|3|2|4|4|0|4|5|5|0|4|5|1|4|5|4|2|5|4|4|3|6|6|6|4|3|7|6|5|4|5|6|6|5|6|8|3|6|6|7|5|5|8|6|7|7|6|7|7|8|5|7|7|10|5|9|7|8|8|11|7|7|8|9|10|9|8|8|11|7|9|11|11|7|10|10|10|11|8|13|12|7|11|9|12|11|13|9|11|11|11|12|12|9|10|14|12|14|8|12|14|11|11|11|9|16|13|9|11|13|10|10|13|13|11|9|13|9|9|11|11|13|7|10|12|13|7|11|12|6|12|10|13|9|7|12|11|9|6|10|9|9|7|11|9|10|6|13|6|9|8|10|6|8|7|8|9|6|9|6|8|5|7|8|8|5|7|7|8|2|9|6|6|4|8|6|3|6|4|8|2|5|8|5|3|5|4|4|3|6|6|1|6|5|2|2|3|4|3|2|3|3|1|2|4|2|0|2|3|1|1|1|2|1|1|2|1|0|1|1|0|0|0|1</HistCounts>
      </HistItem>
    </Histograms>
    <Metadata>
      <MDI key="RepresentationType">ATHEMATIC</MDI>
      <MDI key="STATISTICS_COVARIANCES">4.278426621662826e-05</MDI>
      <MDI key="STATISTICS_EXCLUDEDVALUES"></MDI>
      <MDI key="STATISTICS_MAXIMUM">0.93238401412964</MDI>
      <MDI key="STATISTICS_MEAN">0.91731927167624</MDI>
      <MDI key="STATISTICS_MINIMUM">0.90078979730606</MDI>
      <MDI key="STATISTICS_SKIPFACTORX">1</MDI>
      <MDI key="STATISTICS_SKIPFACTORY">1</MDI>
      <MDI key="STATISTICS_STDDEV">0.0065409682935043</MDI>
    </Metadata>
  </PAMRasterBand>
</PAMDataset>
