<PAMDataset>
  <Metadata>
    <MDI key="DataType">Generic</MDI>
  </Metadata>
  <PAMRasterBand band="1">
    <Histograms>
      <HistItem>
        <HistMin>0.9788044691085815</HistMin>
        <HistMax>0.9964271783828735</HistMax>
        <BucketCount>256</BucketCount>
        <IncludeOutOfRange>1</IncludeOutOfRange>
        <Approximate>0</Approximate>
        <HistCounts>1|0|1|0|1|2|0|2|0|2|1|1|2|1|0|2|1|3|1|0|2|1|3|2|0|2|2|2|2|0|5|2|3|3|2|2|3|4|2|3|4|3|4|3|4|3|4|4|3|2|6|3|3|8|1|5|3|3|7|3|6|4|3|8|4|5|5|3|7|4|5|5|4|7|5|8|5|4|8|4|9|4|7|8|4|9|5|5|13|2|9|9|5|11|7|7|8|7|9|8|7|10|9|10|7|5|12|8|9|7|5|17|9|11|7|6|17|7|15|9|5|18|5|15|8|6|19|6|21|3|8|20|4|17|9|7|21|4|10|18|11|14|9|11|16|8|15|11|13|15|8|13|11|8|15|10|13|12|5|16|10|12|10|5|18|8|13|8|7|15|5|15|11|5|18|6|17|7|6|14|4|13|5|12|11|8|11|4|9|11|4|8|7|8|6|6|9|7|8|5|8|4|10|7|6|7|2|12|4|6|6|3|8|4|7|5|4|6|3|7|3|5|3|3|5|6|4|3|5|1|5|3|4|1|2|4|2|3|0|1|3|2|1|1|0|2|1|0|1|1|1|0|1|0|0|1</HistCounts>
      </HistItem>
    </Histograms>
    <Metadata>
      <MDI key="RepresentationType">ATHEMATIC</MDI>
      <MDI key="STATISTICS_COVARIANCES">1.3157821147181e-05</MDI>
      <MDI key="STATISTICS_EXCLUDEDVALUES"></MDI>
      <MDI key="STATISTICS_MAXIMUM">0.99642717838287</MDI>
      <MDI key="STATISTICS_MEAN">0.98827093776316</MDI>
      <MDI key="STATISTICS_MINIMUM">0.97880446910858</MDI>
      <MDI key="STATISTICS_SKIPFACTORX">1</MDI>
      <MDI key="STATISTICS_SKIPFACTORY">1</MDI>
      <MDI key="STATISTICS_STDDEV">0.0036273711069011</MDI>
    </Metadata>
  </PAMRasterBand>
</PAMDataset>
