<PAMDataset>
  <Metadata>
    <MDI key="DataType">Generic</MDI>
  </Metadata>
  <PAMRasterBand band="1">
    <Histograms>
      <HistItem>
        <HistMin>0.7757216095924377</HistMin>
        <HistMax>0.8478327989578247</HistMax>
        <BucketCount>256</BucketCount>
        <IncludeOutOfRange>1</IncludeOutOfRange>
        <Approximate>0</Approximate>
        <HistCounts>1|0|0|1|1|0|0|2|2|0|1|1|2|0|2|1|1|2|1|2|2|3|1|2|1|3|2|1|3|3|2|1|3|3|2|3|2|4|2|3|3|3|4|1|5|5|3|3|4|5|2|4|5|4|2|4|4|4|3|6|5|3|4|6|5|4|5|5|6|3|7|7|7|3|6|8|2|8|4|10|5|6|9|4|6|7|9|5|8|9|9|6|8|8|7|6|7|10|8|6|10|10|7|6|11|7|5|10|11|7|5|12|13|8|8|13|6|8|9|12|7|8|15|4|8|11|11|8|6|15|6|7|15|11|11|3|14|11|2|18|11|4|12|16|3|5|21|3|0|28|1|1|32|1|1|30|1|1|23|6|0|21|11|1|21|9|1|21|8|8|18|9|7|13|11|8|15|8|10|12|9|11|10|9|8|10|11|6|10|10|10|10|11|6|10|7|9|9|7|8|10|5|8|8|6|7|6|8|9|6|5|7|8|6|7|6|6|8|5|3|9|5|3|8|5|4|4|6|4|5|5|4|6|3|4|4|2|4|3|2|4|2|3|2|2|1|1|2|1|2|0|0|2|0|0|1</HistCounts>
      </HistItem>
    </Histograms>
    <Metadata>
      <MDI key="RepresentationType">ATHEMATIC</MDI>
      <MDI key="STATISTICS_COVARIANCES">0.0002417003235273396</MDI>
      <MDI key="STATISTICS_EXCLUDEDVALUES"></MDI>
      <MDI key="STATISTICS_MAXIMUM">0.84783279895782</MDI>
      <MDI key="STATISTICS_MEAN">0.81553693078458</MDI>
      <MDI key="STATISTICS_MINIMUM">0.77572160959244</MDI>
      <MDI key="STATISTICS_SKIPFACTORX">1</MDI>
      <MDI key="STATISTICS_SKIPFACTORY">1</MDI>
      <MDI key="STATISTICS_STDDEV">0.015546714235726</MDI>
    </Metadata>
  </PAMRasterBand>
</PAMDataset>
