<PAMDataset>
  <PAMRasterBand band="1">
    <Histograms>
      <HistItem>
        <HistMin>0.09409822523593903</HistMin>
        <HistMax>0.6297985315322876</HistMax>
        <BucketCount>256</BucketCount>
        <IncludeOutOfRange>1</IncludeOutOfRange>
        <Approximate>0</Approximate>
        <HistCounts>1|1|1|1|1|1|0|2|2|2|2|3|2|2|2|3|3|3|2|0|2|2|1|2|3|5|3|2|4|1|2|2|1|3|2|2|3|1|3|4|3|5|3|3|4|2|2|4|3|2|2|5|5|5|4|7|4|6|2|5|4|3|4|4|4|7|5|6|6|3|4|4|6|5|3|5|5|6|6|5|4|3|5|4|3|7|6|4|4|5|5|5|6|5|5|2|8|7|6|5|6|4|5|4|6|6|5|7|7|6|5|4|4|7|6|5|8|7|6|5|4|5|6|5|9|5|6|7|6|6|6|4|8|7|8|7|7|7|4|6|8|9|10|5|4|6|7|7|7|9|6|8|6|7|8|7|9|8|9|7|8|9|7|9|7|7|7|10|8|6|7|9|9|8|10|12|8|7|8|12|9|8|8|10|10|10|7|11|9|8|12|11|10|11|10|9|12|10|8|12|13|11|13|10|9|13|10|10|11|12|11|12|10|14|12|12|12|13|11|12|13|14|13|15|14|14|11|11|10|11|11|10|10|8|9|6|10|7|6|4|7|5|6|5|4|6|6|7|4|4|2|2|2|2|1|1</HistCounts>
      </HistItem>
    </Histograms>
    <Metadata>
      <MDI key="RepresentationType">ATHEMATIC</MDI>
      <MDI key="STATISTICS_COVARIANCES">0.01752885362223359</MDI>
      <MDI key="STATISTICS_EXCLUDEDVALUES"></MDI>
      <MDI key="STATISTICS_MAXIMUM">0.62979853153229</MDI>
      <MDI key="STATISTICS_MEAN">0.42139755775686</MDI>
      <MDI key="STATISTICS_MINIMUM">0.094098225235939</MDI>
      <MDI key="STATISTICS_SKIPFACTORX">1</MDI>
      <MDI key="STATISTICS_SKIPFACTORY">1</MDI>
      <MDI key="STATISTICS_STDDEV">0.13239657707899</MDI>
    </Metadata>
  </PAMRasterBand>
</PAMDataset>
