<PAMDataset>
  <Metadata>
    <MDI key="DataType">Generic</MDI>
  </Metadata>
  <PAMRasterBand band="1">
    <Histograms>
      <HistItem>
        <HistMin>0.8955549597740173</HistMin>
        <HistMax>0.9283193945884705</HistMax>
        <BucketCount>256</BucketCount>
        <IncludeOutOfRange>1</IncludeOutOfRange>
        <Approximate>0</Approximate>
        <HistCounts>1|0|1|0|1|0|1|0|2|0|2|1|2|0|2|1|3|1|1|3|2|1|3|2|3|3|1|2|4|2|2|3|4|3|2|3|6|0|4|4|5|1|4|4|6|1|5|4|5|2|5|4|7|2|6|5|2|7|6|6|2|6|9|6|1|8|7|8|0|8|7|7|3|7|7|10|4|10|6|8|7|6|6|10|5|10|5|8|11|8|6|7|11|10|6|8|8|8|11|7|13|7|10|9|9|11|9|11|8|8|13|10|12|8|8|14|11|8|10|10|13|9|11|13|13|13|12|12|13|15|10|9|11|16|11|9|13|16|11|12|11|15|12|10|10|14|12|9|11|13|9|9|12|12|8|9|14|11|8|10|10|12|6|13|9|11|5|11|11|8|7|9|10|9|7|10|7|8|5|12|7|9|7|9|8|6|6|7|7|8|6|8|8|5|6|6|8|4|8|5|8|2|7|9|4|3|7|6|3|5|5|8|1|6|6|4|4|5|5|2|4|4|6|1|4|5|3|3|4|3|1|4|4|2|1|4|3|2|2|2|2|1|1|2|1|1|1|2|1|0|1|1|0|0|0|1</HistCounts>
      </HistItem>
    </Histograms>
    <Metadata>
      <MDI key="RepresentationType">ATHEMATIC</MDI>
      <MDI key="STATISTICS_COVARIANCES">4.622079173937303e-05</MDI>
      <MDI key="STATISTICS_EXCLUDEDVALUES"></MDI>
      <MDI key="STATISTICS_MAXIMUM">0.92831939458847</MDI>
      <MDI key="STATISTICS_MEAN">0.91250420816243</MDI>
      <MDI key="STATISTICS_MINIMUM">0.89555495977402</MDI>
      <MDI key="STATISTICS_SKIPFACTORX">1</MDI>
      <MDI key="STATISTICS_SKIPFACTORY">1</MDI>
      <MDI key="STATISTICS_STDDEV">0.0067985874811885</MDI>
    </Metadata>
  </PAMRasterBand>
</PAMDataset>
