<PAMDataset>
  <Metadata>
    <MDI key="DataType">Generic</MDI>
  </Metadata>
  <PAMRasterBand band="1">
    <Histograms>
      <HistItem>
        <HistMin>0.743100643157959</HistMin>
        <HistMax>0.8355516791343689</HistMax>
        <BucketCount>256</BucketCount>
        <IncludeOutOfRange>1</IncludeOutOfRange>
        <Approximate>0</Approximate>
        <HistCounts>1|0|0|1|0|0|1|0|0|2|0|0|2|1|0|1|2|0|2|2|1|3|2|1|1|2|4|1|2|2|3|2|1|3|3|2|3|1|3|4|1|2|3|4|2|2|4|5|2|3|4|4|3|5|3|4|4|4|3|5|4|4|4|4|3|4|4|6|4|5|6|3|6|6|7|5|7|4|6|8|2|6|9|2|5|9|5|5|9|5|5|10|5|8|8|9|4|13|6|4|14|7|5|9|9|6|7|8|9|11|6|10|10|8|11|9|12|8|10|10|10|8|8|9|7|9|9|8|10|8|11|10|7|11|9|11|11|11|8|13|8|7|14|10|6|10|13|6|10|11|11|9|10|10|12|14|12|12|12|9|11|9|14|10|8|11|11|9|12|9|12|14|11|11|13|11|11|10|8|10|12|7|10|14|7|10|10|8|12|6|15|8|12|13|1|15|6|4|17|1|13|6|0|20|0|6|15|2|21|1|1|17|0|14|3|2|13|0|12|3|3|12|0|12|6|2|10|0|8|3|5|5|1|6|2|5|3|2|6|1|5|1|2|3|0|4|1|2|2|1|2|1|2|0|1|1</HistCounts>
      </HistItem>
    </Histograms>
    <Metadata>
      <MDI key="RepresentationType">ATHEMATIC</MDI>
      <MDI key="STATISTICS_COVARIANCES">0.000387721232968885</MDI>
      <MDI key="STATISTICS_EXCLUDEDVALUES"></MDI>
      <MDI key="STATISTICS_MAXIMUM">0.83555167913437</MDI>
      <MDI key="STATISTICS_MEAN">0.79528927583247</MDI>
      <MDI key="STATISTICS_MINIMUM">0.74310064315796</MDI>
      <MDI key="STATISTICS_SKIPFACTORX">1</MDI>
      <MDI key="STATISTICS_SKIPFACTORY">1</MDI>
      <MDI key="STATISTICS_STDDEV">0.019690638206236</MDI>
    </Metadata>
  </PAMRasterBand>
</PAMDataset>
