<PAMDataset>
  <Metadata>
    <MDI key="DataType">Generic</MDI>
  </Metadata>
  <PAMRasterBand band="1">
    <Histograms>
      <HistItem>
        <HistMin>4.107797145843506</HistMin>
        <HistMax>4.143009185791016</HistMax>
        <BucketCount>256</BucketCount>
        <IncludeOutOfRange>1</IncludeOutOfRange>
        <Approximate>0</Approximate>
        <HistCounts>1|0|2|0|0|1|2|0|1|4|0|4|2|4|3|0|5|1|4|3|4|3|2|5|2|3|3|3|6|3|4|8|1|6|7|5|6|5|4|6|5|7|6|5|5|8|7|7|4|5|9|6|2|12|5|13|4|3|13|4|12|6|4|11|6|13|6|5|11|9|10|5|5|8|8|8|3|9|8|9|9|3|10|7|9|10|3|14|7|13|12|1|14|12|11|7|6|12|10|12|6|11|12|10|13|8|6|16|9|13|9|10|15|8|24|2|11|20|6|8|17|7|16|7|10|16|8|22|7|5|17|7|15|7|5|21|2|19|9|0|18|7|11|7|9|13|3|10|10|3|15|9|9|10|5|12|10|2|9|11|1|20|0|2|20|0|4|15|1|3|13|2|16|0|2|16|1|3|14|1|5|11|0|3|11|1|2|13|0|14|1|2|13|0|2|15|0|2|13|0|1|14|0|2|12|1|1|12|1|7|4|2|7|3|1|5|4|0|7|2|0|5|4|0|6|4|1|3|3|1|5|3|1|4|3|0|4|1|0|3|1|0|1|2|0|1|2|0|2|1|0|1|1|0|0|1</HistCounts>
      </HistItem>
    </Histograms>
    <Metadata>
      <MDI key="RepresentationType">ATHEMATIC</MDI>
      <MDI key="STATISTICS_COVARIANCES">5.837133188561604e-05</MDI>
      <MDI key="STATISTICS_EXCLUDEDVALUES"></MDI>
      <MDI key="STATISTICS_MAXIMUM">4.143009185791</MDI>
      <MDI key="STATISTICS_MEAN">4.1244140949845</MDI>
      <MDI key="STATISTICS_MINIMUM">4.1077971458435</MDI>
      <MDI key="STATISTICS_SKIPFACTORX">1</MDI>
      <MDI key="STATISTICS_SKIPFACTORY">1</MDI>
      <MDI key="STATISTICS_STDDEV">0.0076401133424587</MDI>
    </Metadata>
  </PAMRasterBand>
</PAMDataset>
