<PAMDataset>
  <Metadata>
    <MDI key="DataType">Generic</MDI>
  </Metadata>
  <PAMRasterBand band="1">
    <Histograms>
      <HistItem>
        <HistMin>4.210450649261475</HistMin>
        <HistMax>4.312703132629395</HistMax>
        <BucketCount>256</BucketCount>
        <IncludeOutOfRange>1</IncludeOutOfRange>
        <Approximate>0</Approximate>
        <HistCounts>2|1|2|1|2|2|4|1|6|1|4|5|3|5|3|3|6|3|6|4|2|4|6|5|8|3|7|6|6|7|7|6|7|8|4|10|6|8|10|6|7|8|8|9|6|7|10|6|10|9|10|9|10|7|11|10|8|8|10|9|11|10|6|13|8|12|10|9|11|10|13|10|10|13|10|11|12|10|10|12|12|9|10|10|12|10|10|11|10|11|9|9|11|10|9|10|10|9|10|8|9|11|11|10|8|6|9|8|12|9|10|9|8|7|10|9|12|7|10|7|8|10|8|9|10|9|10|7|9|9|8|9|10|8|10|8|9|6|9|10|8|7|9|11|11|7|9|9|7|8|8|7|8|7|6|8|5|5|8|9|6|7|7|7|6|6|7|8|5|6|6|5|6|7|4|5|5|4|6|4|6|6|4|5|4|5|4|8|2|6|4|3|3|4|6|3|4|3|6|3|6|3|5|4|5|2|3|3|2|3|4|2|2|3|1|1|2|2|3|2|4|2|3|3|2|2|2|3|2|3|1|2|2|1|2|1|0|0|0|1|0|2|1|0|3|0|0|2|0|2|0|0|1|0|0|1</HistCounts>
      </HistItem>
    </Histograms>
    <Metadata>
      <MDI key="RepresentationType">ATHEMATIC</MDI>
      <MDI key="STATISTICS_COVARIANCES">0.0005065940724178216</MDI>
      <MDI key="STATISTICS_EXCLUDEDVALUES"></MDI>
      <MDI key="STATISTICS_MAXIMUM">4.3127031326294</MDI>
      <MDI key="STATISTICS_MEAN">4.253639613986</MDI>
      <MDI key="STATISTICS_MINIMUM">4.2104506492615</MDI>
      <MDI key="STATISTICS_SKIPFACTORX">1</MDI>
      <MDI key="STATISTICS_SKIPFACTORY">1</MDI>
      <MDI key="STATISTICS_STDDEV">0.022507644755012</MDI>
    </Metadata>
  </PAMRasterBand>
</PAMDataset>
