<PAMDataset>
  <Metadata>
    <MDI key="DataType">Generic</MDI>
  </Metadata>
  <PAMRasterBand band="1">
    <Histograms>
      <HistItem>
        <HistMin>4.235442161560059</HistMin>
        <HistMax>4.369209289550781</HistMax>
        <BucketCount>256</BucketCount>
        <IncludeOutOfRange>1</IncludeOutOfRange>
        <Approximate>0</Approximate>
        <HistCounts>1|1|1|1|2|2|2|2|2|1|2|2|2|2|4|2|5|4|6|5|4|5|4|3|7|4|7|5|5|7|5|8|8|4|6|6|5|9|8|8|7|9|9|7|9|8|6|7|7|8|8|8|6|7|10|10|10|10|9|10|11|10|8|8|13|10|14|8|12|11|12|13|11|11|9|10|8|9|12|7|13|12|11|10|10|12|8|11|12|6|13|7|11|9|11|7|9|8|12|10|9|9|9|7|8|6|9|9|10|6|10|7|8|9|10|8|10|7|10|7|6|11|6|8|10|10|8|9|12|8|8|9|10|8|7|7|7|7|6|12|6|10|7|9|7|9|6|13|4|13|6|10|6|8|5|8|7|7|8|5|7|8|5|10|3|10|5|7|11|5|9|7|5|9|0|11|0|11|1|3|9|2|9|0|10|3|5|7|4|9|4|2|8|3|9|2|3|6|2|9|4|3|8|4|7|1|3|3|3|4|3|2|5|4|5|2|2|2|2|5|2|4|3|3|5|2|4|2|3|5|2|2|3|3|3|1|2|1|3|1|0|1|0|1|0|1|0|2|0|1|1|0|1|0|0|1</HistCounts>
      </HistItem>
    </Histograms>
    <Metadata>
      <MDI key="RepresentationType">ATHEMATIC</MDI>
      <MDI key="STATISTICS_COVARIANCES">0.000914405107049671</MDI>
      <MDI key="STATISTICS_EXCLUDEDVALUES"></MDI>
      <MDI key="STATISTICS_MAXIMUM">4.3692092895508</MDI>
      <MDI key="STATISTICS_MEAN">4.2944172337651</MDI>
      <MDI key="STATISTICS_MINIMUM">4.2354421615601</MDI>
      <MDI key="STATISTICS_SKIPFACTORX">1</MDI>
      <MDI key="STATISTICS_SKIPFACTORY">1</MDI>
      <MDI key="STATISTICS_STDDEV">0.03023913204855</MDI>
    </Metadata>
  </PAMRasterBand>
</PAMDataset>
