<PAMDataset>
  <Metadata>
    <MDI key="DataType">Generic</MDI>
  </Metadata>
  <PAMRasterBand band="1">
    <Histograms>
      <HistItem>
        <HistMin>1.013028979301453</HistMin>
        <HistMax>1.026815891265869</HistMax>
        <BucketCount>256</BucketCount>
        <IncludeOutOfRange>1</IncludeOutOfRange>
        <Approximate>0</Approximate>
        <HistCounts>1|0|0|1|1|0|1|0|1|2|0|2|3|0|2|0|1|2|1|2|1|1|1|2|3|2|2|2|2|3|5|0|1|3|1|5|1|2|4|0|6|5|1|3|1|7|4|0|6|0|6|7|0|7|7|1|9|1|5|9|4|9|4|3|5|4|9|9|4|4|3|9|10|5|5|7|7|9|5|10|6|6|11|11|4|11|4|10|11|5|13|11|7|12|6|12|9|6|14|4|13|10|7|16|11|8|9|8|16|12|6|14|8|4|22|2|17|13|3|21|7|11|19|4|17|14|5|18|5|18|14|9|14|13|6|16|9|15|10|12|12|6|13|14|8|11|15|5|14|5|11|16|7|16|6|4|23|5|15|6|8|10|10|11|16|5|4|15|9|13|9|6|13|7|11|15|4|10|7|9|14|8|8|11|4|15|3|7|10|5|8|3|9|10|3|8|7|4|8|1|8|4|5|4|5|4|5|4|2|4|4|4|4|2|7|0|4|6|0|6|0|3|5|0|4|1|0|6|0|4|1|5|1|1|4|1|3|1|1|4|1|3|1|1|3|1|3|0|2|1|2|3|0|1|0|1</HistCounts>
      </HistItem>
    </Histograms>
    <Metadata>
      <MDI key="RepresentationType">ATHEMATIC</MDI>
      <MDI key="STATISTICS_COVARIANCES">7.734134694276234e-06</MDI>
      <MDI key="STATISTICS_EXCLUDEDVALUES"></MDI>
      <MDI key="STATISTICS_MAXIMUM">1.0268158912659</MDI>
      <MDI key="STATISTICS_MEAN">1.0201375171542</MDI>
      <MDI key="STATISTICS_MINIMUM">1.0130289793015</MDI>
      <MDI key="STATISTICS_SKIPFACTORX">1</MDI>
      <MDI key="STATISTICS_SKIPFACTORY">1</MDI>
      <MDI key="STATISTICS_STDDEV">0.002781031228569</MDI>
    </Metadata>
  </PAMRasterBand>
</PAMDataset>
