<PAMDataset>
  <Metadata>
    <MDI key="DataType">Generic</MDI>
  </Metadata>
  <PAMRasterBand band="1">
    <Histograms>
      <HistItem>
        <HistMin>0.3936494886875153</HistMin>
        <HistMax>0.7016981244087219</HistMax>
        <BucketCount>256</BucketCount>
        <IncludeOutOfRange>1</IncludeOutOfRange>
        <Approximate>0</Approximate>
        <HistCounts>1|1|0|2|0|2|0|3|0|3|0|3|0|2|2|1|2|1|3|1|3|2|2|2|2|2|3|2|4|3|3|3|4|4|4|3|3|3|3|3|3|4|5|3|5|3|6|3|6|4|5|4|3|7|2|6|2|7|2|7|3|5|4|7|6|4|6|4|4|5|5|7|3|9|2|7|4|6|5|6|5|5|8|5|4|5|5|6|4|7|4|6|6|3|11|3|7|5|5|13|0|8|0|10|6|6|8|5|8|4|8|5|7|5|8|7|7|5|8|7|7|6|6|6|9|7|7|7|6|10|5|8|7|7|7|5|11|8|7|8|8|5|7|8|5|10|6|7|8|11|8|8|7|9|10|6|6|10|8|8|9|9|9|8|7|9|9|6|9|11|11|10|13|6|9|8|6|9|10|13|11|11|8|9|6|10|8|9|13|13|11|11|8|8|10|7|13|13|13|10|7|13|7|11|14|12|12|12|11|10|14|9|10|18|15|12|4|12|11|13|6|13|11|6|9|8|9|10|6|9|7|6|6|7|6|7|6|3|5|6|4|5|5|2|6|1|1|2|2|1|1|0|1|0|0|1</HistCounts>
      </HistItem>
    </Histograms>
    <Metadata>
      <MDI key="RepresentationType">ATHEMATIC</MDI>
      <MDI key="STATISTICS_COVARIANCES">0.00546076391730548</MDI>
      <MDI key="STATISTICS_EXCLUDEDVALUES"></MDI>
      <MDI key="STATISTICS_MAXIMUM">0.70169812440872</MDI>
      <MDI key="STATISTICS_MEAN">0.57338021403179</MDI>
      <MDI key="STATISTICS_MINIMUM">0.39364948868752</MDI>
      <MDI key="STATISTICS_SKIPFACTORX">1</MDI>
      <MDI key="STATISTICS_SKIPFACTORY">1</MDI>
      <MDI key="STATISTICS_STDDEV">0.073896981787523</MDI>
    </Metadata>
  </PAMRasterBand>
</PAMDataset>
