<PAMDataset>
  <Metadata>
    <MDI key="DataType">Generic</MDI>
  </Metadata>
  <PAMRasterBand band="1">
    <Histograms>
      <HistItem>
        <HistMin>0.02202187292277813</HistMin>
        <HistMax>6.259198665618896</HistMax>
        <BucketCount>256</BucketCount>
        <IncludeOutOfRange>1</IncludeOutOfRange>
        <Approximate>0</Approximate>
        <HistCounts>11|20|26|43|45|42|42|53|53|54|59|61|69|69|75|88|93|106|74|47|19|0|0|0|0|0|0|0|1|0|1|0|1|0|0|0|0|0|0|0|0|0|1|0|0|0|0|0|1|0|1|1|0|1|0|0|1|0|0|0|0|0|0|0|0|0|0|0|0|0|2|0|0|0|0|0|0|0|7|3|11|7|0|0|0|0|0|0|0|1|0|1|0|0|0|0|0|0|1|0|0|0|1|0|0|0|0|0|0|0|0|0|0|0|0|0|0|0|0|0|0|0|0|0|0|1|0|0|0|0|0|0|0|0|0|0|0|0|0|0|0|4|2|10|9|0|1|0|0|0|0|0|0|1|0|0|0|1|0|0|0|0|1|0|0|0|0|1|0|0|0|0|0|0|0|0|0|0|0|1|0|1|1|0|1|0|1|0|0|1|0|0|0|0|0|0|0|0|0|0|0|0|0|0|1|3|9|8|3|3|0|2|0|0|0|0|0|0|0|0|0|1|1|0|0|0|1|0|0|0|1|0|1|2|0|0|0|1|1|6|13|14|12|24|24|24|27|27|25|29|30|25|20|19|13|1</HistCounts>
      </HistItem>
    </Histograms>
    <Metadata>
      <MDI key="RepresentationType">ATHEMATIC</MDI>
      <MDI key="STATISTICS_COVARIANCES">5.778288099904661</MDI>
      <MDI key="STATISTICS_EXCLUDEDVALUES"></MDI>
      <MDI key="STATISTICS_MAXIMUM">6.2591986656189</MDI>
      <MDI key="STATISTICS_MEAN">1.7538409051346</MDI>
      <MDI key="STATISTICS_MINIMUM">0.022021872922778</MDI>
      <MDI key="STATISTICS_SKIPFACTORX">1</MDI>
      <MDI key="STATISTICS_SKIPFACTORY">1</MDI>
      <MDI key="STATISTICS_STDDEV">2.4038070013844</MDI>
    </Metadata>
  </PAMRasterBand>
</PAMDataset>
