<PAMDataset>
  <Metadata>
    <MDI key="DataType">Generic</MDI>
  </Metadata>
  <PAMRasterBand band="1">
    <Histograms>
      <HistItem>
        <HistMin>0.8930755853652954</HistMin>
        <HistMax>0.9250557422637939</HistMax>
        <BucketCount>256</BucketCount>
        <IncludeOutOfRange>1</IncludeOutOfRange>
        <Approximate>0</Approximate>
        <HistCounts>1|0|0|0|1|0|1|1|1|2|0|1|2|1|0|2|3|1|0|2|2|3|1|0|3|4|1|2|2|2|3|3|1|4|1|3|3|2|2|5|3|2|2|3|5|2|4|4|3|3|4|5|3|4|6|2|4|5|3|3|6|7|1|6|6|4|6|4|5|6|6|4|5|3|9|5|7|3|8|6|5|5|9|9|2|7|9|1|9|8|9|1|9|10|1|9|10|10|1|10|10|0|10|11|8|3|12|10|9|4|11|10|4|8|13|12|5|11|14|4|10|14|12|6|12|14|6|13|13|14|7|12|13|10|13|10|15|8|15|14|11|9|12|15|8|14|13|14|5|15|12|6|12|13|10|7|13|15|7|10|13|10|9|9|13|10|9|8|10|13|8|11|6|11|12|10|5|10|10|10|6|10|8|6|10|9|9|3|8|12|8|7|7|12|5|7|9|7|8|8|6|8|7|8|7|7|8|7|7|7|6|6|7|6|7|4|6|7|5|6|5|7|5|4|5|7|3|4|4|8|3|4|3|7|3|3|3|4|3|3|3|4|1|2|5|1|1|1|4|0|0|1|2|0|0|1</HistCounts>
      </HistItem>
    </Histograms>
    <Metadata>
      <MDI key="RepresentationType">ATHEMATIC</MDI>
      <MDI key="STATISTICS_COVARIANCES">4.640363399745204e-05</MDI>
      <MDI key="STATISTICS_EXCLUDEDVALUES"></MDI>
      <MDI key="STATISTICS_MAXIMUM">0.92505574226379</MDI>
      <MDI key="STATISTICS_MEAN">0.91067809462547</MDI>
      <MDI key="STATISTICS_MINIMUM">0.8930755853653</MDI>
      <MDI key="STATISTICS_SKIPFACTORX">1</MDI>
      <MDI key="STATISTICS_SKIPFACTORY">1</MDI>
      <MDI key="STATISTICS_STDDEV">0.0068120212857457</MDI>
    </Metadata>
  </PAMRasterBand>
</PAMDataset>
