<PAMDataset>
  <Metadata>
    <MDI key="DataType">Generic</MDI>
  </Metadata>
  <PAMRasterBand band="1">
    <Histograms>
      <HistItem>
        <HistMin>4.103071689605713</HistMin>
        <HistMax>4.136076927185059</HistMax>
        <BucketCount>256</BucketCount>
        <IncludeOutOfRange>1</IncludeOutOfRange>
        <Approximate>0</Approximate>
        <HistCounts>1|1|1|0|2|0|1|1|1|1|0|3|0|4|2|4|3|0|4|2|3|4|1|6|2|6|3|3|5|0|5|3|1|5|1|4|3|3|4|3|7|4|3|6|5|4|4|4|8|3|4|6|5|11|2|4|7|4|8|2|9|5|6|9|4|11|6|3|9|6|9|9|10|10|1|14|8|9|11|3|13|7|5|13|4|15|6|9|17|3|8|15|9|11|7|11|13|3|21|5|9|15|6|19|7|5|21|8|20|4|9|18|10|6|19|10|19|2|12|18|7|6|16|9|10|14|8|21|3|10|18|9|4|17|8|18|1|11|17|6|8|15|9|18|3|7|17|4|8|16|4|24|0|3|21|1|5|22|1|6|18|0|24|0|1|23|0|1|21|0|3|18|0|2|18|0|3|16|1|5|16|1|6|12|1|5|13|1|5|12|0|8|9|0|8|7|0|9|5|0|9|3|0|9|4|0|10|4|0|10|3|0|10|2|0|9|2|0|9|1|0|8|2|0|7|0|0|7|0|0|6|0|0|6|0|0|6|0|0|5|0|0|3|0|0|2|0|0|2|0|0|2|0|0|0|1</HistCounts>
      </HistItem>
    </Histograms>
    <Metadata>
      <MDI key="RepresentationType">ATHEMATIC</MDI>
      <MDI key="STATISTICS_COVARIANCES">4.706398403547888e-05</MDI>
      <MDI key="STATISTICS_EXCLUDEDVALUES"></MDI>
      <MDI key="STATISTICS_MAXIMUM">4.1360769271851</MDI>
      <MDI key="STATISTICS_MEAN">4.1190457269549</MDI>
      <MDI key="STATISTICS_MINIMUM">4.1030716896057</MDI>
      <MDI key="STATISTICS_SKIPFACTORX">1</MDI>
      <MDI key="STATISTICS_SKIPFACTORY">1</MDI>
      <MDI key="STATISTICS_STDDEV">0.006860319528672</MDI>
    </Metadata>
  </PAMRasterBand>
</PAMDataset>
