<PAMDataset>
  <Metadata>
    <MDI key="DataType">Generic</MDI>
  </Metadata>
  <PAMRasterBand band="1">
    <Histograms>
      <HistItem>
        <HistMin>0.7225580811500549</HistMin>
        <HistMax>0.823622465133667</HistMax>
        <BucketCount>256</BucketCount>
        <IncludeOutOfRange>1</IncludeOutOfRange>
        <Approximate>0</Approximate>
        <HistCounts>1|1|0|1|2|0|0|1|1|1|1|1|1|2|2|0|1|3|1|1|3|0|2|3|1|2|2|2|4|1|2|4|2|2|4|0|4|5|0|3|5|1|3|4|2|5|4|3|4|3|3|5|4|2|6|4|4|5|4|4|5|4|4|8|4|4|6|6|4|4|7|5|5|5|7|8|4|6|8|4|7|6|6|9|6|5|7|6|7|9|4|7|8|7|9|7|7|8|9|8|6|9|12|8|8|9|10|7|8|7|7|8|9|10|8|8|7|10|9|9|9|9|8|9|10|9|10|8|8|10|9|11|8|8|10|6|12|8|9|9|8|10|12|7|11|11|5|9|12|6|12|8|7|14|8|7|10|8|11|11|10|11|10|8|14|5|11|11|8|10|13|8|11|9|10|12|9|12|10|13|13|6|13|10|9|11|9|12|12|8|11|8|9|9|12|9|9|10|9|7|9|8|6|10|9|7|10|7|5|9|9|6|8|8|4|9|4|8|9|1|12|4|6|10|0|10|5|4|10|1|8|5|1|9|0|5|5|1|7|0|5|0|0|5|0|4|0|0|3|0|2|0|2|0|0|1</HistCounts>
      </HistItem>
    </Histograms>
    <Metadata>
      <MDI key="RepresentationType">ATHEMATIC</MDI>
      <MDI key="STATISTICS_COVARIANCES">0.0004934379692457216</MDI>
      <MDI key="STATISTICS_EXCLUDEDVALUES"></MDI>
      <MDI key="STATISTICS_MAXIMUM">0.82362246513367</MDI>
      <MDI key="STATISTICS_MEAN">0.7789070180431</MDI>
      <MDI key="STATISTICS_MINIMUM">0.72255808115005</MDI>
      <MDI key="STATISTICS_SKIPFACTORX">1</MDI>
      <MDI key="STATISTICS_SKIPFACTORY">1</MDI>
      <MDI key="STATISTICS_STDDEV">0.022213463693124</MDI>
    </Metadata>
  </PAMRasterBand>
</PAMDataset>
