<PAMDataset>
  <Metadata>
    <MDI key="DataType">Generic</MDI>
  </Metadata>
  <PAMRasterBand band="1">
    <Histograms>
      <HistItem>
        <HistMin>0.5695128440856934</HistMin>
        <HistMax>0.7592005729675293</HistMax>
        <BucketCount>256</BucketCount>
        <IncludeOutOfRange>1</IncludeOutOfRange>
        <Approximate>0</Approximate>
        <HistCounts>1|1|1|0|1|1|0|0|1|0|1|1|0|1|1|0|1|1|1|0|1|1|1|0|2|1|1|2|1|3|0|2|1|2|3|1|3|2|1|3|3|4|3|1|4|2|3|3|2|4|1|4|2|3|2|7|4|5|4|3|5|4|5|2|4|6|3|6|4|6|5|4|6|4|5|7|6|6|3|5|5|7|7|6|8|6|8|5|9|5|11|6|6|6|7|8|4|9|6|9|7|10|5|8|2|10|5|9|8|5|11|2|13|3|13|1|12|5|8|5|10|7|6|9|7|10|6|8|8|9|10|5|9|8|6|8|8|8|9|9|7|9|9|9|9|10|6|11|8|9|8|10|11|9|10|7|11|7|9|10|12|8|12|9|8|8|9|10|7|15|5|11|10|9|12|8|13|5|14|6|12|12|8|12|11|12|10|11|8|12|9|13|8|13|12|13|8|13|11|14|10|10|9|13|9|12|7|9|13|9|11|8|12|13|8|7|6|9|11|10|9|7|8|9|6|10|6|6|9|6|6|6|6|7|6|5|5|7|4|4|4|4|5|3|2|3|4|2|2|1|1|2|1|1|0|1</HistCounts>
      </HistItem>
    </Histograms>
    <Metadata>
      <MDI key="RepresentationType">ATHEMATIC</MDI>
      <MDI key="STATISTICS_COVARIANCES">0.001748016240466068</MDI>
      <MDI key="STATISTICS_EXCLUDEDVALUES"></MDI>
      <MDI key="STATISTICS_MAXIMUM">0.75920057296753</MDI>
      <MDI key="STATISTICS_MEAN">0.68189544223249</MDI>
      <MDI key="STATISTICS_MINIMUM">0.56951284408569</MDI>
      <MDI key="STATISTICS_SKIPFACTORX">1</MDI>
      <MDI key="STATISTICS_SKIPFACTORY">1</MDI>
      <MDI key="STATISTICS_STDDEV">0.041809284141995</MDI>
    </Metadata>
  </PAMRasterBand>
</PAMDataset>
