<PAMDataset>
  <Metadata>
    <MDI key="DataType">Generic</MDI>
  </Metadata>
  <PAMRasterBand band="1">
    <Histograms>
      <HistItem>
        <HistMin>0.9102300405502319</HistMin>
        <HistMax>0.9386308193206787</HistMax>
        <BucketCount>256</BucketCount>
        <IncludeOutOfRange>1</IncludeOutOfRange>
        <Approximate>0</Approximate>
        <HistCounts>1|0|1|0|1|2|0|1|2|2|1|1|1|3|2|2|2|3|2|3|3|2|4|4|4|2|4|3|5|3|3|3|5|5|3|6|2|7|5|3|3|7|3|6|4|4|7|3|5|6|6|5|7|5|6|7|4|7|4|6|5|8|4|7|8|5|7|7|8|5|5|8|9|6|6|7|7|10|6|7|6|9|9|7|6|8|10|5|9|6|12|5|10|8|7|10|7|10|4|14|9|10|8|8|13|7|10|8|11|11|9|7|12|12|9|9|11|14|10|7|11|14|10|9|11|14|12|8|13|14|10|12|12|11|15|11|9|13|12|15|9|12|12|12|9|11|8|14|9|11|8|13|7|11|11|10|8|10|7|11|8|8|9|8|11|4|12|6|9|5|9|9|7|6|9|8|7|6|8|10|6|4|12|4|9|2|12|5|5|7|6|8|4|7|6|6|5|5|7|6|4|6|5|6|5|5|5|6|3|4|4|8|3|4|3|7|4|4|5|5|2|3|5|4|2|3|4|4|1|5|2|4|1|3|2|2|4|1|3|2|2|2|1|3|1|1|1|1|2|0|2|1|2|0|0|1</HistCounts>
      </HistItem>
    </Histograms>
    <Metadata>
      <MDI key="RepresentationType">ATHEMATIC</MDI>
      <MDI key="STATISTICS_COVARIANCES">3.805679311006405e-05</MDI>
      <MDI key="STATISTICS_EXCLUDEDVALUES"></MDI>
      <MDI key="STATISTICS_MAXIMUM">0.93863081932068</MDI>
      <MDI key="STATISTICS_MEAN">0.92441706255078</MDI>
      <MDI key="STATISTICS_MINIMUM">0.91023004055023</MDI>
      <MDI key="STATISTICS_SKIPFACTORX">1</MDI>
      <MDI key="STATISTICS_SKIPFACTORY">1</MDI>
      <MDI key="STATISTICS_STDDEV">0.006169018812588</MDI>
    </Metadata>
  </PAMRasterBand>
</PAMDataset>
