<PAMDataset>
  <PAMRasterBand band="1">
    <Histograms>
      <HistItem>
        <HistMin>4.135642051696777</HistMin>
        <HistMax>4.182193756103516</HistMax>
        <BucketCount>256</BucketCount>
        <IncludeOutOfRange>1</IncludeOutOfRange>
        <Approximate>0</Approximate>
        <HistCounts>1|0|1|0|2|0|0|3|0|3|0|5|0|0|4|0|5|1|0|4|1|5|1|7|0|0|7|1|7|1|0|7|1|8|1|7|3|1|8|5|10|3|1|9|3|11|3|8|4|3|12|3|9|5|3|13|0|12|5|1|18|0|13|7|2|21|0|14|7|2|18|1|7|16|1|19|4|6|15|4|7|13|7|15|5|7|17|7|12|12|10|17|6|7|17|4|11|16|5|9|16|7|16|16|7|14|12|4|17|11|10|18|5|12|13|10|8|16|5|13|14|6|11|11|8|9|18|8|9|15|7|11|15|9|10|15|8|9|14|7|9|16|4|13|12|6|12|8|9|8|12|7|7|13|4|9|10|5|10|9|7|9|7|9|8|6|8|9|6|8|5|9|8|5|9|3|7|7|4|7|8|4|5|8|6|5|7|5|5|6|6|4|6|4|4|6|6|2|5|6|3|4|5|4|3|6|4|3|5|3|4|3|3|4|2|4|3|3|2|2|5|2|3|4|1|1|5|1|1|4|2|2|1|3|2|1|3|2|1|1|2|0|1|0|1|2|0|1|2|0|0|2|0|0|0|1</HistCounts>
      </HistItem>
    </Histograms>
    <Metadata>
      <MDI key="RepresentationType">ATHEMATIC</MDI>
      <MDI key="STATISTICS_COVARIANCES">9.386055440212422e-05</MDI>
      <MDI key="STATISTICS_EXCLUDEDVALUES"></MDI>
      <MDI key="STATISTICS_MAXIMUM">4.1821937561035</MDI>
      <MDI key="STATISTICS_MEAN">4.1575091657042</MDI>
      <MDI key="STATISTICS_MINIMUM">4.1356420516968</MDI>
      <MDI key="STATISTICS_SKIPFACTORX">1</MDI>
      <MDI key="STATISTICS_SKIPFACTORY">1</MDI>
      <MDI key="STATISTICS_STDDEV">0.0096881656882056</MDI>
    </Metadata>
  </PAMRasterBand>
</PAMDataset>
