<PAMDataset>
  <Metadata>
    <MDI key="DataType">Generic</MDI>
  </Metadata>
  <PAMRasterBand band="1">
    <Histograms>
      <HistItem>
        <HistMin>4.067839622497559</HistMin>
        <HistMax>4.091155529022217</HistMax>
        <BucketCount>256</BucketCount>
        <IncludeOutOfRange>1</IncludeOutOfRange>
        <Approximate>0</Approximate>
        <HistCounts>2|0|1|0|3|0|1|3|1|3|2|3|1|0|1|3|1|1|2|1|2|2|2|2|0|1|2|2|0|2|2|1|3|0|1|3|1|2|1|5|1|1|5|0|7|1|6|1|1|8|1|9|0|7|2|1|10|0|12|1|2|9|1|12|2|12|3|2|13|2|10|4|3|10|3|10|2|12|5|5|13|5|9|8|13|4|8|11|4|16|7|7|14|6|13|4|12|4|10|11|2|18|7|11|14|14|5|12|16|6|15|9|7|18|11|18|4|26|4|4|27|4|21|7|4|19|8|21|5|21|9|5|23|8|11|15|7|20|6|9|18|10|8|18|9|17|9|4|20|7|18|7|9|14|4|16|10|10|15|5|10|10|13|5|10|12|9|2|11|13|2|20|2|11|10|2|13|5|5|13|2|6|13|5|5|9|6|13|0|5|11|1|16|2|6|11|2|12|4|1|14|1|0|14|0|0|10|0|0|12|1|0|11|0|11|1|0|9|1|0|10|1|0|10|1|0|8|0|0|6|1|0|6|0|5|0|0|6|0|0|5|0|0|4|0|0|2|0|0|2|0|0|2|0|0|1</HistCounts>
      </HistItem>
    </Histograms>
    <Metadata>
      <MDI key="RepresentationType">ATHEMATIC</MDI>
      <MDI key="STATISTICS_COVARIANCES">2.170705817945419e-05</MDI>
      <MDI key="STATISTICS_EXCLUDEDVALUES"></MDI>
      <MDI key="STATISTICS_MAXIMUM">4.0911555290222</MDI>
      <MDI key="STATISTICS_MEAN">4.0798091438413</MDI>
      <MDI key="STATISTICS_MINIMUM">4.0678396224976</MDI>
      <MDI key="STATISTICS_SKIPFACTORX">1</MDI>
      <MDI key="STATISTICS_SKIPFACTORY">1</MDI>
      <MDI key="STATISTICS_STDDEV">0.0046590834055052</MDI>
    </Metadata>
  </PAMRasterBand>
</PAMDataset>
