<PAMDataset>
  <Metadata>
    <MDI key="DataType">Generic</MDI>
  </Metadata>
  <PAMRasterBand band="1">
    <Histograms>
      <HistItem>
        <HistMin>4.142405986785889</HistMin>
        <HistMax>4.193608283996582</HistMax>
        <BucketCount>256</BucketCount>
        <IncludeOutOfRange>1</IncludeOutOfRange>
        <Approximate>0</Approximate>
        <HistCounts>1|0|0|0|2|0|2|0|0|3|0|6|0|3|1|1|5|1|7|1|3|4|1|7|2|8|1|3|6|5|6|1|9|0|5|4|0|9|0|5|4|0|11|0|12|0|3|9|5|9|1|5|10|6|9|7|2|13|4|1|15|3|17|1|1|16|2|17|1|8|12|3|8|10|9|10|4|7|12|10|9|11|5|14|9|8|17|4|9|16|8|11|13|12|11|10|12|15|9|9|15|12|5|17|10|9|14|13|7|19|7|7|16|5|14|12|8|10|17|8|11|16|6|13|12|9|15|8|12|11|11|11|12|9|12|11|12|11|6|15|8|6|15|3|12|10|5|12|9|10|8|8|10|5|10|8|8|13|4|10|10|5|10|8|6|9|9|5|5|12|6|7|8|5|7|8|7|7|7|6|5|6|4|7|6|7|5|3|7|5|6|6|5|5|8|5|3|5|3|7|3|6|3|4|5|2|5|4|3|4|3|4|3|3|4|3|3|3|4|1|4|3|2|3|3|3|2|2|2|0|3|2|1|1|2|2|2|2|1|2|1|2|1|0|2|1|0|1|1|0|0|0|0|0|0|1</HistCounts>
      </HistItem>
    </Histograms>
    <Metadata>
      <MDI key="RepresentationType">ATHEMATIC</MDI>
      <MDI key="STATISTICS_COVARIANCES">0.0001135509034773453</MDI>
      <MDI key="STATISTICS_EXCLUDEDVALUES"></MDI>
      <MDI key="STATISTICS_MAXIMUM">4.1936082839966</MDI>
      <MDI key="STATISTICS_MEAN">4.1663868042827</MDI>
      <MDI key="STATISTICS_MINIMUM">4.1424059867859</MDI>
      <MDI key="STATISTICS_SKIPFACTORX">1</MDI>
      <MDI key="STATISTICS_SKIPFACTORY">1</MDI>
      <MDI key="STATISTICS_STDDEV">0.010656026627094</MDI>
    </Metadata>
  </PAMRasterBand>
</PAMDataset>
