<PAMDataset>
  <Metadata>
    <MDI key="DataType">Generic</MDI>
  </Metadata>
  <PAMRasterBand band="1">
    <Histograms>
      <HistItem>
        <HistMin>0.8293895125389099</HistMin>
        <HistMax>0.8841729760169983</HistMax>
        <BucketCount>256</BucketCount>
        <IncludeOutOfRange>1</IncludeOutOfRange>
        <Approximate>0</Approximate>
        <HistCounts>1|0|0|1|0|0|0|2|0|0|1|2|0|0|4|2|0|0|4|1|0|2|3|0|0|4|2|0|2|5|1|1|4|4|0|4|4|2|0|6|4|2|3|4|2|4|3|3|3|4|3|2|6|3|3|3|6|3|3|6|5|3|5|7|2|7|6|4|5|5|6|6|4|7|6|5|5|8|6|6|6|6|9|5|8|5|7|7|4|11|5|6|8|9|6|8|9|7|7|8|8|9|9|10|9|7|9|7|9|10|10|10|11|10|7|13|11|9|10|8|11|11|9|8|14|11|8|14|11|10|11|9|14|11|8|11|12|10|12|11|10|13|13|10|11|14|8|10|12|11|10|13|13|10|14|11|10|9|12|13|10|11|10|13|9|14|9|9|11|12|11|9|11|9|6|14|12|7|11|11|5|11|10|10|7|10|10|7|10|9|5|10|12|6|7|9|10|8|8|3|12|7|4|7|8|7|5|6|6|6|6|6|4|7|4|5|5|3|6|5|3|5|6|2|4|5|4|3|4|4|3|4|3|3|3|2|4|4|1|3|3|2|1|3|2|1|2|1|2|2|1|1|2|1|0|1</HistCounts>
      </HistItem>
    </Histograms>
    <Metadata>
      <MDI key="RepresentationType">ATHEMATIC</MDI>
      <MDI key="STATISTICS_COVARIANCES">0.0001297304798410963</MDI>
      <MDI key="STATISTICS_EXCLUDEDVALUES"></MDI>
      <MDI key="STATISTICS_MAXIMUM">0.884172976017</MDI>
      <MDI key="STATISTICS_MEAN">0.85925758980215</MDI>
      <MDI key="STATISTICS_MINIMUM">0.82938951253891</MDI>
      <MDI key="STATISTICS_SKIPFACTORX">1</MDI>
      <MDI key="STATISTICS_SKIPFACTORY">1</MDI>
      <MDI key="STATISTICS_STDDEV">0.011389928877789</MDI>
    </Metadata>
  </PAMRasterBand>
</PAMDataset>
