<PAMDataset>
  <Metadata>
    <MDI key="DataType">Generic</MDI>
  </Metadata>
  <PAMRasterBand band="1">
    <Histograms>
      <HistItem>
        <HistMin>0.8116720914840698</HistMin>
        <HistMax>0.868330180644989</HistMax>
        <BucketCount>256</BucketCount>
        <IncludeOutOfRange>1</IncludeOutOfRange>
        <Approximate>0</Approximate>
        <HistCounts>1|1|0|1|2|1|0|2|3|1|0|3|5|0|0|3|5|0|0|2|7|0|0|3|7|0|0|6|6|0|0|13|0|0|0|13|0|0|3|10|0|1|5|8|0|1|11|4|0|0|12|5|0|9|7|3|1|10|8|0|5|7|6|0|9|5|6|4|8|5|4|9|6|5|6|11|5|7|9|4|4|8|9|4|7|10|4|6|8|9|6|8|12|4|7|12|8|8|6|12|5|10|10|7|10|8|11|8|9|10|9|9|12|7|11|10|11|10|10|9|10|10|9|11|9|9|11|10|8|9|12|8|8|13|12|10|8|13|6|11|13|7|11|10|9|11|9|12|11|10|11|10|13|10|13|8|12|10|11|10|11|9|13|13|8|13|13|7|11|13|9|9|11|9|8|11|9|7|9|9|7|9|8|7|9|9|6|8|7|9|5|7|8|7|6|9|6|6|9|4|10|5|6|7|5|6|9|5|5|5|7|4|5|6|5|4|6|6|3|6|5|4|4|5|2|4|4|2|3|5|3|2|4|3|2|3|3|2|2|4|1|2|4|0|1|2|2|2|2|1|1|2|0|0|0|1</HistCounts>
      </HistItem>
    </Histograms>
    <Metadata>
      <MDI key="RepresentationType">ATHEMATIC</MDI>
      <MDI key="STATISTICS_COVARIANCES">0.000153213448116718</MDI>
      <MDI key="STATISTICS_EXCLUDEDVALUES"></MDI>
      <MDI key="STATISTICS_MAXIMUM">0.86833018064499</MDI>
      <MDI key="STATISTICS_MEAN">0.84127806551754</MDI>
      <MDI key="STATISTICS_MINIMUM">0.81167209148407</MDI>
      <MDI key="STATISTICS_SKIPFACTORX">1</MDI>
      <MDI key="STATISTICS_SKIPFACTORY">1</MDI>
      <MDI key="STATISTICS_STDDEV">0.012377941998439</MDI>
    </Metadata>
  </PAMRasterBand>
</PAMDataset>
