<PAMDataset>
  <Metadata>
    <MDI key="DataType">Generic</MDI>
  </Metadata>
  <PAMRasterBand band="1">
    <Histograms>
      <HistItem>
        <HistMin>4.196711540222168</HistMin>
        <HistMax>4.293296337127686</HistMax>
        <BucketCount>256</BucketCount>
        <IncludeOutOfRange>1</IncludeOutOfRange>
        <Approximate>0</Approximate>
        <HistCounts>1|1|1|1|0|1|2|1|1|3|2|3|3|2|4|3|3|5|1|7|2|5|3|3|5|4|6|8|5|7|6|4|7|4|5|7|6|7|5|7|10|7|7|8|7|6|9|8|6|10|8|13|6|11|6|9|8|9|7|7|10|8|12|8|10|10|11|13|10|11|10|10|12|10|9|12|7|12|13|11|8|13|12|10|10|10|8|12|10|11|11|8|13|12|7|10|10|9|12|12|9|7|10|8|7|10|9|13|9|10|9|10|13|10|12|10|9|9|8|8|10|8|9|8|11|9|10|10|11|9|6|8|10|9|9|9|7|7|7|8|10|8|7|9|10|11|5|9|10|10|7|8|10|7|5|9|7|8|5|8|9|9|8|10|7|9|8|6|7|8|5|5|6|6|5|7|4|6|6|5|6|4|6|7|5|4|5|5|6|3|3|5|5|4|5|6|3|5|5|4|4|3|3|2|6|3|3|3|3|2|3|2|3|4|2|2|2|4|4|3|2|3|3|2|2|2|4|2|1|2|1|2|0|2|0|2|1|1|1|2|1|2|1|1|1|2|1|1|0|1|1|0|1|0|0|1</HistCounts>
      </HistItem>
    </Histograms>
    <Metadata>
      <MDI key="RepresentationType">ATHEMATIC</MDI>
      <MDI key="STATISTICS_COVARIANCES">0.0004384247012716431</MDI>
      <MDI key="STATISTICS_EXCLUDEDVALUES"></MDI>
      <MDI key="STATISTICS_MAXIMUM">4.2932963371277</MDI>
      <MDI key="STATISTICS_MEAN">4.2390283462405</MDI>
      <MDI key="STATISTICS_MINIMUM">4.1967115402222</MDI>
      <MDI key="STATISTICS_SKIPFACTORX">1</MDI>
      <MDI key="STATISTICS_SKIPFACTORY">1</MDI>
      <MDI key="STATISTICS_STDDEV">0.020938593583898</MDI>
    </Metadata>
  </PAMRasterBand>
</PAMDataset>
