<PAMDataset>
  <PAMRasterBand band="1">
    <Histograms>
      <HistItem>
        <HistMin>0.8598989899859091</HistMin>
        <HistMax>0.8746829610022196</HistMax>
        <BucketCount>256</BucketCount>
        <IncludeOutOfRange>1</IncludeOutOfRange>
        <Approximate>0</Approximate>
        <HistCounts>1|0|0|0|1|0|1|0|1|0|0|0|0|1|0|1|1|1|0|0|1|1|0|0|1|1|2|0|3|1|0|2|4|3|4|4|1|2|3|3|2|4|3|3|6|4|10|3|5|6|5|8|9|16|9|11|4|10|8|9|12|6|6|9|12|8|8|10|4|10|11|11|19|9|9|17|19|19|17|8|11|8|9|15|8|18|17|8|27|14|10|16|11|7|3|15|14|21|11|12|13|12|10|17|17|14|16|9|12|11|8|16|16|9|10|12|14|16|11|11|18|15|9|12|13|7|11|7|16|7|13|9|11|5|17|10|6|9|10|6|14|6|4|3|13|6|10|8|6|3|11|5|9|9|9|6|10|1|5|5|4|6|4|6|6|4|9|4|11|3|9|6|3|5|11|11|7|5|5|5|3|7|4|4|10|8|9|6|5|4|2|8|6|5|3|3|5|2|9|4|0|4|1|5|4|4|3|3|3|7|5|4|2|1|2|4|5|2|1|4|3|4|3|2|6|0|1|0|3|0|2|2|0|2|0|1|0|0|0|0|0|0|1|1|0|1|2|2|1|0|0|0|0|1|0|1</HistCounts>
      </HistItem>
    </Histograms>
    <Metadata>
      <MDI key="RepresentationType">ATHEMATIC</MDI>
      <MDI key="STATISTICS_COVARIANCES">7.982182801232858e-06</MDI>
      <MDI key="STATISTICS_EXCLUDEDVALUES"></MDI>
      <MDI key="STATISTICS_MAXIMUM">0.87468296100222</MDI>
      <MDI key="STATISTICS_MEAN">0.86669629045364</MDI>
      <MDI key="STATISTICS_MINIMUM">0.85989898998591</MDI>
      <MDI key="STATISTICS_SKIPFACTORX">1</MDI>
      <MDI key="STATISTICS_SKIPFACTORY">1</MDI>
      <MDI key="STATISTICS_STDDEV">0.0028252757035788</MDI>
    </Metadata>
  </PAMRasterBand>
</PAMDataset>
