<PAMDataset>
  <Metadata>
    <MDI key="DataType">Generic</MDI>
  </Metadata>
  <PAMRasterBand band="1">
    <Histograms>
      <HistItem>
        <HistMin>0.8687827587127686</HistMin>
        <HistMax>0.8827947378158569</HistMax>
        <BucketCount>256</BucketCount>
        <IncludeOutOfRange>1</IncludeOutOfRange>
        <Approximate>0</Approximate>
        <HistCounts>1|0|1|0|0|1|0|0|0|1|0|1|0|0|1|1|0|1|3|1|0|1|0|0|1|0|1|0|0|1|1|2|4|3|1|2|1|5|6|0|3|3|5|1|2|4|1|6|5|3|5|5|5|3|4|6|5|17|9|10|7|11|9|5|6|15|12|17|7|11|6|6|13|14|9|13|23|17|14|9|10|16|11|12|10|8|15|14|9|16|13|14|12|6|9|14|9|12|11|12|12|14|12|8|9|26|13|11|10|21|20|12|19|14|13|14|10|14|15|14|22|14|16|9|16|13|11|9|10|18|15|14|10|12|12|8|9|9|8|12|17|5|12|8|10|8|5|4|15|10|2|6|7|6|12|9|2|6|6|8|9|8|5|6|10|7|6|8|4|9|7|3|7|2|4|2|8|2|8|10|2|3|3|6|3|3|7|3|5|5|3|0|1|3|2|10|2|7|3|5|8|4|4|3|6|4|2|5|4|2|2|4|2|3|2|4|5|1|3|5|2|4|0|0|2|5|1|4|2|0|2|3|1|0|0|2|5|1|0|0|0|1|0|1|0|2|0|0|0|0|1|0|0|0|0|1</HistCounts>
      </HistItem>
    </Histograms>
    <Metadata>
      <MDI key="RepresentationType">ATHEMATIC</MDI>
      <MDI key="STATISTICS_COVARIANCES">6.714619160813077e-06</MDI>
      <MDI key="STATISTICS_EXCLUDEDVALUES"></MDI>
      <MDI key="STATISTICS_MAXIMUM">0.88279473781586</MDI>
      <MDI key="STATISTICS_MEAN">0.87530409544706</MDI>
      <MDI key="STATISTICS_MINIMUM">0.86878275871277</MDI>
      <MDI key="STATISTICS_SKIPFACTORX">1</MDI>
      <MDI key="STATISTICS_SKIPFACTORY">1</MDI>
      <MDI key="STATISTICS_STDDEV">0.0025912582196325</MDI>
    </Metadata>
  </PAMRasterBand>
</PAMDataset>
