<PAMDataset>
  <PAMRasterBand band="1">
    <Histograms>
      <HistItem>
        <HistMin>0.8517523849857381</HistMin>
        <HistMax>0.8656137504615388</HistMax>
        <BucketCount>256</BucketCount>
        <IncludeOutOfRange>1</IncludeOutOfRange>
        <Approximate>0</Approximate>
        <HistCounts>1|0|0|0|0|0|0|0|0|0|1|0|0|0|1|2|1|0|0|1|0|1|2|0|1|1|0|1|1|0|3|2|4|1|2|1|4|3|2|0|3|2|2|6|3|5|2|3|9|12|11|6|7|6|5|11|7|13|3|6|8|13|16|10|14|8|6|17|7|11|15|16|17|10|14|12|8|20|14|19|11|18|23|24|10|15|23|9|9|19|15|25|14|14|17|20|12|22|25|17|21|14|15|16|13|9|18|14|12|12|14|13|19|8|14|12|24|18|18|13|12|10|19|11|12|11|9|8|6|18|10|4|10|11|15|19|4|4|7|7|7|7|8|9|8|5|16|11|14|4|9|3|5|5|7|6|4|5|5|3|8|6|5|4|8|8|1|2|4|0|3|4|1|8|2|0|6|3|6|4|7|4|4|5|4|9|1|4|2|0|3|5|2|4|2|2|0|6|1|5|1|3|2|1|1|2|1|2|1|1|1|2|2|1|1|1|1|2|1|3|1|1|1|0|1|0|2|2|1|0|1|0|2|0|1|0|0|0|1|0|0|1|0|0|0|1|0|0|0|0|0|0|0|0|0|1</HistCounts>
      </HistItem>
    </Histograms>
    <Metadata>
      <MDI key="RepresentationType">ATHEMATIC</MDI>
      <MDI key="STATISTICS_COVARIANCES">5.171638765993845e-06</MDI>
      <MDI key="STATISTICS_EXCLUDEDVALUES"></MDI>
      <MDI key="STATISTICS_MAXIMUM">0.86561375046154</MDI>
      <MDI key="STATISTICS_MEAN">0.85766633332229</MDI>
      <MDI key="STATISTICS_MINIMUM">0.85175238498574</MDI>
      <MDI key="STATISTICS_SKIPFACTORX">1</MDI>
      <MDI key="STATISTICS_SKIPFACTORY">1</MDI>
      <MDI key="STATISTICS_STDDEV">0.0022741237358582</MDI>
    </Metadata>
  </PAMRasterBand>
</PAMDataset>
