<PAMDataset>
  <Metadata>
    <MDI key="DataType">Generic</MDI>
  </Metadata>
  <PAMRasterBand band="1">
    <Histograms>
      <HistItem>
        <HistMin>0.8814865946769714</HistMin>
        <HistMax>0.9012613892555237</HistMax>
        <BucketCount>256</BucketCount>
        <IncludeOutOfRange>1</IncludeOutOfRange>
        <Approximate>0</Approximate>
        <HistCounts>1|0|0|0|0|0|0|0|0|0|0|0|0|0|0|0|0|0|0|0|0|0|1|0|0|0|0|0|0|0|0|0|0|1|0|0|0|1|1|0|0|0|0|0|2|0|2|1|0|0|0|1|1|1|0|1|0|1|0|2|2|3|1|1|1|2|0|4|5|2|3|4|1|4|5|3|4|6|7|9|9|3|5|4|10|10|3|5|9|13|17|14|10|7|10|15|18|16|9|11|21|13|27|16|12|8|13|19|22|26|18|19|10|17|19|22|28|16|19|29|22|31|36|12|20|24|27|21|21|14|23|18|14|24|17|21|12|15|19|14|16|13|18|8|13|11|7|17|11|9|8|8|6|8|11|7|8|4|3|7|7|4|2|5|5|8|12|9|8|3|5|6|4|9|13|4|4|3|3|6|5|5|6|1|5|6|3|6|7|3|1|9|6|3|4|4|5|4|5|9|1|4|5|1|5|10|5|4|6|5|9|5|4|2|3|5|3|6|4|1|2|4|4|1|5|3|1|1|1|0|3|4|0|2|0|2|3|1|0|0|1|0|1|0|0|0|0|0|0|0|1|0|0|0|0|1</HistCounts>
      </HistItem>
    </Histograms>
    <Metadata>
      <MDI key="RepresentationType">ATHEMATIC</MDI>
      <MDI key="STATISTICS_COVARIANCES">9.004589416039348e-06</MDI>
      <MDI key="STATISTICS_EXCLUDEDVALUES"></MDI>
      <MDI key="STATISTICS_MAXIMUM">0.90126138925552</MDI>
      <MDI key="STATISTICS_MEAN">0.89179414585233</MDI>
      <MDI key="STATISTICS_MINIMUM">0.88148659467697</MDI>
      <MDI key="STATISTICS_SKIPFACTORX">1</MDI>
      <MDI key="STATISTICS_SKIPFACTORY">1</MDI>
      <MDI key="STATISTICS_STDDEV">0.0030007648051854</MDI>
    </Metadata>
  </PAMRasterBand>
</PAMDataset>
