<PAMDataset>
  <Metadata>
    <MDI key="DataType">Generic</MDI>
  </Metadata>
  <PAMRasterBand band="1">
    <Histograms>
      <HistItem>
        <HistMin>0.8604744672775269</HistMin>
        <HistMax>0.8714093565940857</HistMax>
        <BucketCount>256</BucketCount>
        <IncludeOutOfRange>1</IncludeOutOfRange>
        <Approximate>0</Approximate>
        <HistCounts>2|1|2|2|0|0|0|0|0|1|0|1|0|3|0|1|1|1|0|0|2|1|2|2|2|2|0|4|3|3|3|2|2|3|5|4|4|5|6|1|7|2|6|5|2|3|7|4|7|6|4|11|8|9|12|10|5|10|6|5|7|12|15|12|15|12|6|9|8|8|10|5|10|18|10|18|16|15|11|20|14|17|13|23|12|15|6|17|18|20|19|14|13|12|8|13|22|27|21|12|10|13|19|17|11|9|5|5|6|12|10|18|19|16|12|6|14|15|12|11|7|9|12|13|11|12|15|9|11|12|17|12|5|8|9|2|11|9|10|13|10|8|7|9|8|6|8|6|5|7|1|13|10|6|9|5|9|9|5|4|3|3|3|7|8|3|3|4|6|4|5|5|0|8|5|5|5|7|2|4|3|8|4|4|2|5|8|1|4|6|5|1|5|5|2|7|3|5|8|2|1|3|3|6|3|1|5|6|3|3|2|4|0|3|1|2|2|3|1|2|1|0|4|3|1|0|1|0|0|3|0|0|1|0|0|1|1|2|0|0|0|1|0|1|0|0|0|0|1|0|0|0|1|0|0|1</HistCounts>
      </HistItem>
    </Histograms>
    <Metadata>
      <MDI key="RepresentationType">ATHEMATIC</MDI>
      <MDI key="STATISTICS_COVARIANCES">4.086624691803858e-06</MDI>
      <MDI key="STATISTICS_EXCLUDEDVALUES"></MDI>
      <MDI key="STATISTICS_MAXIMUM">0.87140935659409</MDI>
      <MDI key="STATISTICS_MEAN">0.86523028280586</MDI>
      <MDI key="STATISTICS_MINIMUM">0.86047446727753</MDI>
      <MDI key="STATISTICS_SKIPFACTORX">1</MDI>
      <MDI key="STATISTICS_SKIPFACTORY">1</MDI>
      <MDI key="STATISTICS_STDDEV">0.0020215401781325</MDI>
    </Metadata>
  </PAMRasterBand>
</PAMDataset>
