<PAMDataset>
  <Metadata>
    <MDI key="DataType">Generic</MDI>
  </Metadata>
  <PAMRasterBand band="1">
    <Histograms>
      <HistItem>
        <HistMin>0.8674939870834351</HistMin>
        <HistMax>0.8902550339698792</HistMax>
        <BucketCount>256</BucketCount>
        <IncludeOutOfRange>1</IncludeOutOfRange>
        <Approximate>0</Approximate>
        <HistCounts>1|0|0|0|0|0|0|0|0|0|0|1|0|1|2|0|2|1|0|3|3|1|0|4|1|3|3|1|1|0|2|3|1|2|0|0|4|5|8|3|0|4|4|4|1|4|3|1|3|4|7|2|3|3|0|5|1|3|3|7|3|1|3|5|3|6|2|6|3|6|3|1|5|0|1|6|3|4|7|3|5|3|8|2|1|7|4|5|8|3|7|6|7|2|10|4|5|9|6|6|12|10|8|11|11|12|8|9|8|12|7|15|17|9|11|10|12|5|12|10|14|15|16|9|15|16|12|16|6|20|19|12|14|13|12|11|10|9|16|20|9|7|12|7|17|15|8|11|15|17|23|8|12|8|16|11|8|14|12|10|17|16|20|6|9|16|10|15|11|16|13|14|13|15|14|8|8|10|14|13|12|8|9|8|6|6|5|7|2|9|7|4|3|9|6|8|11|6|7|1|3|5|8|3|5|5|7|8|6|10|11|3|2|5|8|6|10|1|2|5|4|0|1|5|1|6|4|1|2|1|8|4|4|1|4|2|3|4|0|1|2|2|1|1|1|0|0|4|3|1|0|0|1|0|1|1</HistCounts>
      </HistItem>
    </Histograms>
    <Metadata>
      <MDI key="RepresentationType">ATHEMATIC</MDI>
      <MDI key="STATISTICS_COVARIANCES">1.918030976356355e-05</MDI>
      <MDI key="STATISTICS_EXCLUDEDVALUES"></MDI>
      <MDI key="STATISTICS_MAXIMUM">0.89025503396988</MDI>
      <MDI key="STATISTICS_MEAN">0.88001308079809</MDI>
      <MDI key="STATISTICS_MINIMUM">0.86749398708344</MDI>
      <MDI key="STATISTICS_SKIPFACTORX">1</MDI>
      <MDI key="STATISTICS_SKIPFACTORY">1</MDI>
      <MDI key="STATISTICS_STDDEV">0.004379533053142</MDI>
    </Metadata>
  </PAMRasterBand>
</PAMDataset>
