<PAMDataset>
  <Metadata>
    <MDI key="DataType">Generic</MDI>
  </Metadata>
  <PAMRasterBand band="1">
    <Histograms>
      <HistItem>
        <HistMin>0.8198240399360657</HistMin>
        <HistMax>0.875735878944397</HistMax>
        <BucketCount>256</BucketCount>
        <IncludeOutOfRange>1</IncludeOutOfRange>
        <Approximate>0</Approximate>
        <HistCounts>1|0|1|0|0|1|0|0|0|0|0|0|1|0|0|1|0|1|0|0|0|0|0|0|1|0|0|0|0|0|0|0|0|0|0|0|0|0|0|0|0|0|0|0|0|0|0|1|0|0|0|0|0|0|0|0|0|0|0|0|0|0|0|0|0|0|1|1|1|2|0|1|1|0|1|0|0|0|0|2|1|1|3|1|1|0|1|2|3|1|2|3|2|2|2|1|0|2|1|2|1|1|1|4|0|2|1|5|1|0|2|1|1|0|1|0|0|3|0|2|1|1|3|2|4|6|2|4|4|0|4|3|8|7|6|7|5|5|5|4|6|1|5|7|11|6|6|6|8|11|5|8|13|8|5|10|5|7|12|8|5|9|4|5|6|9|18|4|9|7|8|4|10|12|9|12|13|11|12|10|22|12|18|18|8|10|18|16|18|14|20|18|20|37|19|29|29|35|31|30|30|31|38|24|31|37|35|31|22|23|22|13|28|16|22|15|18|16|15|20|13|17|12|16|16|9|12|6|8|7|10|6|5|7|4|3|5|6|1|6|7|3|0|2|4|3|8|5|2|0|1|2|3|0|0|1</HistCounts>
      </HistItem>
    </Histograms>
    <Metadata>
      <MDI key="RepresentationType">ATHEMATIC</MDI>
      <MDI key="STATISTICS_COVARIANCES">6.030160607835573e-05</MDI>
      <MDI key="STATISTICS_EXCLUDEDVALUES"></MDI>
      <MDI key="STATISTICS_MAXIMUM">0.8757358789444</MDI>
      <MDI key="STATISTICS_MEAN">0.86103374097496</MDI>
      <MDI key="STATISTICS_MINIMUM">0.81982403993607</MDI>
      <MDI key="STATISTICS_SKIPFACTORX">1</MDI>
      <MDI key="STATISTICS_SKIPFACTORY">1</MDI>
      <MDI key="STATISTICS_STDDEV">0.0077654108763385</MDI>
    </Metadata>
  </PAMRasterBand>
</PAMDataset>
