<PAMDataset>
  <PAMRasterBand band="1">
    <Histograms>
      <HistItem>
        <HistMin>0.8703110450282355</HistMin>
        <HistMax>0.8964517725147101</HistMax>
        <BucketCount>256</BucketCount>
        <IncludeOutOfRange>1</IncludeOutOfRange>
        <Approximate>0</Approximate>
        <HistCounts>1|0|0|0|0|0|0|0|0|0|0|0|0|0|0|0|1|0|0|1|1|0|0|0|1|1|0|3|0|1|0|0|0|1|1|1|0|1|2|0|1|0|0|1|2|0|3|0|0|2|2|1|5|0|3|0|2|1|4|1|2|1|1|1|1|1|0|2|6|2|2|7|3|3|9|1|4|3|2|8|10|7|5|10|6|12|8|7|9|10|6|10|10|5|6|13|8|12|12|10|10|14|14|18|21|19|8|10|16|26|17|11|18|12|17|21|14|14|18|21|11|14|13|14|19|12|20|15|21|14|13|17|6|11|14|14|16|17|14|16|20|12|17|16|19|17|15|16|8|13|13|14|21|11|15|7|18|15|20|11|19|7|14|9|20|6|9|10|13|13|7|11|10|9|2|15|8|3|7|4|11|7|4|11|4|5|8|9|8|5|5|6|3|5|8|3|4|8|4|4|5|7|8|4|3|2|3|2|3|4|3|1|3|1|3|4|3|3|1|3|0|0|5|0|1|2|1|1|3|0|2|1|0|1|0|1|0|0|0|2|0|2|1|1|0|0|0|1|1|1|0|0|1|0|0|1</HistCounts>
      </HistItem>
    </Histograms>
    <Metadata>
      <MDI key="RepresentationType">ATHEMATIC</MDI>
      <MDI key="STATISTICS_COVARIANCES">1.637814528504488e-05</MDI>
      <MDI key="STATISTICS_EXCLUDEDVALUES"></MDI>
      <MDI key="STATISTICS_MAXIMUM">0.89645177251471</MDI>
      <MDI key="STATISTICS_MEAN">0.88417490480023</MDI>
      <MDI key="STATISTICS_MINIMUM">0.87031104502824</MDI>
      <MDI key="STATISTICS_SKIPFACTORX">1</MDI>
      <MDI key="STATISTICS_SKIPFACTORY">1</MDI>
      <MDI key="STATISTICS_STDDEV">0.0040469921281175</MDI>
    </Metadata>
  </PAMRasterBand>
</PAMDataset>
