<PAMDataset>
  <Metadata>
    <MDI key="DataType">Generic</MDI>
  </Metadata>
  <PAMRasterBand band="1">
    <Histograms>
      <HistItem>
        <HistMin>0.8346474170684814</HistMin>
        <HistMax>0.8488436937332153</HistMax>
        <BucketCount>256</BucketCount>
        <IncludeOutOfRange>1</IncludeOutOfRange>
        <Approximate>0</Approximate>
        <HistCounts>1|0|0|0|0|0|0|0|0|0|0|0|0|0|0|0|0|0|0|0|0|0|0|0|2|0|0|0|0|0|0|0|1|3|0|1|0|0|0|1|0|0|0|0|3|1|1|1|1|2|2|2|1|1|3|2|5|2|6|5|11|7|6|7|2|7|6|9|3|9|6|6|9|13|8|11|5|5|11|8|20|21|8|24|16|9|19|12|14|14|21|16|17|26|23|21|20|18|22|15|18|23|12|22|23|25|24|17|15|17|22|13|13|20|8|13|25|17|17|25|9|16|18|12|8|18|12|18|27|11|11|7|3|18|16|7|6|14|14|9|11|6|10|13|3|7|14|6|7|15|2|15|9|6|10|3|7|8|1|8|14|7|1|5|4|9|2|2|2|8|7|9|9|3|5|7|2|1|4|4|3|10|4|5|7|3|3|4|1|3|0|4|5|5|5|8|6|3|3|6|4|6|3|5|1|2|6|1|2|3|2|4|3|1|2|2|2|2|2|0|0|1|3|2|2|0|0|3|1|0|0|1|0|0|1|1|0|0|0|0|1|0|0|1|0|0|0|0|0|0|0|0|0|0|0|1</HistCounts>
      </HistItem>
    </Histograms>
    <Metadata>
      <MDI key="RepresentationType">ATHEMATIC</MDI>
      <MDI key="STATISTICS_COVARIANCES">4.809162888271104e-06</MDI>
      <MDI key="STATISTICS_EXCLUDEDVALUES"></MDI>
      <MDI key="STATISTICS_MAXIMUM">0.84884369373322</MDI>
      <MDI key="STATISTICS_MEAN">0.8413278985396</MDI>
      <MDI key="STATISTICS_MINIMUM">0.83464741706848</MDI>
      <MDI key="STATISTICS_SKIPFACTORX">1</MDI>
      <MDI key="STATISTICS_SKIPFACTORY">1</MDI>
      <MDI key="STATISTICS_STDDEV">0.002192980366595</MDI>
    </Metadata>
  </PAMRasterBand>
</PAMDataset>
