<PAMDataset>
  <PAMRasterBand band="1">
    <Histograms>
      <HistItem>
        <HistMin>0.8194144081529263</HistMin>
        <HistMax>0.8337891514368537</HistMax>
        <BucketCount>256</BucketCount>
        <IncludeOutOfRange>1</IncludeOutOfRange>
        <Approximate>0</Approximate>
        <HistCounts>1|0|0|1|0|0|0|0|0|0|0|0|0|0|0|0|0|1|0|1|0|1|0|0|0|0|0|2|2|1|0|1|2|0|0|0|0|0|0|0|1|3|1|1|0|1|0|2|3|3|3|0|1|1|6|2|8|4|5|2|4|3|8|6|6|6|3|5|5|3|9|7|4|12|4|6|4|9|17|16|16|8|11|8|15|18|18|21|5|13|8|8|8|10|16|13|11|14|13|14|11|15|22|11|19|13|18|13|18|18|28|16|13|19|11|26|18|20|17|21|12|17|20|18|15|10|13|19|12|21|9|11|20|17|14|18|9|12|19|8|16|13|13|15|13|12|13|10|14|13|12|3|12|16|8|11|7|8|4|10|12|15|9|10|5|9|11|7|5|2|6|9|2|13|6|5|3|6|3|3|5|8|2|11|3|6|2|11|6|11|7|3|0|2|6|1|1|1|4|0|3|3|5|1|3|1|2|2|3|0|5|1|2|1|3|1|2|0|2|2|2|0|0|2|1|1|1|2|0|3|1|0|0|0|1|0|1|0|1|0|0|0|0|0|0|0|0|1|0|0|0|0|0|0|0|1</HistCounts>
      </HistItem>
    </Histograms>
    <Metadata>
      <MDI key="RepresentationType">ATHEMATIC</MDI>
      <MDI key="STATISTICS_COVARIANCES">4.851526913426207e-06</MDI>
      <MDI key="STATISTICS_EXCLUDEDVALUES"></MDI>
      <MDI key="STATISTICS_MAXIMUM">0.83378915143685</MDI>
      <MDI key="STATISTICS_MEAN">0.82639526369686</MDI>
      <MDI key="STATISTICS_MINIMUM">0.81941440815293</MDI>
      <MDI key="STATISTICS_SKIPFACTORX">1</MDI>
      <MDI key="STATISTICS_SKIPFACTORY">1</MDI>
      <MDI key="STATISTICS_STDDEV">0.0022026181951092</MDI>
    </Metadata>
  </PAMRasterBand>
</PAMDataset>
