<PAMDataset>
  <Metadata>
    <MDI key="DataType">Generic</MDI>
  </Metadata>
  <PAMRasterBand band="1">
    <Histograms>
      <HistItem>
        <HistMin>0.8602367043495178</HistMin>
        <HistMax>0.8815155625343323</HistMax>
        <BucketCount>256</BucketCount>
        <IncludeOutOfRange>1</IncludeOutOfRange>
        <Approximate>0</Approximate>
        <HistCounts>2|0|0|0|0|0|0|0|0|0|0|0|0|1|0|0|0|0|0|0|0|0|0|0|0|0|0|1|0|0|0|0|0|0|0|0|0|0|0|0|0|0|0|0|0|0|0|0|0|0|0|0|0|1|1|0|0|0|0|0|0|0|0|0|0|0|0|2|0|0|0|0|0|1|1|0|0|0|0|0|1|1|0|0|0|0|0|0|1|0|0|0|0|3|0|1|2|0|0|0|0|0|1|2|0|0|2|3|0|2|3|1|2|8|3|3|5|7|2|2|11|5|7|12|9|7|8|13|10|11|17|14|16|23|19|11|19|23|19|22|25|25|24|34|27|20|18|40|31|21|47|27|33|32|28|30|21|16|25|30|33|32|16|24|27|19|12|13|13|13|14|20|15|12|10|12|4|8|14|10|7|10|11|4|4|5|11|3|3|5|6|7|4|2|2|2|4|11|8|6|8|6|2|11|4|7|5|11|7|12|4|5|5|5|11|10|10|7|6|4|5|5|4|6|9|12|9|3|4|8|3|6|8|7|2|5|5|5|2|5|2|1|1|4|0|0|0|1|0|1|0|2|1|2|0|1</HistCounts>
      </HistItem>
    </Histograms>
    <Metadata>
      <MDI key="RepresentationType">ATHEMATIC</MDI>
      <MDI key="STATISTICS_COVARIANCES">7.539781591588011e-06</MDI>
      <MDI key="STATISTICS_EXCLUDEDVALUES"></MDI>
      <MDI key="STATISTICS_MAXIMUM">0.88151556253433</MDI>
      <MDI key="STATISTICS_MEAN">0.87384488925338</MDI>
      <MDI key="STATISTICS_MINIMUM">0.86023670434952</MDI>
      <MDI key="STATISTICS_SKIPFACTORX">1</MDI>
      <MDI key="STATISTICS_SKIPFACTORY">1</MDI>
      <MDI key="STATISTICS_STDDEV">0.002745866273435</MDI>
    </Metadata>
  </PAMRasterBand>
</PAMDataset>
