<PAMDataset>
  <PAMRasterBand band="1">
    <Histograms>
      <HistItem>
        <HistMin>0.8734788123537481</HistMin>
        <HistMax>0.8878834952046383</HistMax>
        <BucketCount>256</BucketCount>
        <IncludeOutOfRange>1</IncludeOutOfRange>
        <Approximate>0</Approximate>
        <HistCounts>1|0|0|0|1|1|0|0|0|1|2|0|0|0|0|0|0|5|2|0|0|1|0|1|2|0|3|5|3|3|2|1|2|3|3|6|1|4|3|7|7|2|8|2|0|7|5|5|7|6|6|5|9|5|7|5|13|7|6|8|10|6|1|11|13|14|15|5|11|8|12|15|15|8|11|18|18|13|14|10|16|15|14|13|9|8|18|12|15|19|8|18|22|21|10|18|10|13|13|13|15|18|9|18|13|23|18|19|16|19|16|15|17|13|13|16|14|16|12|9|16|16|11|16|7|10|9|18|9|8|12|16|11|4|9|7|12|7|8|11|4|7|11|6|10|5|8|5|15|11|9|6|7|8|3|7|6|10|6|4|3|5|3|9|3|5|5|6|4|5|6|5|4|7|7|3|5|1|7|4|6|3|9|5|5|6|3|1|5|5|4|3|5|4|2|3|2|2|4|4|3|4|2|2|1|3|0|0|2|3|5|3|1|0|2|3|0|1|1|1|1|1|1|1|2|0|0|1|2|0|1|1|1|0|1|0|0|0|0|0|1|0|0|0|0|0|0|0|0|0|0|0|0|0|0|1</HistCounts>
      </HistItem>
    </Histograms>
    <Metadata>
      <MDI key="RepresentationType">ATHEMATIC</MDI>
      <MDI key="STATISTICS_COVARIANCES">6.154505117478016e-06</MDI>
      <MDI key="STATISTICS_EXCLUDEDVALUES"></MDI>
      <MDI key="STATISTICS_MAXIMUM">0.88788349520464</MDI>
      <MDI key="STATISTICS_MEAN">0.87971963656718</MDI>
      <MDI key="STATISTICS_MINIMUM">0.87347881235375</MDI>
      <MDI key="STATISTICS_SKIPFACTORX">1</MDI>
      <MDI key="STATISTICS_SKIPFACTORY">1</MDI>
      <MDI key="STATISTICS_STDDEV">0.0024808275065949</MDI>
    </Metadata>
  </PAMRasterBand>
</PAMDataset>
