<PAMDataset>
  <Metadata>
    <MDI key="DataType">Generic</MDI>
  </Metadata>
  <PAMRasterBand band="1">
    <Histograms>
      <HistItem>
        <HistMin>0.8438102602958679</HistMin>
        <HistMax>0.8590642809867859</HistMax>
        <BucketCount>256</BucketCount>
        <IncludeOutOfRange>1</IncludeOutOfRange>
        <Approximate>0</Approximate>
        <HistCounts>1|0|1|0|1|0|0|0|1|1|0|0|0|1|2|0|1|0|0|1|0|0|2|0|0|0|2|0|3|0|0|1|4|2|2|5|5|3|3|5|4|4|2|10|9|4|2|10|9|8|8|4|6|10|10|10|8|9|14|10|11|10|9|14|9|11|14|13|12|18|15|11|10|21|19|21|16|19|11|19|19|18|21|24|20|17|24|12|24|11|25|11|23|16|19|23|20|16|21|27|19|11|11|16|15|27|20|14|23|14|16|17|10|14|9|16|11|10|6|13|16|10|10|2|6|5|8|6|4|9|7|10|6|5|4|4|9|4|5|6|9|5|5|4|4|1|6|6|3|4|6|4|4|2|2|4|5|6|2|7|1|5|5|6|7|9|5|3|2|0|5|7|3|7|3|2|4|3|4|1|6|3|2|0|2|4|5|6|4|6|5|10|7|1|1|7|4|5|2|3|3|3|1|4|1|4|0|1|3|5|2|3|1|0|1|0|1|1|2|1|0|0|0|0|2|0|0|0|0|2|1|0|1|0|0|0|0|0|0|1|0|0|0|0|0|0|0|1|0|0|0|0|0|0|0|1</HistCounts>
      </HistItem>
    </Histograms>
    <Metadata>
      <MDI key="RepresentationType">ATHEMATIC</MDI>
      <MDI key="STATISTICS_COVARIANCES">6.521365067438389e-06</MDI>
      <MDI key="STATISTICS_EXCLUDEDVALUES"></MDI>
      <MDI key="STATISTICS_MAXIMUM">0.85906428098679</MDI>
      <MDI key="STATISTICS_MEAN">0.8500398799032</MDI>
      <MDI key="STATISTICS_MINIMUM">0.84381026029587</MDI>
      <MDI key="STATISTICS_SKIPFACTORX">1</MDI>
      <MDI key="STATISTICS_SKIPFACTORY">1</MDI>
      <MDI key="STATISTICS_STDDEV">0.0025536963538053</MDI>
    </Metadata>
  </PAMRasterBand>
</PAMDataset>
