<PAMDataset>
  <Metadata>
    <MDI key="DataType">Generic</MDI>
  </Metadata>
  <PAMRasterBand band="1">
    <Histograms>
      <HistItem>
        <HistMin>0.8694053292274475</HistMin>
        <HistMax>0.8838904500007629</HistMax>
        <BucketCount>256</BucketCount>
        <IncludeOutOfRange>1</IncludeOutOfRange>
        <Approximate>0</Approximate>
        <HistCounts>1|0|0|0|0|0|0|0|0|0|0|0|1|0|0|0|1|0|0|0|2|3|2|1|0|0|0|1|1|1|1|1|1|0|0|2|6|4|0|2|3|3|2|1|8|5|2|3|8|4|5|2|8|8|7|3|5|10|6|5|6|9|18|9|5|4|10|12|6|14|13|21|10|12|11|20|14|14|19|15|22|19|20|19|23|21|18|20|18|22|13|28|20|12|16|19|16|18|28|23|20|16|21|15|16|7|18|13|13|8|11|17|11|17|15|13|22|5|13|7|7|10|5|9|16|12|6|4|10|13|7|6|7|12|8|4|6|3|7|0|5|4|3|4|6|10|2|7|3|10|7|2|7|8|7|8|3|5|5|5|2|8|6|3|6|6|6|6|6|4|2|9|3|4|10|8|4|6|4|6|2|2|7|8|9|4|6|1|7|4|1|6|6|3|3|4|4|10|4|3|8|1|4|8|1|10|5|2|2|1|3|2|2|2|4|1|1|3|0|1|3|1|1|2|4|2|1|2|0|2|1|1|1|1|0|3|1|0|0|0|0|0|0|0|1|1|0|0|0|0|0|0|0|0|0|1</HistCounts>
      </HistItem>
    </Histograms>
    <Metadata>
      <MDI key="RepresentationType">ATHEMATIC</MDI>
      <MDI key="STATISTICS_COVARIANCES">6.701388576968299e-06</MDI>
      <MDI key="STATISTICS_EXCLUDEDVALUES"></MDI>
      <MDI key="STATISTICS_MAXIMUM">0.88389045000076</MDI>
      <MDI key="STATISTICS_MEAN">0.87583476103842</MDI>
      <MDI key="STATISTICS_MINIMUM">0.86940532922745</MDI>
      <MDI key="STATISTICS_SKIPFACTORX">1</MDI>
      <MDI key="STATISTICS_SKIPFACTORY">1</MDI>
      <MDI key="STATISTICS_STDDEV">0.002588704034255</MDI>
    </Metadata>
  </PAMRasterBand>
</PAMDataset>
