<PAMDataset>
  <Metadata>
    <MDI key="DataType">Generic</MDI>
  </Metadata>
  <PAMRasterBand band="1">
    <Histograms>
      <HistItem>
        <HistMin>0.7628152966499329</HistMin>
        <HistMax>0.9501678943634033</HistMax>
        <BucketCount>256</BucketCount>
        <IncludeOutOfRange>1</IncludeOutOfRange>
        <Approximate>0</Approximate>
        <HistCounts>1|0|0|0|0|0|0|1|0|0|0|0|0|0|0|0|0|0|0|0|0|0|0|0|0|0|0|0|1|0|0|0|1|0|0|0|0|0|0|0|0|0|0|0|0|0|0|1|0|0|0|0|0|0|1|0|0|0|1|0|2|1|2|0|1|0|1|0|1|0|0|2|0|0|1|1|2|0|0|1|0|1|1|0|0|0|0|1|1|1|0|1|1|0|1|0|2|1|0|1|1|0|1|1|2|3|4|1|0|3|0|2|1|4|1|2|2|0|0|3|4|2|0|6|2|3|1|3|1|2|3|3|3|2|5|2|4|3|7|3|10|3|9|5|11|9|7|8|5|7|9|3|8|6|8|3|8|6|7|8|4|1|7|8|10|12|8|16|8|5|16|10|9|14|13|10|14|15|16|12|15|18|19|27|56|59|54|76|51|66|45|51|33|29|40|43|37|32|40|22|23|16|15|21|23|18|17|17|15|9|7|8|13|14|6|8|6|11|5|6|4|2|3|2|7|2|2|1|4|0|3|1|5|3|1|0|2|0|2|0|1|1|1|3|1|0|1|1|0|0|2|1|0|0|0|1</HistCounts>
      </HistItem>
    </Histograms>
    <Metadata>
      <MDI key="RepresentationType">ATHEMATIC</MDI>
      <MDI key="STATISTICS_COVARIANCES">0.0004549350740485532</MDI>
      <MDI key="STATISTICS_EXCLUDEDVALUES"></MDI>
      <MDI key="STATISTICS_MAXIMUM">0.9501678943634</MDI>
      <MDI key="STATISTICS_MEAN">0.89668356917798</MDI>
      <MDI key="STATISTICS_MINIMUM">0.76281529664993</MDI>
      <MDI key="STATISTICS_SKIPFACTORX">1</MDI>
      <MDI key="STATISTICS_SKIPFACTORY">1</MDI>
      <MDI key="STATISTICS_STDDEV">0.021329207065631</MDI>
    </Metadata>
  </PAMRasterBand>
</PAMDataset>
