<PAMDataset>
  <Metadata>
    <MDI key="DataType">Generic</MDI>
  </Metadata>
  <PAMRasterBand band="1">
    <Histograms>
      <HistItem>
        <HistMin>0.8371075391769409</HistMin>
        <HistMax>0.8708999156951904</HistMax>
        <BucketCount>256</BucketCount>
        <IncludeOutOfRange>1</IncludeOutOfRange>
        <Approximate>0</Approximate>
        <HistCounts>1|0|0|0|0|0|0|0|0|0|1|0|0|0|0|0|0|0|1|0|0|0|2|0|0|0|0|0|0|0|0|0|0|0|0|0|3|1|1|0|0|0|2|0|1|1|1|0|1|4|1|1|1|2|1|0|0|0|1|0|1|0|1|3|2|0|6|5|3|3|8|3|1|4|1|7|1|5|6|4|6|8|5|3|13|6|6|4|4|8|8|6|11|15|7|10|13|15|10|11|9|16|8|6|14|14|7|9|11|13|15|19|11|10|17|28|19|13|11|32|23|15|12|24|22|17|19|16|16|21|18|17|24|16|26|13|17|35|14|24|17|17|18|13|22|15|17|21|20|25|21|7|17|15|18|20|12|17|16|19|12|15|16|12|17|7|9|11|11|8|6|10|11|13|4|10|8|9|5|4|12|3|5|4|6|11|8|5|3|5|6|7|5|2|5|7|2|4|0|1|1|0|2|2|1|1|1|2|2|0|1|0|0|5|0|0|1|0|0|1|0|0|1|0|0|0|0|0|0|0|0|1|0|0|0|0|0|0|0|0|0|0|0|0|0|0|0|0|0|0|0|0|0|0|0|1</HistCounts>
      </HistItem>
    </Histograms>
    <Metadata>
      <MDI key="RepresentationType">ATHEMATIC</MDI>
      <MDI key="STATISTICS_COVARIANCES">1.929071898528694e-05</MDI>
      <MDI key="STATISTICS_EXCLUDEDVALUES"></MDI>
      <MDI key="STATISTICS_MAXIMUM">0.87089991569519</MDI>
      <MDI key="STATISTICS_MEAN">0.85471246410161</MDI>
      <MDI key="STATISTICS_MINIMUM">0.83710753917694</MDI>
      <MDI key="STATISTICS_SKIPFACTORX">1</MDI>
      <MDI key="STATISTICS_SKIPFACTORY">1</MDI>
      <MDI key="STATISTICS_STDDEV">0.0043921201014188</MDI>
    </Metadata>
  </PAMRasterBand>
</PAMDataset>
