<PAMDataset>
  <Metadata>
    <MDI key="DataType">Generic</MDI>
  </Metadata>
  <PAMRasterBand band="1">
    <Histograms>
      <HistItem>
        <HistMin>0.8667886257171631</HistMin>
        <HistMax>0.8809013962745667</HistMax>
        <BucketCount>256</BucketCount>
        <IncludeOutOfRange>1</IncludeOutOfRange>
        <Approximate>0</Approximate>
        <HistCounts>1|0|0|0|0|0|0|0|0|0|0|0|0|0|1|0|0|0|0|1|0|0|4|0|0|1|0|2|1|2|0|2|0|2|0|1|7|0|1|2|8|2|4|2|1|9|1|5|3|6|9|2|2|6|6|7|3|7|6|6|3|9|6|8|7|4|11|9|10|19|6|10|15|15|13|6|9|14|15|8|9|14|9|9|11|21|19|12|12|9|24|17|11|14|24|18|6|20|11|16|10|11|13|19|17|10|13|14|11|8|17|9|16|15|9|7|15|10|9|7|12|11|12|15|10|5|10|10|11|9|9|8|12|8|9|8|21|8|8|8|8|12|11|4|7|7|10|4|8|7|9|12|9|14|9|12|3|7|8|12|5|5|8|7|6|3|6|6|9|6|9|7|7|3|5|6|8|4|3|8|6|10|5|5|4|6|8|6|6|3|11|6|5|5|4|5|6|3|4|7|5|5|6|4|5|7|3|6|6|6|4|3|3|5|3|3|3|3|4|5|4|4|5|0|1|1|5|2|2|3|3|3|1|2|1|1|3|1|1|0|1|3|0|1|0|1|0|1|1|0|0|0|0|0|0|1</HistCounts>
      </HistItem>
    </Histograms>
    <Metadata>
      <MDI key="RepresentationType">ATHEMATIC</MDI>
      <MDI key="STATISTICS_COVARIANCES">7.37454074406015e-06</MDI>
      <MDI key="STATISTICS_EXCLUDEDVALUES"></MDI>
      <MDI key="STATISTICS_MAXIMUM">0.88090139627457</MDI>
      <MDI key="STATISTICS_MEAN">0.87361139971763</MDI>
      <MDI key="STATISTICS_MINIMUM">0.86678862571716</MDI>
      <MDI key="STATISTICS_SKIPFACTORX">1</MDI>
      <MDI key="STATISTICS_SKIPFACTORY">1</MDI>
      <MDI key="STATISTICS_STDDEV">0.0027156105656114</MDI>
    </Metadata>
  </PAMRasterBand>
</PAMDataset>
