<PAMDataset>
  <PAMRasterBand band="1">
    <Histograms>
      <HistItem>
        <HistMin>0.8562227958239575</HistMin>
        <HistMax>0.8710123247595513</HistMax>
        <BucketCount>256</BucketCount>
        <IncludeOutOfRange>1</IncludeOutOfRange>
        <Approximate>0</Approximate>
        <HistCounts>1|0|0|1|0|0|0|0|0|1|2|0|0|1|1|1|0|0|1|0|2|1|3|0|1|1|3|5|2|2|4|3|3|6|4|3|4|3|2|5|5|5|3|3|4|5|4|7|7|6|9|15|7|13|12|6|12|7|11|12|8|6|14|14|13|20|12|9|15|16|23|18|22|14|12|12|21|25|21|20|17|19|21|21|11|17|19|13|13|17|23|20|16|12|17|24|22|12|8|24|20|18|11|13|16|22|10|13|13|13|14|8|14|10|11|10|16|9|16|12|6|10|10|12|8|5|11|7|5|8|6|6|5|7|1|7|5|8|5|4|5|5|4|4|4|9|7|7|5|7|9|3|4|3|9|4|2|6|3|6|2|4|7|3|6|4|4|5|9|5|2|4|4|3|6|3|1|2|3|2|2|9|2|2|2|8|4|3|3|3|2|2|7|2|3|4|4|6|2|5|6|2|2|4|2|1|1|0|1|2|1|0|5|6|1|2|1|1|1|0|1|0|1|1|0|2|3|1|1|0|0|2|0|0|1|0|0|0|0|0|1|0|0|0|0|0|0|1|0|0|0|0|0|0|0|1</HistCounts>
      </HistItem>
    </Histograms>
    <Metadata>
      <MDI key="RepresentationType">ATHEMATIC</MDI>
      <MDI key="STATISTICS_COVARIANCES">6.596438080633779e-06</MDI>
      <MDI key="STATISTICS_EXCLUDEDVALUES"></MDI>
      <MDI key="STATISTICS_MAXIMUM">0.87101232475955</MDI>
      <MDI key="STATISTICS_MEAN">0.86222545618637</MDI>
      <MDI key="STATISTICS_MINIMUM">0.85622279582396</MDI>
      <MDI key="STATISTICS_SKIPFACTORX">1</MDI>
      <MDI key="STATISTICS_SKIPFACTORY">1</MDI>
      <MDI key="STATISTICS_STDDEV">0.0025683531845589</MDI>
    </Metadata>
  </PAMRasterBand>
</PAMDataset>
