<PAMDataset>
  <Metadata>
    <MDI key="DataType">Generic</MDI>
  </Metadata>
  <PAMRasterBand band="1">
    <Histograms>
      <HistItem>
        <HistMin>0.8413234949111938</HistMin>
        <HistMax>0.8542943596839905</HistMax>
        <BucketCount>256</BucketCount>
        <IncludeOutOfRange>1</IncludeOutOfRange>
        <Approximate>0</Approximate>
        <HistCounts>1|0|0|0|0|0|0|0|1|0|0|0|0|0|1|2|0|1|0|1|0|1|1|1|1|0|0|1|1|1|1|2|2|1|3|5|4|2|6|5|11|2|3|5|6|8|4|8|4|6|6|9|12|9|2|14|18|20|11|7|9|6|12|21|19|9|15|10|24|11|14|15|14|16|11|27|14|20|23|17|19|20|25|17|15|13|19|14|12|9|12|15|18|11|16|16|12|14|21|20|15|9|12|20|16|17|10|14|16|13|19|15|9|8|8|7|6|11|4|6|9|8|9|8|6|3|4|5|8|8|3|14|7|7|6|2|9|8|2|6|4|2|4|5|5|4|5|5|5|3|2|2|1|5|6|3|2|4|5|10|6|4|8|5|4|3|8|4|5|4|4|11|2|3|5|5|5|9|5|3|4|3|6|5|9|5|11|3|3|7|12|3|8|4|5|2|7|5|6|5|5|6|2|4|0|3|1|2|2|5|4|1|3|4|1|1|6|2|2|1|4|2|5|3|4|2|5|2|0|3|2|1|0|0|2|1|2|3|0|2|1|0|0|0|0|0|0|0|0|0|0|0|0|0|0|1</HistCounts>
      </HistItem>
    </Histograms>
    <Metadata>
      <MDI key="RepresentationType">ATHEMATIC</MDI>
      <MDI key="STATISTICS_COVARIANCES">6.384737282120797e-06</MDI>
      <MDI key="STATISTICS_EXCLUDEDVALUES"></MDI>
      <MDI key="STATISTICS_MAXIMUM">0.85429435968399</MDI>
      <MDI key="STATISTICS_MEAN">0.84691680952907</MDI>
      <MDI key="STATISTICS_MINIMUM">0.84132349491119</MDI>
      <MDI key="STATISTICS_SKIPFACTORX">1</MDI>
      <MDI key="STATISTICS_SKIPFACTORY">1</MDI>
      <MDI key="STATISTICS_STDDEV">0.0025268037680281</MDI>
    </Metadata>
  </PAMRasterBand>
</PAMDataset>
