<PAMDataset>
  <Metadata>
    <MDI key="DataType">Generic</MDI>
  </Metadata>
  <PAMRasterBand band="1">
    <Histograms>
      <HistItem>
        <HistMin>0.8189200162887573</HistMin>
        <HistMax>0.8317913413047791</HistMax>
        <BucketCount>256</BucketCount>
        <IncludeOutOfRange>1</IncludeOutOfRange>
        <Approximate>0</Approximate>
        <HistCounts>1|0|0|0|0|0|0|0|0|1|2|0|0|0|0|0|1|1|0|1|0|3|2|1|0|1|0|2|3|2|1|1|2|3|1|7|8|8|4|2|2|2|9|4|2|4|3|4|16|8|10|10|3|9|11|10|13|15|3|7|10|18|19|8|15|18|11|12|22|14|22|19|16|11|22|17|15|10|13|12|18|22|24|16|18|16|21|11|22|28|10|16|15|20|15|18|31|24|15|18|22|15|16|13|13|9|14|8|22|8|20|11|13|16|10|16|19|12|7|12|17|8|11|9|12|7|17|16|9|5|9|7|6|11|8|9|9|8|9|7|5|7|5|6|8|2|2|4|4|8|11|10|5|5|7|6|0|3|9|6|2|4|4|4|7|5|1|2|2|8|5|2|3|7|3|2|4|2|6|3|3|1|1|3|2|3|1|2|6|6|4|1|3|0|1|1|1|1|3|0|1|0|2|0|1|1|0|0|0|1|0|1|0|1|1|0|0|1|0|0|0|0|0|0|0|0|0|1|0|0|0|0|0|0|0|0|0|0|0|0|0|0|0|0|0|0|0|0|0|1|0|0|0|0|0|1</HistCounts>
      </HistItem>
    </Histograms>
    <Metadata>
      <MDI key="RepresentationType">ATHEMATIC</MDI>
      <MDI key="STATISTICS_COVARIANCES">3.739349615740489e-06</MDI>
      <MDI key="STATISTICS_EXCLUDEDVALUES"></MDI>
      <MDI key="STATISTICS_MAXIMUM">0.83179134130478</MDI>
      <MDI key="STATISTICS_MEAN">0.82398905977607</MDI>
      <MDI key="STATISTICS_MINIMUM">0.81892001628876</MDI>
      <MDI key="STATISTICS_SKIPFACTORX">1</MDI>
      <MDI key="STATISTICS_SKIPFACTORY">1</MDI>
      <MDI key="STATISTICS_STDDEV">0.0019337398004231</MDI>
    </Metadata>
  </PAMRasterBand>
</PAMDataset>
