<PAMDataset>
  <Metadata>
    <MDI key="DataType">Generic</MDI>
  </Metadata>
  <PAMRasterBand band="1">
    <Histograms>
      <HistItem>
        <HistMin>0.8627828359603882</HistMin>
        <HistMax>0.8889943957328796</HistMax>
        <BucketCount>256</BucketCount>
        <IncludeOutOfRange>1</IncludeOutOfRange>
        <Approximate>0</Approximate>
        <HistCounts>1|0|0|0|0|0|0|0|0|0|0|0|0|1|0|0|0|0|1|0|0|0|0|1|0|0|0|0|0|0|1|0|0|1|0|0|0|1|1|0|1|0|1|0|3|0|1|0|1|4|0|3|1|1|1|2|1|1|2|0|1|3|3|1|1|0|1|5|1|0|0|8|2|1|4|2|8|9|15|1|3|5|8|2|8|1|6|6|7|5|9|6|8|5|6|4|9|8|8|5|4|11|4|8|7|10|5|6|6|11|11|11|7|8|14|15|20|7|8|19|11|19|18|11|20|21|26|21|17|30|17|17|18|21|27|25|17|13|25|35|23|12|35|18|22|27|22|8|12|28|15|15|27|16|15|21|16|20|11|17|22|9|11|18|10|11|16|13|5|9|13|13|15|10|4|11|9|7|6|6|5|6|5|5|7|6|3|8|8|5|3|7|11|6|0|7|6|3|7|2|4|1|2|4|4|1|0|1|5|3|1|0|1|3|0|0|0|1|2|3|3|0|0|2|6|1|4|2|3|2|1|2|1|1|0|2|1|0|0|0|1|0|0|0|2|3|0|0|0|1|0|0|0|0|0|1</HistCounts>
      </HistItem>
    </Histograms>
    <Metadata>
      <MDI key="RepresentationType">ATHEMATIC</MDI>
      <MDI key="STATISTICS_COVARIANCES">1.382231217233495e-05</MDI>
      <MDI key="STATISTICS_EXCLUDEDVALUES"></MDI>
      <MDI key="STATISTICS_MAXIMUM">0.88899439573288</MDI>
      <MDI key="STATISTICS_MEAN">0.87709656324238</MDI>
      <MDI key="STATISTICS_MINIMUM">0.86278283596039</MDI>
      <MDI key="STATISTICS_SKIPFACTORX">1</MDI>
      <MDI key="STATISTICS_SKIPFACTORY">1</MDI>
      <MDI key="STATISTICS_STDDEV">0.0037178370287487</MDI>
    </Metadata>
  </PAMRasterBand>
</PAMDataset>
