<PAMDataset>
  <Metadata>
    <MDI key="DataType">Generic</MDI>
  </Metadata>
  <PAMRasterBand band="1">
    <Histograms>
      <HistItem>
        <HistMin>0.8417147397994995</HistMin>
        <HistMax>0.8560195565223694</HistMax>
        <BucketCount>256</BucketCount>
        <IncludeOutOfRange>1</IncludeOutOfRange>
        <Approximate>0</Approximate>
        <HistCounts>1|0|0|0|0|1|1|0|0|1|0|1|0|0|2|2|1|2|0|0|0|0|1|1|2|5|0|5|2|5|6|5|3|1|4|5|6|3|1|4|4|9|5|4|6|5|7|8|6|9|11|9|9|7|9|14|6|19|7|9|14|13|10|2|11|11|17|18|22|19|9|25|14|10|16|10|21|15|11|27|17|12|19|21|19|13|14|21|15|15|12|12|21|13|14|14|9|13|18|10|10|12|11|20|12|11|6|10|8|11|7|9|12|10|12|12|9|9|8|9|10|8|7|9|6|9|7|6|4|4|9|5|4|7|6|11|6|6|11|3|9|6|11|7|11|7|9|5|4|10|7|4|3|15|10|7|10|7|16|8|6|9|6|9|5|6|4|6|9|5|5|6|7|9|11|5|6|7|6|3|4|3|10|6|3|3|4|5|6|4|1|5|3|5|2|2|1|1|5|3|2|1|1|2|4|4|2|1|0|3|2|0|2|2|6|1|1|0|0|0|2|1|0|1|0|1|0|1|0|1|1|1|0|1|0|0|0|0|0|0|0|1|2|1|0|1|0|0|0|0|0|0|0|1|0|1</HistCounts>
      </HistItem>
    </Histograms>
    <Metadata>
      <MDI key="RepresentationType">ATHEMATIC</MDI>
      <MDI key="STATISTICS_COVARIANCES">6.904028700378155e-06</MDI>
      <MDI key="STATISTICS_EXCLUDEDVALUES"></MDI>
      <MDI key="STATISTICS_MAXIMUM">0.85601955652237</MDI>
      <MDI key="STATISTICS_MEAN">0.84772439900786</MDI>
      <MDI key="STATISTICS_MINIMUM">0.8417147397995</MDI>
      <MDI key="STATISTICS_SKIPFACTORX">1</MDI>
      <MDI key="STATISTICS_SKIPFACTORY">1</MDI>
      <MDI key="STATISTICS_STDDEV">0.0026275518454215</MDI>
    </Metadata>
  </PAMRasterBand>
</PAMDataset>
