<PAMDataset>
  <PAMRasterBand band="1">
    <Histograms>
      <HistItem>
        <HistMin>0.8805941762723976</HistMin>
        <HistMax>0.8951834733450202</HistMax>
        <BucketCount>256</BucketCount>
        <IncludeOutOfRange>1</IncludeOutOfRange>
        <Approximate>0</Approximate>
        <HistCounts>1|0|0|0|0|1|0|0|0|0|1|0|0|1|0|1|0|1|0|1|2|0|0|1|0|0|1|1|6|1|4|5|4|1|3|3|3|7|6|4|11|8|6|7|6|5|7|9|5|11|10|5|5|7|12|9|10|2|10|9|9|15|9|7|20|14|14|11|8|18|20|17|14|17|13|17|15|17|20|14|8|18|19|20|10|18|21|21|13|18|20|13|17|13|9|15|18|13|13|16|12|15|22|19|15|22|12|19|10|16|9|18|9|13|11|15|14|8|4|8|7|12|11|17|11|9|5|7|7|7|4|10|8|6|5|7|5|7|5|6|7|10|3|4|7|8|7|5|5|4|5|14|3|2|3|5|8|8|12|7|8|5|6|2|7|7|5|5|3|8|7|3|3|6|4|3|6|6|4|3|3|4|8|3|8|4|4|6|3|4|1|3|2|6|5|1|1|1|4|3|3|3|2|4|2|2|4|1|4|2|0|0|1|1|2|1|0|2|1|1|2|1|1|0|0|1|2|1|1|2|1|0|1|0|0|2|0|1|0|0|0|0|1|0|0|0|1|0|0|0|0|0|0|1|0|1</HistCounts>
      </HistItem>
    </Histograms>
    <Metadata>
      <MDI key="RepresentationType">ATHEMATIC</MDI>
      <MDI key="STATISTICS_COVARIANCES">6.637114107610902e-06</MDI>
      <MDI key="STATISTICS_EXCLUDEDVALUES"></MDI>
      <MDI key="STATISTICS_MAXIMUM">0.89518347334502</MDI>
      <MDI key="STATISTICS_MEAN">0.88666961982441</MDI>
      <MDI key="STATISTICS_MINIMUM">0.8805941762724</MDI>
      <MDI key="STATISTICS_SKIPFACTORX">1</MDI>
      <MDI key="STATISTICS_SKIPFACTORY">1</MDI>
      <MDI key="STATISTICS_STDDEV">0.002576259712764</MDI>
    </Metadata>
  </PAMRasterBand>
</PAMDataset>
