<PAMDataset>
  <Metadata>
    <MDI key="DataType">Generic</MDI>
  </Metadata>
  <PAMRasterBand band="1">
    <Histograms>
      <HistItem>
        <HistMin>0.8698843121528625</HistMin>
        <HistMax>0.8828549385070801</HistMax>
        <BucketCount>256</BucketCount>
        <IncludeOutOfRange>1</IncludeOutOfRange>
        <Approximate>0</Approximate>
        <HistCounts>1|1|0|0|0|0|0|1|1|0|0|2|0|0|0|0|0|3|0|2|0|2|0|0|0|1|2|3|2|0|1|3|3|1|1|3|3|3|4|2|2|1|5|5|3|8|10|8|2|3|5|11|11|7|10|16|9|5|6|11|9|13|10|14|19|13|12|13|12|15|16|11|12|18|22|20|14|12|9|13|12|14|18|16|26|12|16|21|23|26|15|16|11|23|16|18|12|10|16|11|16|8|8|13|16|17|15|14|12|10|6|12|7|13|16|7|12|11|8|19|9|7|8|11|5|11|3|10|16|15|6|9|12|6|2|4|8|7|6|3|3|9|4|7|9|6|6|6|5|6|8|4|3|3|2|6|7|5|3|5|9|5|6|5|2|2|6|4|2|3|2|6|7|4|5|2|7|3|5|3|2|2|7|3|7|2|2|4|3|10|3|7|8|6|7|3|5|7|3|2|8|9|5|7|1|1|10|3|1|3|4|3|4|2|4|2|5|4|1|8|4|2|2|1|4|1|0|4|4|1|2|2|1|1|1|1|0|0|0|1|1|0|0|0|2|0|0|0|0|0|0|0|1|0|0|1</HistCounts>
      </HistItem>
    </Histograms>
    <Metadata>
      <MDI key="RepresentationType">ATHEMATIC</MDI>
      <MDI key="STATISTICS_COVARIANCES">6.307287339791102e-06</MDI>
      <MDI key="STATISTICS_EXCLUDEDVALUES"></MDI>
      <MDI key="STATISTICS_MAXIMUM">0.88285493850708</MDI>
      <MDI key="STATISTICS_MEAN">0.87558300346136</MDI>
      <MDI key="STATISTICS_MINIMUM">0.86988431215286</MDI>
      <MDI key="STATISTICS_SKIPFACTORX">1</MDI>
      <MDI key="STATISTICS_SKIPFACTORY">1</MDI>
      <MDI key="STATISTICS_STDDEV">0.0025114313328839</MDI>
    </Metadata>
  </PAMRasterBand>
</PAMDataset>
