<PAMDataset>
  <Metadata>
    <MDI key="DataType">Generic</MDI>
  </Metadata>
  <PAMRasterBand band="1">
    <Histograms>
      <HistItem>
        <HistMin>0.7613752484321594</HistMin>
        <HistMax>0.7875514626502991</HistMax>
        <BucketCount>256</BucketCount>
        <IncludeOutOfRange>1</IncludeOutOfRange>
        <Approximate>0</Approximate>
        <HistCounts>1|2|0|0|0|1|0|1|3|2|0|1|0|1|0|0|1|2|2|0|2|3|2|2|1|1|4|2|5|3|4|7|4|1|2|3|5|6|6|12|7|2|7|4|2|5|4|5|6|8|9|3|5|3|1|5|5|10|5|10|13|9|4|8|11|12|19|11|4|7|11|10|6|6|14|11|11|13|13|12|11|17|13|15|12|12|15|14|15|15|7|14|9|8|13|22|21|15|11|10|17|11|10|14|14|28|19|14|12|20|15|10|7|10|20|15|13|11|15|10|8|14|26|11|14|9|13|10|8|9|14|15|12|9|12|10|4|11|12|5|10|8|13|10|11|4|6|8|14|7|10|6|15|17|6|7|3|6|4|4|9|8|8|9|2|7|0|3|3|4|7|10|4|5|4|4|2|1|7|4|3|9|4|4|5|7|4|1|8|1|5|0|2|0|1|1|3|6|4|2|2|2|0|2|2|3|4|3|1|3|4|2|1|2|2|2|1|2|1|2|2|1|1|2|2|0|3|4|1|1|2|4|1|1|2|2|0|1|2|0|1|0|0|0|0|0|0|1|1|0|0|0|0|0|0|1</HistCounts>
      </HistItem>
    </Histograms>
    <Metadata>
      <MDI key="RepresentationType">ATHEMATIC</MDI>
      <MDI key="STATISTICS_COVARIANCES">2.322211988665346e-05</MDI>
      <MDI key="STATISTICS_EXCLUDEDVALUES"></MDI>
      <MDI key="STATISTICS_MAXIMUM">0.7875514626503</MDI>
      <MDI key="STATISTICS_MEAN">0.77288334626705</MDI>
      <MDI key="STATISTICS_MINIMUM">0.76137524843216</MDI>
      <MDI key="STATISTICS_SKIPFACTORX">1</MDI>
      <MDI key="STATISTICS_SKIPFACTORY">1</MDI>
      <MDI key="STATISTICS_STDDEV">0.0048189334802063</MDI>
    </Metadata>
  </PAMRasterBand>
</PAMDataset>
