<PAMDataset>
  <PAMRasterBand band="1">
    <Histograms>
      <HistItem>
        <HistMin>0.8367046656467344</HistMin>
        <HistMax>0.8518959088620355</HistMax>
        <BucketCount>256</BucketCount>
        <IncludeOutOfRange>1</IncludeOutOfRange>
        <Approximate>0</Approximate>
        <HistCounts>2|0|1|0|0|0|0|0|0|0|0|0|0|0|0|0|1|1|0|0|0|0|0|0|1|0|0|0|1|1|0|0|1|0|1|0|0|0|0|0|3|2|2|0|4|3|1|2|3|2|0|1|3|3|1|4|5|0|2|2|3|0|2|5|1|5|8|5|5|4|5|9|7|5|5|6|6|2|10|3|7|8|13|9|9|6|12|13|12|12|11|14|7|14|13|20|16|8|13|13|8|16|24|9|18|18|13|19|13|11|17|11|11|11|13|17|16|12|18|22|20|26|31|25|16|16|15|10|16|20|15|15|12|17|18|20|16|14|17|17|9|13|17|15|9|6|16|14|9|12|12|11|8|13|12|16|7|9|15|10|8|9|13|6|19|8|6|9|14|5|9|4|5|7|4|7|6|12|5|7|8|3|8|8|6|4|5|2|9|6|3|6|4|3|6|5|4|3|1|5|5|1|4|4|1|2|2|4|1|6|1|0|4|0|2|4|3|3|1|1|1|2|2|1|0|2|0|3|1|1|2|0|0|0|0|2|1|0|0|1|0|1|0|1|0|0|0|0|0|0|0|2|0|0|0|1</HistCounts>
      </HistItem>
    </Histograms>
    <Metadata>
      <MDI key="RepresentationType">ATHEMATIC</MDI>
      <MDI key="STATISTICS_COVARIANCES">5.532103717779003e-06</MDI>
      <MDI key="STATISTICS_EXCLUDEDVALUES"></MDI>
      <MDI key="STATISTICS_MAXIMUM">0.85189590886204</MDI>
      <MDI key="STATISTICS_MEAN">0.84436746409719</MDI>
      <MDI key="STATISTICS_MINIMUM">0.83670466564673</MDI>
      <MDI key="STATISTICS_SKIPFACTORX">1</MDI>
      <MDI key="STATISTICS_SKIPFACTORY">1</MDI>
      <MDI key="STATISTICS_STDDEV">0.0023520424566276</MDI>
    </Metadata>
  </PAMRasterBand>
</PAMDataset>
