<PAMDataset>
  <Metadata>
    <MDI key="DataType">Generic</MDI>
  </Metadata>
  <PAMRasterBand band="1">
    <Histograms>
      <HistItem>
        <HistMin>0.8659863471984863</HistMin>
        <HistMax>0.8787527680397034</HistMax>
        <BucketCount>256</BucketCount>
        <IncludeOutOfRange>1</IncludeOutOfRange>
        <Approximate>0</Approximate>
        <HistCounts>1|0|0|0|0|1|0|0|1|1|2|1|0|0|0|1|0|1|2|1|3|3|0|0|1|1|3|3|4|3|1|1|7|2|1|3|5|5|7|7|3|7|8|5|6|7|8|6|16|16|10|7|9|9|18|14|13|10|12|15|15|9|13|18|13|22|26|9|13|20|16|18|18|17|13|18|25|19|15|21|21|31|25|23|16|14|19|24|17|14|19|10|24|15|10|11|20|17|17|9|15|11|10|14|10|11|11|12|11|9|7|10|7|11|5|7|9|5|2|1|6|7|8|9|8|9|10|5|5|8|5|7|6|4|5|5|9|2|7|2|6|7|4|4|2|10|3|8|10|2|8|6|6|3|5|4|2|2|4|3|4|7|4|7|6|3|2|7|3|7|6|3|9|3|8|8|8|8|1|4|7|1|5|4|3|4|3|0|5|5|9|9|3|1|4|6|6|1|4|2|1|4|2|2|1|0|4|3|3|2|2|2|4|2|0|0|0|0|1|1|0|1|0|2|0|0|1|0|0|0|0|0|0|0|0|2|0|0|0|0|0|0|0|0|0|0|0|0|0|0|0|0|0|0|0|1</HistCounts>
      </HistItem>
    </Histograms>
    <Metadata>
      <MDI key="RepresentationType">ATHEMATIC</MDI>
      <MDI key="STATISTICS_COVARIANCES">5.154633354142079e-06</MDI>
      <MDI key="STATISTICS_EXCLUDEDVALUES"></MDI>
      <MDI key="STATISTICS_MAXIMUM">0.8787527680397</MDI>
      <MDI key="STATISTICS_MEAN">0.87102023154497</MDI>
      <MDI key="STATISTICS_MINIMUM">0.86598634719849</MDI>
      <MDI key="STATISTICS_SKIPFACTORX">1</MDI>
      <MDI key="STATISTICS_SKIPFACTORY">1</MDI>
      <MDI key="STATISTICS_STDDEV">0.0022703817639644</MDI>
    </Metadata>
  </PAMRasterBand>
</PAMDataset>
