<PAMDataset>
  <Metadata>
    <MDI key="DataType">Generic</MDI>
  </Metadata>
  <PAMRasterBand band="1">
    <Histograms>
      <HistItem>
        <HistMin>0.8564627170562744</HistMin>
        <HistMax>0.8753511309623718</HistMax>
        <BucketCount>256</BucketCount>
        <IncludeOutOfRange>1</IncludeOutOfRange>
        <Approximate>0</Approximate>
        <HistCounts>1|0|0|0|0|3|1|0|0|0|0|1|0|0|0|0|0|0|2|2|0|0|1|1|0|0|2|1|1|0|0|0|0|1|2|1|1|0|0|1|2|1|0|3|2|2|4|3|3|3|1|0|1|0|2|0|1|0|1|2|4|0|3|1|0|1|0|4|4|1|3|3|1|0|2|0|4|0|1|3|1|4|8|1|8|4|7|2|1|5|2|9|8|1|3|3|2|9|13|2|2|5|3|3|5|5|5|3|4|5|5|7|5|8|7|2|10|5|5|10|13|3|10|12|19|13|10|15|13|9|17|15|21|19|25|16|22|20|25|18|26|17|17|22|17|25|13|13|22|30|22|19|19|13|18|19|31|22|16|11|16|6|20|12|20|25|12|14|19|13|5|12|18|12|14|13|7|7|6|9|7|4|13|13|5|10|11|3|3|10|5|5|10|3|6|10|5|6|5|4|13|12|13|7|6|7|4|10|6|8|8|9|3|4|5|8|8|8|3|3|2|6|2|5|3|2|6|3|3|4|0|4|2|5|0|3|2|0|0|2|3|0|2|1|1|0|0|1|0|0|0|1|0|0|0|2</HistCounts>
      </HistItem>
    </Histograms>
    <Metadata>
      <MDI key="RepresentationType">ATHEMATIC</MDI>
      <MDI key="STATISTICS_COVARIANCES">9.539770701345794e-06</MDI>
      <MDI key="STATISTICS_EXCLUDEDVALUES"></MDI>
      <MDI key="STATISTICS_MAXIMUM">0.87535113096237</MDI>
      <MDI key="STATISTICS_MEAN">0.8675671139732</MDI>
      <MDI key="STATISTICS_MINIMUM">0.85646271705627</MDI>
      <MDI key="STATISTICS_SKIPFACTORX">1</MDI>
      <MDI key="STATISTICS_SKIPFACTORY">1</MDI>
      <MDI key="STATISTICS_STDDEV">0.0030886519229829</MDI>
    </Metadata>
  </PAMRasterBand>
</PAMDataset>
