<PAMDataset>
  <Metadata>
    <MDI key="DataType">Generic</MDI>
  </Metadata>
  <PAMRasterBand band="1">
    <Histograms>
      <HistItem>
        <HistMin>0.8672454953193665</HistMin>
        <HistMax>0.8812795877456665</HistMax>
        <BucketCount>256</BucketCount>
        <IncludeOutOfRange>1</IncludeOutOfRange>
        <Approximate>0</Approximate>
        <HistCounts>2|0|1|1|0|0|0|0|0|2|0|1|0|1|0|0|1|1|1|2|1|0|1|0|0|0|0|1|0|1|2|4|3|3|3|0|2|3|4|4|13|3|2|5|6|6|9|4|10|11|4|2|8|6|11|11|11|9|5|18|8|6|12|14|19|9|14|18|11|14|8|14|18|22|19|13|18|16|12|19|21|10|15|28|8|16|19|17|19|12|13|24|21|10|15|15|17|8|10|15|20|21|10|16|9|12|22|15|8|16|25|16|9|8|17|9|3|10|7|9|11|7|9|7|5|12|2|3|4|5|4|3|3|3|3|5|1|5|1|7|6|5|5|6|5|7|13|8|5|5|1|4|5|9|7|8|4|9|12|7|8|3|4|3|8|8|11|5|2|3|1|5|7|6|3|4|6|6|3|5|10|4|11|3|6|7|6|6|3|7|2|6|5|6|3|4|2|3|10|4|11|2|2|2|6|4|3|2|6|5|1|5|1|1|3|4|4|2|0|2|4|1|3|1|0|0|3|5|1|3|1|2|1|2|0|1|0|1|1|0|0|2|0|1|0|1|0|0|0|1|0|0|0|0|0|1</HistCounts>
      </HistItem>
    </Histograms>
    <Metadata>
      <MDI key="RepresentationType">ATHEMATIC</MDI>
      <MDI key="STATISTICS_COVARIANCES">7.400415504764976e-06</MDI>
      <MDI key="STATISTICS_EXCLUDEDVALUES"></MDI>
      <MDI key="STATISTICS_MAXIMUM">0.88127958774567</MDI>
      <MDI key="STATISTICS_MEAN">0.87336289834231</MDI>
      <MDI key="STATISTICS_MINIMUM">0.86724549531937</MDI>
      <MDI key="STATISTICS_SKIPFACTORX">1</MDI>
      <MDI key="STATISTICS_SKIPFACTORY">1</MDI>
      <MDI key="STATISTICS_STDDEV">0.0027203704719698</MDI>
    </Metadata>
  </PAMRasterBand>
</PAMDataset>
