<PAMDataset>
  <Metadata>
    <MDI key="DataType">Generic</MDI>
  </Metadata>
  <PAMRasterBand band="1">
    <Histograms>
      <HistItem>
        <HistMin>0.7711909413337708</HistMin>
        <HistMax>0.7927470207214355</HistMax>
        <BucketCount>256</BucketCount>
        <IncludeOutOfRange>1</IncludeOutOfRange>
        <Approximate>0</Approximate>
        <HistCounts>1|1|0|0|0|0|0|0|0|0|0|0|0|0|0|0|0|0|0|0|0|0|0|0|0|0|0|0|0|1|0|1|0|0|0|0|0|0|0|0|0|0|0|0|0|1|1|1|0|1|0|0|0|0|0|0|0|0|1|0|1|2|0|1|2|1|1|1|1|0|0|0|0|0|2|0|1|0|1|0|1|0|0|2|3|4|0|2|2|1|0|1|3|2|2|1|1|1|5|2|3|2|1|2|5|3|1|4|0|2|1|1|3|2|9|6|1|0|7|4|2|1|7|9|7|9|2|9|7|8|9|8|10|14|10|15|6|7|7|17|16|13|12|9|19|18|8|15|12|18|15|17|16|24|19|25|17|24|25|24|22|20|16|18|24|21|21|16|20|25|27|22|14|24|20|12|17|15|24|21|25|11|16|15|25|17|17|11|15|21|8|10|12|14|16|12|12|12|15|18|11|10|11|13|12|13|8|9|13|8|9|10|11|6|8|3|6|8|7|8|7|5|2|3|3|9|3|2|1|7|7|6|6|4|6|5|5|2|0|2|0|2|1|0|0|0|0|0|0|1|1|1|0|0|0|1</HistCounts>
      </HistItem>
    </Histograms>
    <Metadata>
      <MDI key="RepresentationType">ATHEMATIC</MDI>
      <MDI key="STATISTICS_COVARIANCES">8.311847429766307e-06</MDI>
      <MDI key="STATISTICS_EXCLUDEDVALUES"></MDI>
      <MDI key="STATISTICS_MAXIMUM">0.79274702072144</MDI>
      <MDI key="STATISTICS_MEAN">0.78541263207793</MDI>
      <MDI key="STATISTICS_MINIMUM">0.77119094133377</MDI>
      <MDI key="STATISTICS_SKIPFACTORX">1</MDI>
      <MDI key="STATISTICS_SKIPFACTORY">1</MDI>
      <MDI key="STATISTICS_STDDEV">0.0028830274764154</MDI>
    </Metadata>
  </PAMRasterBand>
</PAMDataset>
