<PAMDataset>
  <Metadata>
    <MDI key="DataType">Generic</MDI>
  </Metadata>
  <PAMRasterBand band="1">
    <Histograms>
      <HistItem>
        <HistMin>0.762908935546875</HistMin>
        <HistMax>0.7821969985961914</HistMax>
        <BucketCount>256</BucketCount>
        <IncludeOutOfRange>1</IncludeOutOfRange>
        <Approximate>0</Approximate>
        <HistCounts>1|1|0|0|1|2|1|0|0|0|1|1|1|2|1|4|1|1|3|0|1|1|3|1|4|6|6|3|7|8|6|5|6|2|4|2|5|15|11|6|9|12|13|5|20|9|7|4|17|12|16|4|17|23|14|8|15|20|25|7|26|18|14|6|29|17|13|8|23|38|10|17|19|19|19|12|24|27|3|30|30|20|8|13|21|26|11|16|23|20|14|16|19|18|6|24|20|17|9|18|15|20|7|13|10|9|5|21|12|6|4|12|21|13|5|17|7|13|5|11|8|14|6|13|5|10|3|10|10|4|9|7|8|4|8|10|5|1|3|10|3|5|7|4|6|3|1|2|2|2|10|2|1|1|5|3|1|0|2|5|4|2|3|3|3|1|5|0|0|0|4|1|1|0|1|0|1|2|2|1|0|1|0|1|1|2|1|3|0|0|0|0|1|0|0|1|1|2|0|0|0|0|0|0|0|0|0|0|2|1|1|1|0|0|0|0|0|0|0|2|0|0|1|0|0|0|0|0|0|0|0|0|2|0|0|0|0|0|0|0|0|0|1|0|0|0|0|0|0|0|0|0|0|0|0|1</HistCounts>
      </HistItem>
    </Histograms>
    <Metadata>
      <MDI key="RepresentationType">ATHEMATIC</MDI>
      <MDI key="STATISTICS_COVARIANCES">7.63907111929155e-06</MDI>
      <MDI key="STATISTICS_EXCLUDEDVALUES"></MDI>
      <MDI key="STATISTICS_MAXIMUM">0.78219699859619</MDI>
      <MDI key="STATISTICS_MEAN">0.76945653215051</MDI>
      <MDI key="STATISTICS_MINIMUM">0.76290893554688</MDI>
      <MDI key="STATISTICS_SKIPFACTORX">1</MDI>
      <MDI key="STATISTICS_SKIPFACTORY">1</MDI>
      <MDI key="STATISTICS_STDDEV">0.0027638869584865</MDI>
    </Metadata>
  </PAMRasterBand>
</PAMDataset>
