<PAMDataset>
  <Metadata>
    <MDI key="DataType">Generic</MDI>
  </Metadata>
  <PAMRasterBand band="1">
    <Histograms>
      <HistItem>
        <HistMin>0.7432816028594971</HistMin>
        <HistMax>0.7597368359565735</HistMax>
        <BucketCount>256</BucketCount>
        <IncludeOutOfRange>1</IncludeOutOfRange>
        <Approximate>0</Approximate>
        <HistCounts>1|0|0|1|0|1|0|0|0|1|0|0|0|0|2|0|3|0|1|1|3|0|3|2|0|2|1|1|0|1|0|1|1|3|3|3|0|1|5|0|6|1|0|4|2|3|3|4|0|3|3|8|2|5|2|6|4|4|11|4|7|1|7|1|7|3|3|2|5|3|8|10|7|22|2|11|1|7|2|7|4|10|6|1|4|0|7|2|10|9|15|6|8|9|3|13|8|11|7|14|8|15|10|10|6|8|10|10|13|9|18|6|13|3|15|7|8|5|12|10|7|13|9|12|6|18|8|18|8|10|7|16|9|11|12|5|18|5|20|5|19|9|15|9|12|10|4|34|8|19|3|16|7|12|19|20|11|10|17|9|23|7|30|3|23|7|15|6|20|24|10|14|3|14|4|24|1|20|7|10|8|9|22|6|24|6|14|3|6|2|8|9|10|10|6|9|2|7|0|11|2|11|3|9|2|4|4|4|2|0|9|0|7|1|7|4|2|5|1|4|0|4|2|2|0|2|0|4|0|5|2|0|0|1|0|0|0|0|0|0|1|0|1|0|1|0|0|1|0|0|0|0|0|0|0|1</HistCounts>
      </HistItem>
    </Histograms>
    <Metadata>
      <MDI key="RepresentationType">ATHEMATIC</MDI>
      <MDI key="STATISTICS_COVARIANCES">9.106736696521791e-06</MDI>
      <MDI key="STATISTICS_EXCLUDEDVALUES"></MDI>
      <MDI key="STATISTICS_MAXIMUM">0.75973683595657</MDI>
      <MDI key="STATISTICS_MEAN">0.75199959520251</MDI>
      <MDI key="STATISTICS_MINIMUM">0.7432816028595</MDI>
      <MDI key="STATISTICS_SKIPFACTORX">1</MDI>
      <MDI key="STATISTICS_SKIPFACTORY">1</MDI>
      <MDI key="STATISTICS_STDDEV">0.0030177370157987</MDI>
    </Metadata>
  </PAMRasterBand>
</PAMDataset>
