<PAMDataset>
  <Metadata>
    <MDI key="DataType">Generic</MDI>
  </Metadata>
  <PAMRasterBand band="1">
    <Histograms>
      <HistItem>
        <HistMin>0.8583608269691467</HistMin>
        <HistMax>0.8721505999565125</HistMax>
        <BucketCount>256</BucketCount>
        <IncludeOutOfRange>1</IncludeOutOfRange>
        <Approximate>0</Approximate>
        <HistCounts>1|0|0|0|0|0|0|0|0|1|1|0|0|0|1|0|0|0|0|1|3|0|0|0|1|2|2|2|4|0|4|1|5|1|1|2|0|2|4|0|2|7|1|4|4|4|5|9|6|8|1|8|4|5|10|7|10|11|11|7|16|7|12|9|12|8|10|15|15|14|9|3|14|11|16|12|12|14|13|11|12|14|18|21|12|12|14|12|21|18|18|12|15|28|20|24|11|18|21|17|25|17|17|12|20|17|12|21|10|19|8|10|15|15|17|6|8|12|4|13|7|8|19|11|8|7|22|7|9|8|13|2|13|8|10|5|9|3|7|3|8|6|10|5|7|3|6|4|8|8|6|5|7|5|9|2|10|6|7|12|4|7|3|11|5|5|3|6|3|5|6|2|6|8|6|10|4|4|5|6|1|4|10|5|10|4|6|4|6|6|5|7|4|3|6|1|4|3|8|5|6|5|2|3|1|7|1|2|3|4|5|3|0|1|2|0|0|2|3|0|0|1|2|0|1|0|0|4|0|0|1|1|0|1|0|0|0|1|0|0|0|0|1|0|0|0|0|0|0|0|0|0|0|0|0|1</HistCounts>
      </HistItem>
    </Histograms>
    <Metadata>
      <MDI key="RepresentationType">ATHEMATIC</MDI>
      <MDI key="STATISTICS_COVARIANCES">5.898421186377808e-06</MDI>
      <MDI key="STATISTICS_EXCLUDEDVALUES"></MDI>
      <MDI key="STATISTICS_MAXIMUM">0.87215059995651</MDI>
      <MDI key="STATISTICS_MEAN">0.8644241937995</MDI>
      <MDI key="STATISTICS_MINIMUM">0.85836082696915</MDI>
      <MDI key="STATISTICS_SKIPFACTORX">1</MDI>
      <MDI key="STATISTICS_SKIPFACTORY">1</MDI>
      <MDI key="STATISTICS_STDDEV">0.0024286665449126</MDI>
    </Metadata>
  </PAMRasterBand>
</PAMDataset>
