<PAMDataset>
  <Metadata>
    <MDI key="DataType">Generic</MDI>
  </Metadata>
  <PAMRasterBand band="1">
    <Histograms>
      <HistItem>
        <HistMin>0.8685486912727356</HistMin>
        <HistMax>0.8824277520179749</HistMax>
        <BucketCount>256</BucketCount>
        <IncludeOutOfRange>1</IncludeOutOfRange>
        <Approximate>0</Approximate>
        <HistCounts>1|0|0|1|0|0|0|1|0|0|0|0|0|0|1|2|0|2|0|2|0|0|0|2|3|1|1|2|5|4|2|1|4|2|1|2|0|8|5|7|2|1|10|3|6|4|3|2|1|3|7|10|10|9|6|5|18|5|8|12|14|9|5|9|9|15|12|10|13|13|11|8|16|16|15|16|13|22|19|18|11|18|16|29|12|16|12|27|15|18|20|31|23|15|14|15|14|16|16|15|14|20|15|20|13|24|7|15|11|16|14|12|13|11|13|9|7|6|9|8|17|10|8|3|13|10|13|10|4|9|7|8|8|6|11|7|12|7|4|2|6|7|10|6|9|3|4|4|4|1|11|3|4|2|4|1|1|1|2|8|5|4|1|6|0|4|1|5|3|8|0|5|3|1|3|4|5|5|4|3|2|5|1|7|8|6|2|6|7|5|5|5|6|5|3|5|2|6|8|2|1|12|2|7|5|2|2|4|2|3|2|7|5|2|1|3|4|5|3|5|4|7|3|2|2|0|1|2|1|1|1|1|1|2|0|2|0|2|1|2|1|0|0|1|0|0|0|0|0|1|0|0|0|0|0|1</HistCounts>
      </HistItem>
    </Histograms>
    <Metadata>
      <MDI key="RepresentationType">ATHEMATIC</MDI>
      <MDI key="STATISTICS_COVARIANCES">6.995759695519032e-06</MDI>
      <MDI key="STATISTICS_EXCLUDEDVALUES"></MDI>
      <MDI key="STATISTICS_MAXIMUM">0.88242775201797</MDI>
      <MDI key="STATISTICS_MEAN">0.87457611396909</MDI>
      <MDI key="STATISTICS_MINIMUM">0.86854869127274</MDI>
      <MDI key="STATISTICS_SKIPFACTORX">1</MDI>
      <MDI key="STATISTICS_SKIPFACTORY">1</MDI>
      <MDI key="STATISTICS_STDDEV">0.0026449498474487</MDI>
    </Metadata>
  </PAMRasterBand>
</PAMDataset>
