<PAMDataset>
  <Metadata>
    <MDI key="DataType">Generic</MDI>
  </Metadata>
  <PAMRasterBand band="1">
    <Histograms>
      <HistItem>
        <HistMin>0.8891274333000183</HistMin>
        <HistMax>0.9023255109786987</HistMax>
        <BucketCount>256</BucketCount>
        <IncludeOutOfRange>1</IncludeOutOfRange>
        <Approximate>0</Approximate>
        <HistCounts>2|0|0|0|0|0|0|0|0|1|3|0|0|0|1|1|0|1|2|0|2|2|1|0|1|2|1|1|1|5|2|2|6|4|0|4|4|3|4|9|7|2|4|15|4|12|3|10|15|8|9|10|14|13|11|12|7|14|13|10|4|19|16|13|7|12|12|16|16|19|18|9|20|13|15|13|14|13|21|21|13|28|23|17|21|12|15|13|12|13|16|24|22|15|19|25|13|19|13|13|13|11|13|11|16|4|23|13|16|8|16|13|6|4|8|4|8|5|4|15|11|4|8|6|4|5|2|5|4|11|1|7|6|4|4|1|5|6|7|1|5|3|4|5|5|4|3|4|3|3|6|7|5|3|4|4|2|6|7|6|4|4|6|5|2|7|2|2|8|6|5|6|6|4|4|2|6|6|2|8|5|4|4|8|3|3|3|10|9|5|3|5|12|4|7|7|6|4|2|3|1|4|4|2|4|1|3|4|2|1|4|5|9|3|2|6|4|3|1|3|1|0|1|2|6|5|0|2|0|1|0|1|0|1|3|2|0|2|1|0|0|0|2|1|2|0|1|0|0|0|0|0|0|0|0|1</HistCounts>
      </HistItem>
    </Histograms>
    <Metadata>
      <MDI key="RepresentationType">ATHEMATIC</MDI>
      <MDI key="STATISTICS_COVARIANCES">6.911263975656471e-06</MDI>
      <MDI key="STATISTICS_EXCLUDEDVALUES"></MDI>
      <MDI key="STATISTICS_MAXIMUM">0.9023255109787</MDI>
      <MDI key="STATISTICS_MEAN">0.89467359695584</MDI>
      <MDI key="STATISTICS_MINIMUM">0.88912743330002</MDI>
      <MDI key="STATISTICS_SKIPFACTORX">1</MDI>
      <MDI key="STATISTICS_SKIPFACTORY">1</MDI>
      <MDI key="STATISTICS_STDDEV">0.002628928294126</MDI>
    </Metadata>
  </PAMRasterBand>
</PAMDataset>
