<PAMDataset>
  <Metadata>
    <MDI key="DataType">Generic</MDI>
  </Metadata>
  <PAMRasterBand band="1">
    <Histograms>
      <HistItem>
        <HistMin>0.8334518671035767</HistMin>
        <HistMax>0.8451167345046997</HistMax>
        <BucketCount>256</BucketCount>
        <IncludeOutOfRange>1</IncludeOutOfRange>
        <Approximate>0</Approximate>
        <HistCounts>1|1|0|1|1|0|0|0|0|0|0|0|0|0|0|3|0|1|1|0|1|0|1|0|1|0|0|1|2|2|2|3|5|2|0|1|0|1|0|4|2|2|3|8|4|5|3|4|1|4|6|2|4|3|5|7|6|12|7|10|2|7|6|14|9|7|9|7|6|5|12|10|6|3|3|12|6|9|11|16|11|8|15|11|11|15|14|13|15|6|9|9|9|16|19|11|13|8|17|17|9|11|9|10|13|8|22|13|13|10|15|17|20|27|14|15|13|13|15|14|18|18|11|12|15|16|18|21|14|9|8|9|11|14|7|12|13|10|12|14|15|11|16|15|16|15|13|18|7|10|8|11|11|10|9|5|9|8|7|14|6|11|11|8|7|7|3|2|9|8|6|7|3|5|7|4|7|8|4|7|4|3|4|9|4|6|7|2|8|2|4|5|4|5|1|4|8|4|6|1|5|1|5|2|4|0|5|2|7|4|2|4|1|3|4|2|3|0|2|2|1|1|2|2|0|0|1|0|0|0|0|0|1|0|1|0|0|0|0|0|0|0|0|0|0|0|0|0|0|0|0|0|0|0|0|1</HistCounts>
      </HistItem>
    </Histograms>
    <Metadata>
      <MDI key="RepresentationType">ATHEMATIC</MDI>
      <MDI key="STATISTICS_COVARIANCES">3.915005668151477e-06</MDI>
      <MDI key="STATISTICS_EXCLUDEDVALUES"></MDI>
      <MDI key="STATISTICS_MAXIMUM">0.8451167345047</MDI>
      <MDI key="STATISTICS_MEAN">0.83894845224917</MDI>
      <MDI key="STATISTICS_MINIMUM">0.83345186710358</MDI>
      <MDI key="STATISTICS_SKIPFACTORX">1</MDI>
      <MDI key="STATISTICS_SKIPFACTORY">1</MDI>
      <MDI key="STATISTICS_STDDEV">0.0019786373260786</MDI>
    </Metadata>
  </PAMRasterBand>
</PAMDataset>
