<PAMDataset>
  <Metadata>
    <MDI key="DataType">Generic</MDI>
  </Metadata>
  <PAMRasterBand band="1">
    <Histograms>
      <HistItem>
        <HistMin>0.8787001967430115</HistMin>
        <HistMax>0.8921069502830505</HistMax>
        <BucketCount>256</BucketCount>
        <IncludeOutOfRange>1</IncludeOutOfRange>
        <Approximate>0</Approximate>
        <HistCounts>2|1|0|0|0|0|0|0|0|1|0|0|0|0|0|0|0|0|0|1|0|0|1|1|0|0|2|3|4|3|4|2|3|2|1|1|1|2|10|1|1|3|1|8|5|6|1|4|12|6|5|2|4|4|9|4|7|6|16|12|8|14|16|10|7|8|15|19|21|15|19|13|14|17|13|10|20|23|29|17|16|21|20|21|12|17|21|29|15|22|11|23|14|24|33|11|21|21|20|11|22|13|20|4|19|11|14|24|14|18|9|20|8|17|12|13|19|20|11|6|3|5|9|2|2|3|5|8|7|10|5|5|4|6|3|3|4|7|5|6|6|2|7|7|2|3|7|3|3|8|9|2|5|4|3|5|2|6|5|8|8|5|2|0|5|5|3|7|5|5|7|4|7|6|8|4|3|2|10|4|4|5|8|10|2|4|5|4|3|4|1|4|4|7|4|2|3|2|3|3|3|5|4|3|4|5|1|2|6|2|3|5|6|3|2|1|2|4|1|1|0|1|1|0|0|1|1|0|0|1|0|0|0|0|0|0|0|1|0|0|0|0|0|1|1|0|0|0|0|0|0|0|0|0|0|1</HistCounts>
      </HistItem>
    </Histograms>
    <Metadata>
      <MDI key="RepresentationType">ATHEMATIC</MDI>
      <MDI key="STATISTICS_COVARIANCES">5.480268139084631e-06</MDI>
      <MDI key="STATISTICS_EXCLUDEDVALUES"></MDI>
      <MDI key="STATISTICS_MAXIMUM">0.89210695028305</MDI>
      <MDI key="STATISTICS_MEAN">0.88433992676437</MDI>
      <MDI key="STATISTICS_MINIMUM">0.87870019674301</MDI>
      <MDI key="STATISTICS_SKIPFACTORX">1</MDI>
      <MDI key="STATISTICS_SKIPFACTORY">1</MDI>
      <MDI key="STATISTICS_STDDEV">0.0023409972531134</MDI>
    </Metadata>
  </PAMRasterBand>
</PAMDataset>
