<PAMDataset>
  <Metadata>
    <MDI key="DataType">Generic</MDI>
  </Metadata>
  <PAMRasterBand band="1">
    <Histograms>
      <HistItem>
        <HistMin>0.8145554661750793</HistMin>
        <HistMax>0.836637020111084</HistMax>
        <BucketCount>256</BucketCount>
        <IncludeOutOfRange>1</IncludeOutOfRange>
        <Approximate>0</Approximate>
        <HistCounts>1|1|0|0|0|0|0|0|3|0|0|0|0|0|0|1|0|0|0|2|0|0|0|0|2|0|0|0|0|0|0|0|0|0|1|0|2|0|0|0|0|0|0|0|0|0|0|0|0|0|1|0|0|1|0|0|0|0|0|0|2|2|1|0|0|1|2|1|2|3|2|3|1|2|3|4|1|0|3|3|1|3|0|2|2|0|5|2|1|1|1|7|2|3|6|3|4|4|8|4|6|4|11|2|1|5|6|7|10|9|9|6|8|7|22|7|9|7|13|15|7|10|12|9|17|12|12|26|17|16|20|13|23|22|16|13|24|13|16|27|18|21|18|17|23|9|18|16|11|29|23|15|19|20|11|20|19|13|16|21|15|11|20|12|10|9|18|15|21|20|10|13|24|12|13|12|11|17|16|9|13|22|14|19|8|7|15|18|6|13|15|13|16|5|5|6|8|7|9|16|7|5|3|2|7|3|7|0|5|1|5|1|6|3|5|3|4|4|3|4|4|3|3|4|4|0|0|3|1|3|2|1|6|3|0|1|1|0|0|0|1|2|0|0|0|0|0|0|0|0|0|0|0|0|0|1</HistCounts>
      </HistItem>
    </Histograms>
    <Metadata>
      <MDI key="RepresentationType">ATHEMATIC</MDI>
      <MDI key="STATISTICS_COVARIANCES">9.771635446153535e-06</MDI>
      <MDI key="STATISTICS_EXCLUDEDVALUES"></MDI>
      <MDI key="STATISTICS_MAXIMUM">0.83663702011108</MDI>
      <MDI key="STATISTICS_MEAN">0.82767174638808</MDI>
      <MDI key="STATISTICS_MINIMUM">0.81455546617508</MDI>
      <MDI key="STATISTICS_SKIPFACTORX">1</MDI>
      <MDI key="STATISTICS_SKIPFACTORY">1</MDI>
      <MDI key="STATISTICS_STDDEV">0.0031259615234602</MDI>
    </Metadata>
  </PAMRasterBand>
</PAMDataset>
