<PAMDataset>
  <Metadata>
    <MDI key="DataType">Generic</MDI>
  </Metadata>
  <PAMRasterBand band="1">
    <Histograms>
      <HistItem>
        <HistMin>0.8843230009078979</HistMin>
        <HistMax>0.8983968496322632</HistMax>
        <BucketCount>256</BucketCount>
        <IncludeOutOfRange>1</IncludeOutOfRange>
        <Approximate>0</Approximate>
        <HistCounts>1|0|0|0|0|0|0|0|1|0|0|0|0|0|1|0|0|1|1|1|2|0|1|0|0|3|2|0|1|4|0|0|0|5|3|1|1|1|5|4|3|3|0|9|3|4|3|5|6|2|6|8|6|12|7|3|3|8|12|6|9|12|13|12|11|10|10|14|13|18|14|7|15|10|13|15|8|13|11|17|13|9|10|17|11|9|24|18|14|11|21|19|18|15|16|16|23|15|11|16|12|18|15|21|22|18|19|25|17|18|27|11|12|8|23|16|16|17|18|13|14|9|6|11|8|7|7|10|10|10|6|4|5|7|4|7|4|6|6|8|8|2|5|7|3|5|4|7|6|6|10|5|0|2|1|2|4|4|7|8|2|9|5|2|7|1|5|8|3|4|3|2|2|3|2|5|5|8|3|3|6|2|2|3|5|2|3|10|3|2|4|2|5|4|2|4|8|5|2|5|8|3|4|2|2|2|5|2|2|4|6|4|7|4|7|2|3|1|1|4|6|8|4|6|3|1|3|3|1|1|1|4|4|3|3|5|4|2|0|1|1|0|3|1|1|0|0|0|1|0|2|2|0|0|1|1</HistCounts>
      </HistItem>
    </Histograms>
    <Metadata>
      <MDI key="RepresentationType">ATHEMATIC</MDI>
      <MDI key="STATISTICS_COVARIANCES">7.592323645895179e-06</MDI>
      <MDI key="STATISTICS_EXCLUDEDVALUES"></MDI>
      <MDI key="STATISTICS_MAXIMUM">0.89839684963226</MDI>
      <MDI key="STATISTICS_MEAN">0.89070691481233</MDI>
      <MDI key="STATISTICS_MINIMUM">0.8843230009079</MDI>
      <MDI key="STATISTICS_SKIPFACTORX">1</MDI>
      <MDI key="STATISTICS_SKIPFACTORY">1</MDI>
      <MDI key="STATISTICS_STDDEV">0.0027554171455326</MDI>
    </Metadata>
  </PAMRasterBand>
</PAMDataset>
