<PAMDataset>
  <Metadata>
    <MDI key="DataType">Generic</MDI>
  </Metadata>
  <PAMRasterBand band="1">
    <Histograms>
      <HistItem>
        <HistMin>0.8897459506988525</HistMin>
        <HistMax>0.9016155004501343</HistMax>
        <BucketCount>256</BucketCount>
        <IncludeOutOfRange>1</IncludeOutOfRange>
        <Approximate>0</Approximate>
        <HistCounts>1|0|0|0|0|1|0|0|1|1|1|2|1|0|1|0|1|5|1|0|1|2|2|1|2|1|0|2|3|2|3|1|0|2|0|1|1|5|7|2|4|6|6|10|4|3|6|2|10|12|4|2|7|10|7|8|7|11|18|14|11|8|10|4|17|20|15|6|12|13|14|17|8|19|22|15|10|11|22|16|17|21|9|14|15|26|21|13|9|14|15|16|9|14|15|9|16|13|20|16|13|17|13|15|7|11|21|7|14|17|8|22|12|12|15|10|10|9|20|7|9|14|11|8|14|4|7|12|7|8|7|5|8|11|4|5|5|4|6|5|2|5|5|4|5|6|2|2|1|2|6|9|1|3|7|4|4|4|6|4|6|8|3|3|4|2|2|2|6|3|7|2|8|5|2|6|4|6|3|7|4|3|2|11|7|7|2|6|6|3|5|3|2|2|4|1|4|5|3|6|7|5|5|5|1|4|5|3|5|9|8|7|0|6|5|3|5|7|5|2|7|1|1|0|2|2|4|2|0|4|1|3|1|1|2|4|3|2|1|3|0|3|1|1|1|1|0|0|1|0|0|1|0|1|0|1</HistCounts>
      </HistItem>
    </Histograms>
    <Metadata>
      <MDI key="RepresentationType">ATHEMATIC</MDI>
      <MDI key="STATISTICS_COVARIANCES">5.861940892805113e-06</MDI>
      <MDI key="STATISTICS_EXCLUDEDVALUES"></MDI>
      <MDI key="STATISTICS_MAXIMUM">0.90161550045013</MDI>
      <MDI key="STATISTICS_MEAN">0.89500390350819</MDI>
      <MDI key="STATISTICS_MINIMUM">0.88974595069885</MDI>
      <MDI key="STATISTICS_SKIPFACTORX">1</MDI>
      <MDI key="STATISTICS_SKIPFACTORY">1</MDI>
      <MDI key="STATISTICS_STDDEV">0.0024211445419068</MDI>
    </Metadata>
  </PAMRasterBand>
</PAMDataset>
