<PAMDataset>
  <PAMRasterBand band="1">
    <Histograms>
      <HistItem>
        <HistMin>0.7871387992389061</HistMin>
        <HistMax>0.811245168328149</HistMax>
        <BucketCount>256</BucketCount>
        <IncludeOutOfRange>1</IncludeOutOfRange>
        <Approximate>0</Approximate>
        <HistCounts>1|0|0|0|0|0|0|0|0|0|0|0|0|0|0|0|0|0|0|0|0|0|0|0|0|0|0|0|0|0|0|0|0|0|0|0|0|0|0|0|0|0|0|0|0|0|0|0|0|0|0|0|0|0|0|0|0|0|0|0|1|0|0|0|0|0|0|0|0|0|0|1|0|0|0|0|0|0|0|0|1|0|0|0|0|0|0|0|0|0|2|1|0|0|2|0|0|1|0|0|1|2|3|1|3|4|1|5|2|2|5|4|3|9|5|5|6|6|4|5|5|12|6|6|2|9|13|11|14|12|9|12|11|6|17|11|14|17|11|15|19|18|14|22|18|18|28|31|19|22|20|28|18|20|24|25|27|36|27|20|18|32|33|34|18|19|28|43|25|20|24|27|30|12|12|25|20|17|22|19|20|25|25|27|18|15|10|13|14|8|8|13|24|12|10|5|9|4|6|2|6|6|7|4|5|9|6|6|0|2|3|8|7|3|2|3|1|3|2|2|3|3|3|0|0|0|1|0|0|1|0|1|1|1|0|0|0|0|0|0|0|0|0|0|1|0|0|0|0|0|0|0|0|0|0|1</HistCounts>
      </HistItem>
    </Histograms>
    <Metadata>
      <MDI key="RepresentationType">ATHEMATIC</MDI>
      <MDI key="STATISTICS_COVARIANCES">5.745298945572873e-06</MDI>
      <MDI key="STATISTICS_EXCLUDEDVALUES"></MDI>
      <MDI key="STATISTICS_MAXIMUM">0.81124516832815</MDI>
      <MDI key="STATISTICS_MEAN">0.80238970531402</MDI>
      <MDI key="STATISTICS_MINIMUM">0.78713879923891</MDI>
      <MDI key="STATISTICS_SKIPFACTORX">1</MDI>
      <MDI key="STATISTICS_SKIPFACTORY">1</MDI>
      <MDI key="STATISTICS_STDDEV">0.0023969353236107</MDI>
    </Metadata>
  </PAMRasterBand>
</PAMDataset>
