<PAMDataset>
  <Metadata>
    <MDI key="DataType">Generic</MDI>
  </Metadata>
  <PAMRasterBand band="1">
    <Histograms>
      <HistItem>
        <HistMin>0.861824095249176</HistMin>
        <HistMax>0.8754538893699646</HistMax>
        <BucketCount>256</BucketCount>
        <IncludeOutOfRange>1</IncludeOutOfRange>
        <Approximate>0</Approximate>
        <HistCounts>1|0|1|0|0|0|0|0|0|0|0|0|2|1|0|0|0|0|0|0|0|0|0|0|0|0|0|0|0|0|0|0|3|1|1|2|0|0|0|0|0|3|3|1|3|0|2|1|4|5|4|2|5|9|6|3|3|3|6|6|2|9|8|10|15|10|7|4|9|13|9|8|8|11|13|10|10|13|15|13|7|13|8|16|10|10|7|14|22|13|14|16|13|18|13|13|8|17|18|23|12|17|12|18|15|21|13|16|30|17|15|20|17|16|21|15|18|14|25|23|17|15|7|22|17|15|15|17|19|24|14|14|13|7|13|9|11|13|14|13|7|9|4|14|7|9|13|10|11|6|5|4|7|10|8|4|9|9|9|5|3|5|6|5|2|9|5|8|6|6|4|5|4|3|0|9|0|5|4|1|4|3|3|8|2|4|2|6|2|3|4|7|2|2|3|2|3|8|1|1|1|4|5|7|2|0|2|3|3|4|2|4|6|5|2|0|1|1|0|4|1|2|2|3|2|0|0|0|2|0|0|0|2|3|0|1|0|0|0|0|0|0|1|1|3|0|1|1|0|1|0|0|1|0|1|1</HistCounts>
      </HistItem>
    </Histograms>
    <Metadata>
      <MDI key="RepresentationType">ATHEMATIC</MDI>
      <MDI key="STATISTICS_COVARIANCES">4.930398234462645e-06</MDI>
      <MDI key="STATISTICS_EXCLUDEDVALUES"></MDI>
      <MDI key="STATISTICS_MAXIMUM">0.87545388936996</MDI>
      <MDI key="STATISTICS_MEAN">0.86817933704704</MDI>
      <MDI key="STATISTICS_MINIMUM">0.86182409524918</MDI>
      <MDI key="STATISTICS_SKIPFACTORX">1</MDI>
      <MDI key="STATISTICS_SKIPFACTORY">1</MDI>
      <MDI key="STATISTICS_STDDEV">0.0022204500071973</MDI>
    </Metadata>
  </PAMRasterBand>
</PAMDataset>
