<PAMDataset>
  <PAMRasterBand band="1">
    <Histograms>
      <HistItem>
        <HistMin>0.8455320196919264</HistMin>
        <HistMax>0.8589332558343111</HistMax>
        <BucketCount>256</BucketCount>
        <IncludeOutOfRange>1</IncludeOutOfRange>
        <Approximate>0</Approximate>
        <HistCounts>1|0|1|0|0|0|0|0|0|0|0|1|0|4|2|1|1|1|0|0|1|1|0|1|1|1|3|5|2|0|1|2|3|2|1|2|1|2|3|6|6|7|7|4|5|3|2|6|6|3|7|8|8|13|11|5|8|10|9|5|12|4|11|10|8|6|14|15|15|12|15|4|14|12|8|14|11|9|6|15|19|11|16|27|18|12|15|14|14|9|12|9|18|24|24|18|33|14|19|14|15|12|13|15|13|8|23|11|18|21|16|9|14|18|13|12|10|18|11|14|12|11|16|10|15|13|5|5|9|10|9|6|5|14|10|17|15|7|6|6|7|11|9|3|8|10|8|12|12|8|5|6|4|4|3|1|5|4|6|5|3|2|6|6|6|4|4|10|8|2|3|5|7|6|3|9|3|13|6|2|5|5|10|3|3|5|5|2|4|6|4|6|1|3|2|3|6|2|2|4|4|1|3|6|4|3|7|1|1|2|1|2|3|1|1|3|0|3|0|0|0|1|0|1|0|2|0|0|0|1|0|0|0|0|0|0|0|1|0|2|1|0|0|0|0|0|0|0|0|0|1|0|0|0|0|1</HistCounts>
      </HistItem>
    </Histograms>
    <Metadata>
      <MDI key="RepresentationType">ATHEMATIC</MDI>
      <MDI key="STATISTICS_COVARIANCES">5.373298319896169e-06</MDI>
      <MDI key="STATISTICS_EXCLUDEDVALUES"></MDI>
      <MDI key="STATISTICS_MAXIMUM">0.85893325583431</MDI>
      <MDI key="STATISTICS_MEAN">0.85133058164902</MDI>
      <MDI key="STATISTICS_MINIMUM">0.84553201969193</MDI>
      <MDI key="STATISTICS_SKIPFACTORX">1</MDI>
      <MDI key="STATISTICS_SKIPFACTORY">1</MDI>
      <MDI key="STATISTICS_STDDEV">0.0023180376010531</MDI>
    </Metadata>
  </PAMRasterBand>
</PAMDataset>
