<PAMDataset>
  <Metadata>
    <MDI key="DataType">Generic</MDI>
  </Metadata>
  <PAMRasterBand band="1">
    <Histograms>
      <HistItem>
        <HistMin>0.8803371787071228</HistMin>
        <HistMax>0.8941230773925781</HistMax>
        <BucketCount>256</BucketCount>
        <IncludeOutOfRange>1</IncludeOutOfRange>
        <Approximate>0</Approximate>
        <HistCounts>1|0|1|0|0|0|0|0|0|0|0|0|1|0|0|0|1|3|0|1|0|1|1|2|0|2|4|0|0|2|3|1|0|8|0|4|3|1|2|1|8|6|3|7|7|4|7|3|2|10|13|8|5|10|4|17|7|2|9|9|12|11|10|8|19|17|12|15|18|11|16|13|12|11|10|8|16|16|16|19|14|15|11|21|17|30|11|22|13|13|7|14|23|13|13|16|18|20|21|9|17|18|24|22|18|12|18|16|12|12|12|16|12|15|11|17|16|11|12|9|10|13|7|4|11|5|11|15|7|7|6|8|5|2|4|7|8|5|3|5|3|2|4|2|4|1|5|3|3|2|2|3|6|3|2|3|2|2|4|4|3|3|3|9|5|2|4|1|7|5|5|2|5|5|3|2|4|4|2|4|5|3|8|7|1|3|5|4|4|3|6|9|5|6|8|5|7|1|3|4|2|7|7|5|3|4|3|5|5|4|4|1|5|3|3|4|4|7|0|5|3|5|7|3|3|2|1|3|1|1|5|3|1|4|2|2|1|2|1|1|1|0|1|0|0|4|1|0|1|3|0|0|1|0|2|1</HistCounts>
      </HistItem>
    </Histograms>
    <Metadata>
      <MDI key="RepresentationType">ATHEMATIC</MDI>
      <MDI key="STATISTICS_COVARIANCES">7.718969054592829e-06</MDI>
      <MDI key="STATISTICS_EXCLUDEDVALUES"></MDI>
      <MDI key="STATISTICS_MAXIMUM">0.89412307739258</MDI>
      <MDI key="STATISTICS_MEAN">0.88642999570817</MDI>
      <MDI key="STATISTICS_MINIMUM">0.88033717870712</MDI>
      <MDI key="STATISTICS_SKIPFACTORX">1</MDI>
      <MDI key="STATISTICS_SKIPFACTORY">1</MDI>
      <MDI key="STATISTICS_STDDEV">0.0027783032690102</MDI>
    </Metadata>
  </PAMRasterBand>
</PAMDataset>
