<PAMDataset>
  <Metadata>
    <MDI key="DataType">Generic</MDI>
  </Metadata>
  <PAMRasterBand band="1">
    <Histograms>
      <HistItem>
        <HistMin>0.7735556364059448</HistMin>
        <HistMax>0.8524919748306274</HistMax>
        <BucketCount>256</BucketCount>
        <IncludeOutOfRange>1</IncludeOutOfRange>
        <Approximate>0</Approximate>
        <HistCounts>1|0|1|0|1|0|0|0|0|0|0|1|0|0|0|0|1|0|0|0|0|1|0|0|0|0|0|0|0|2|0|0|0|0|1|0|0|0|0|1|0|0|0|0|1|1|0|0|0|0|1|0|1|1|0|0|0|0|1|0|0|0|0|1|0|0|0|1|0|0|1|0|0|0|1|0|2|0|0|0|1|1|0|0|1|0|0|1|2|0|0|0|0|1|0|1|0|1|0|1|0|1|0|0|0|0|0|0|2|0|0|0|0|0|3|0|0|0|0|0|0|0|0|0|1|2|3|0|0|0|2|0|3|2|0|1|1|0|0|0|0|0|1|2|0|4|2|1|0|3|2|0|1|1|2|3|2|0|0|1|3|2|1|1|2|1|3|2|1|2|0|5|1|7|0|3|2|2|0|0|2|1|1|3|5|1|0|1|1|0|3|4|2|3|3|1|1|2|3|5|1|1|1|0|3|3|3|2|3|3|4|0|1|12|8|11|14|24|14|33|26|56|57|46|63|55|73|72|77|52|60|66|54|55|43|34|35|32|40|27|42|28|38|38|39|33|15|11|15|4|10|3|1|0|0|1</HistCounts>
      </HistItem>
    </Histograms>
    <Metadata>
      <MDI key="RepresentationType">ATHEMATIC</MDI>
      <MDI key="STATISTICS_COVARIANCES">9.638432044273867e-05</MDI>
      <MDI key="STATISTICS_EXCLUDEDVALUES"></MDI>
      <MDI key="STATISTICS_MAXIMUM">0.85249197483063</MDI>
      <MDI key="STATISTICS_MEAN">0.84233809396625</MDI>
      <MDI key="STATISTICS_MINIMUM">0.77355563640594</MDI>
      <MDI key="STATISTICS_SKIPFACTORX">1</MDI>
      <MDI key="STATISTICS_SKIPFACTORY">1</MDI>
      <MDI key="STATISTICS_STDDEV">0.0098175516521554</MDI>
    </Metadata>
  </PAMRasterBand>
</PAMDataset>
