<PAMDataset>
  <PAMRasterBand band="1">
    <Histograms>
      <HistItem>
        <HistMin>0.8119392191623399</HistMin>
        <HistMax>0.8241571029283965</HistMax>
        <BucketCount>256</BucketCount>
        <IncludeOutOfRange>1</IncludeOutOfRange>
        <Approximate>0</Approximate>
        <HistCounts>1|0|0|0|0|0|0|0|1|0|0|0|0|0|0|1|0|2|2|0|0|3|0|5|0|1|1|2|1|3|5|6|4|2|3|1|1|5|6|4|8|2|5|6|10|9|7|5|6|4|11|6|9|10|11|8|9|8|7|7|13|19|10|9|13|11|6|9|8|18|10|16|12|15|7|20|12|20|12|15|7|11|12|18|19|17|12|17|15|17|16|25|22|17|16|13|10|15|15|18|14|9|18|15|9|6|24|23|14|9|13|8|14|11|18|14|14|9|10|12|14|11|15|5|14|8|4|14|6|9|14|10|8|11|8|9|7|7|4|2|3|6|14|10|9|8|8|4|5|3|6|5|7|2|6|7|4|5|8|2|6|5|6|4|4|7|5|4|4|3|6|2|2|4|4|6|8|5|6|2|6|3|0|4|10|3|2|1|5|3|0|4|9|6|4|4|6|4|6|3|10|2|3|2|3|1|3|1|6|2|2|0|2|1|3|3|3|3|2|0|1|4|1|2|1|1|3|1|1|0|1|1|3|3|0|3|1|1|0|1|0|0|0|0|1|0|0|0|0|0|0|0|0|0|0|1</HistCounts>
      </HistItem>
    </Histograms>
    <Metadata>
      <MDI key="RepresentationType">ATHEMATIC</MDI>
      <MDI key="STATISTICS_COVARIANCES">5.094009882457897e-06</MDI>
      <MDI key="STATISTICS_EXCLUDEDVALUES"></MDI>
      <MDI key="STATISTICS_MAXIMUM">0.8241571029284</MDI>
      <MDI key="STATISTICS_MEAN">0.81718997580223</MDI>
      <MDI key="STATISTICS_MINIMUM">0.81193921916234</MDI>
      <MDI key="STATISTICS_SKIPFACTORX">1</MDI>
      <MDI key="STATISTICS_SKIPFACTORY">1</MDI>
      <MDI key="STATISTICS_STDDEV">0.0022569913341566</MDI>
    </Metadata>
  </PAMRasterBand>
</PAMDataset>
