<PAMDataset>
  <PAMRasterBand band="1">
    <Histograms>
      <HistItem>
        <HistMin>0.8591860055603906</HistMin>
        <HistMax>0.8739942120029462</HistMax>
        <BucketCount>256</BucketCount>
        <IncludeOutOfRange>1</IncludeOutOfRange>
        <Approximate>0</Approximate>
        <HistCounts>1|0|0|0|0|0|0|0|0|0|3|0|0|0|0|1|0|1|0|2|3|2|4|1|0|3|1|0|4|2|4|4|3|2|3|0|1|2|6|4|3|3|6|3|4|4|6|10|6|3|8|6|10|10|6|5|6|8|11|7|10|4|10|19|9|12|3|14|9|14|9|11|13|19|18|10|6|12|10|11|17|13|14|19|21|25|20|24|12|16|7|8|11|28|23|21|15|14|27|12|12|12|9|17|16|16|25|19|12|14|12|15|13|18|13|17|24|12|12|12|14|8|10|5|7|14|6|6|10|5|2|4|4|6|4|3|5|2|7|2|2|4|3|0|4|7|8|4|2|3|3|8|2|2|4|7|5|4|2|5|5|2|4|3|5|10|4|7|7|5|4|3|3|1|6|6|5|12|5|5|5|6|3|6|4|5|6|4|9|8|8|4|3|4|3|7|2|3|8|6|8|4|3|3|3|2|3|9|6|8|5|5|1|4|5|3|3|6|4|2|5|6|4|1|1|3|4|0|1|3|4|1|0|0|2|1|1|1|2|2|0|3|1|1|0|0|1|1|1|0|0|0|1|0|0|1</HistCounts>
      </HistItem>
    </Histograms>
    <Metadata>
      <MDI key="RepresentationType">ATHEMATIC</MDI>
      <MDI key="STATISTICS_COVARIANCES">8.760787660706377e-06</MDI>
      <MDI key="STATISTICS_EXCLUDEDVALUES"></MDI>
      <MDI key="STATISTICS_MAXIMUM">0.87399421200295</MDI>
      <MDI key="STATISTICS_MEAN">0.86583332116884</MDI>
      <MDI key="STATISTICS_MINIMUM">0.85918600556039</MDI>
      <MDI key="STATISTICS_SKIPFACTORX">1</MDI>
      <MDI key="STATISTICS_SKIPFACTORY">1</MDI>
      <MDI key="STATISTICS_STDDEV">0.002959862777344</MDI>
    </Metadata>
  </PAMRasterBand>
</PAMDataset>
