<PAMDataset>
  <Metadata>
    <MDI key="DataType">Generic</MDI>
  </Metadata>
  <PAMRasterBand band="1">
    <Histograms>
      <HistItem>
        <HistMin>0.8711414933204651</HistMin>
        <HistMax>0.8842544555664063</HistMax>
        <BucketCount>256</BucketCount>
        <IncludeOutOfRange>1</IncludeOutOfRange>
        <Approximate>0</Approximate>
        <HistCounts>1|0|0|0|0|1|0|0|1|0|1|1|0|0|0|0|0|0|0|0|4|1|1|1|0|1|1|1|1|0|4|3|2|0|1|1|2|7|1|2|5|1|2|4|2|5|3|2|4|3|3|4|3|5|8|6|13|7|9|6|9|9|12|6|10|8|12|13|14|9|7|14|10|11|8|17|21|14|10|12|12|23|9|18|18|17|17|18|15|20|16|33|17|22|15|13|18|21|18|12|25|20|21|12|14|16|14|21|11|17|12|20|18|11|10|21|13|15|7|14|12|21|12|3|5|15|18|9|9|8|9|6|15|8|9|0|12|9|8|6|6|8|3|5|6|4|5|6|1|9|2|3|4|2|5|4|6|5|4|9|2|3|7|2|6|6|5|7|8|2|5|6|4|4|10|3|4|5|6|2|2|2|1|6|3|9|6|8|4|1|3|6|8|5|3|4|6|6|2|7|4|7|3|4|5|1|5|4|3|1|3|3|5|6|4|3|4|1|2|1|2|3|1|2|1|1|0|0|3|3|0|2|1|1|0|2|0|1|0|0|1|0|1|0|0|0|0|0|0|0|0|1|0|0|0|1</HistCounts>
      </HistItem>
    </Histograms>
    <Metadata>
      <MDI key="RepresentationType">ATHEMATIC</MDI>
      <MDI key="STATISTICS_COVARIANCES">5.521288484253813e-06</MDI>
      <MDI key="STATISTICS_EXCLUDEDVALUES"></MDI>
      <MDI key="STATISTICS_MAXIMUM">0.88425445556641</MDI>
      <MDI key="STATISTICS_MEAN">0.87699400775135</MDI>
      <MDI key="STATISTICS_MINIMUM">0.87114149332047</MDI>
      <MDI key="STATISTICS_SKIPFACTORX">1</MDI>
      <MDI key="STATISTICS_SKIPFACTORY">1</MDI>
      <MDI key="STATISTICS_STDDEV">0.0023497422165535</MDI>
    </Metadata>
  </PAMRasterBand>
</PAMDataset>
