<PAMDataset>
  <Metadata>
    <MDI key="DataType">Generic</MDI>
  </Metadata>
  <PAMRasterBand band="1">
    <Histograms>
      <HistItem>
        <HistMin>0.8176356554031372</HistMin>
        <HistMax>0.8295004963874817</HistMax>
        <BucketCount>256</BucketCount>
        <IncludeOutOfRange>1</IncludeOutOfRange>
        <Approximate>0</Approximate>
        <HistCounts>1|0|0|0|0|0|0|0|0|0|0|0|0|0|0|0|0|0|0|0|0|0|0|0|0|0|0|1|1|2|0|0|0|2|0|2|0|2|0|0|0|2|2|2|0|0|0|1|1|3|4|4|0|3|1|2|2|7|2|5|1|0|4|2|3|5|3|10|0|7|9|13|9|2|7|7|12|11|20|8|3|8|12|9|16|17|12|10|12|13|9|8|13|20|16|15|10|17|30|21|14|11|16|20|7|14|22|17|13|19|13|19|15|15|16|17|15|11|12|10|18|19|14|12|17|21|20|16|19|5|18|13|9|15|9|16|17|15|9|16|11|15|11|18|13|13|9|13|3|11|9|10|9|4|10|6|13|15|15|11|6|16|13|8|13|3|9|5|5|9|10|11|11|9|6|9|6|8|4|9|2|3|6|4|7|8|2|2|7|8|5|6|6|3|4|6|1|7|5|0|3|2|5|2|2|2|1|1|2|4|4|1|3|6|0|2|2|1|0|1|1|3|1|0|1|2|2|0|4|1|1|0|0|0|0|0|2|0|1|0|1|0|2|0|0|0|0|0|0|0|0|0|0|2|0|1</HistCounts>
      </HistItem>
    </Histograms>
    <Metadata>
      <MDI key="RepresentationType">ATHEMATIC</MDI>
      <MDI key="STATISTICS_COVARIANCES">3.455964911764924e-06</MDI>
      <MDI key="STATISTICS_EXCLUDEDVALUES"></MDI>
      <MDI key="STATISTICS_MAXIMUM">0.82950049638748</MDI>
      <MDI key="STATISTICS_MEAN">0.82351292841136</MDI>
      <MDI key="STATISTICS_MINIMUM">0.81763565540314</MDI>
      <MDI key="STATISTICS_SKIPFACTORX">1</MDI>
      <MDI key="STATISTICS_SKIPFACTORY">1</MDI>
      <MDI key="STATISTICS_STDDEV">0.001859022568923</MDI>
    </Metadata>
  </PAMRasterBand>
</PAMDataset>
