<PAMDataset>
  <PAMRasterBand band="1">
    <Histograms>
      <HistItem>
        <HistMin>0.8258509603831856</HistMin>
        <HistMax>0.8392909921721361</HistMax>
        <BucketCount>256</BucketCount>
        <IncludeOutOfRange>1</IncludeOutOfRange>
        <Approximate>0</Approximate>
        <HistCounts>1|0|0|0|0|0|0|0|0|1|1|0|0|0|0|0|1|0|0|0|0|0|2|0|0|0|0|0|0|0|0|1|1|1|0|1|1|5|0|3|1|0|2|3|3|2|1|2|2|4|3|3|3|4|9|6|4|5|4|6|4|5|7|10|8|10|6|4|11|4|12|16|12|11|10|16|11|16|13|13|13|15|8|21|9|9|19|10|19|31|18|17|12|16|26|12|28|13|21|17|15|29|18|22|14|12|18|17|19|21|14|17|9|20|20|14|15|11|12|11|17|20|16|10|16|10|12|13|11|18|12|14|10|11|13|15|8|11|10|3|5|12|12|7|8|6|14|4|8|2|6|5|8|4|5|10|4|7|8|8|3|10|0|7|5|5|5|5|5|7|2|6|5|6|8|4|4|6|6|7|10|12|5|2|1|3|4|8|4|3|6|3|5|6|2|4|1|2|6|1|6|0|5|3|0|5|1|6|1|4|2|1|1|1|0|4|1|1|0|1|1|1|3|1|5|1|3|0|1|0|0|0|1|0|0|0|0|1|1|0|1|0|1|1|0|0|0|0|0|0|0|0|0|0|0|1</HistCounts>
      </HistItem>
    </Histograms>
    <Metadata>
      <MDI key="RepresentationType">ATHEMATIC</MDI>
      <MDI key="STATISTICS_COVARIANCES">4.71871128180345e-06</MDI>
      <MDI key="STATISTICS_EXCLUDEDVALUES"></MDI>
      <MDI key="STATISTICS_MAXIMUM">0.83929099217214</MDI>
      <MDI key="STATISTICS_MEAN">0.83200699707037</MDI>
      <MDI key="STATISTICS_MINIMUM">0.82585096038319</MDI>
      <MDI key="STATISTICS_SKIPFACTORX">1</MDI>
      <MDI key="STATISTICS_SKIPFACTORY">1</MDI>
      <MDI key="STATISTICS_STDDEV">0.0021722594876772</MDI>
    </Metadata>
  </PAMRasterBand>
</PAMDataset>
