<PAMDataset>
  <PAMRasterBand band="1">
    <Histograms>
      <HistItem>
        <HistMin>0.8586934855310371</HistMin>
        <HistMax>0.8895460721752978</HistMax>
        <BucketCount>256</BucketCount>
        <IncludeOutOfRange>1</IncludeOutOfRange>
        <Approximate>0</Approximate>
        <HistCounts>1|0|0|0|0|0|0|0|0|0|0|0|0|0|0|0|0|0|0|0|0|1|0|0|0|0|0|1|0|0|0|0|0|0|0|0|0|1|0|0|0|0|0|1|1|0|0|1|0|0|0|0|1|1|1|0|0|2|5|4|1|0|0|6|1|2|4|4|1|1|4|1|1|1|6|1|3|3|0|7|8|0|5|0|5|7|5|5|8|11|12|6|9|7|8|9|10|7|5|9|7|14|13|13|19|15|21|12|11|10|11|15|15|16|13|14|12|15|13|19|7|17|18|13|25|20|15|17|13|22|23|6|26|18|23|17|19|18|17|15|16|18|26|15|21|12|22|14|21|23|10|14|10|11|20|13|27|14|11|13|20|11|20|17|4|13|5|10|17|21|16|13|12|15|12|12|10|12|13|10|9|12|7|6|9|7|4|8|7|6|8|3|2|8|3|3|2|4|5|6|3|3|0|2|4|4|4|5|4|2|1|0|0|4|4|1|1|1|0|1|1|0|0|2|1|0|0|0|2|1|0|0|1|0|1|0|0|0|0|1|0|0|0|0|0|0|0|0|0|0|0|0|0|0|1|1</HistCounts>
      </HistItem>
    </Histograms>
    <Metadata>
      <MDI key="RepresentationType">ATHEMATIC</MDI>
      <MDI key="STATISTICS_COVARIANCES">1.734941896108209e-05</MDI>
      <MDI key="STATISTICS_EXCLUDEDVALUES"></MDI>
      <MDI key="STATISTICS_MAXIMUM">0.8895460721753</MDI>
      <MDI key="STATISTICS_MEAN">0.87543141117286</MDI>
      <MDI key="STATISTICS_MINIMUM">0.85869348553104</MDI>
      <MDI key="STATISTICS_SKIPFACTORX">1</MDI>
      <MDI key="STATISTICS_SKIPFACTORY">1</MDI>
      <MDI key="STATISTICS_STDDEV">0.004165263372355</MDI>
    </Metadata>
  </PAMRasterBand>
</PAMDataset>
