<PAMDataset>
  <PAMRasterBand band="1">
    <Histograms>
      <HistItem>
        <HistMin>0.8674421115317447</HistMin>
        <HistMax>0.881064058457703</HistMax>
        <BucketCount>256</BucketCount>
        <IncludeOutOfRange>1</IncludeOutOfRange>
        <Approximate>0</Approximate>
        <HistCounts>1|1|1|0|0|0|0|0|0|0|1|0|2|3|2|2|0|1|1|2|2|1|1|2|3|5|2|1|1|1|1|2|1|2|1|2|5|2|4|3|12|4|2|1|2|4|6|6|5|6|8|5|13|5|14|7|6|1|4|8|8|10|10|13|8|11|9|6|9|10|12|11|12|5|10|11|10|9|18|17|11|11|18|13|12|5|12|11|9|9|24|18|19|22|19|20|13|16|12|10|12|14|16|12|11|16|18|14|25|13|19|23|9|9|23|6|15|9|21|19|14|13|18|10|12|13|12|12|16|13|10|9|16|15|15|12|9|10|9|9|12|15|9|11|9|5|13|5|10|4|5|6|5|5|7|8|1|9|3|5|4|7|4|5|7|5|4|2|7|5|5|5|8|5|3|7|14|6|3|5|4|9|5|6|5|2|4|2|5|1|11|2|3|2|3|4|2|3|3|2|3|0|4|4|1|2|2|2|1|1|1|1|4|1|3|2|0|0|1|3|0|0|0|0|1|0|0|0|0|2|0|1|0|0|0|0|0|0|0|0|0|1|0|0|0|0|0|0|0|0|0|0|0|0|0|1</HistCounts>
      </HistItem>
    </Histograms>
    <Metadata>
      <MDI key="RepresentationType">ATHEMATIC</MDI>
      <MDI key="STATISTICS_COVARIANCES">5.291191833753449e-06</MDI>
      <MDI key="STATISTICS_EXCLUDEDVALUES"></MDI>
      <MDI key="STATISTICS_MAXIMUM">0.8810640584577</MDI>
      <MDI key="STATISTICS_MEAN">0.87338054647343</MDI>
      <MDI key="STATISTICS_MINIMUM">0.86744211153174</MDI>
      <MDI key="STATISTICS_SKIPFACTORX">1</MDI>
      <MDI key="STATISTICS_SKIPFACTORY">1</MDI>
      <MDI key="STATISTICS_STDDEV">0.0023002590797024</MDI>
    </Metadata>
  </PAMRasterBand>
</PAMDataset>
