<PAMDataset>
  <Metadata>
    <MDI key="DataType">Generic</MDI>
  </Metadata>
  <PAMRasterBand band="1">
    <Histograms>
      <HistItem>
        <HistMin>0.8855467438697815</HistMin>
        <HistMax>0.8982733488082886</HistMax>
        <BucketCount>256</BucketCount>
        <IncludeOutOfRange>1</IncludeOutOfRange>
        <Approximate>0</Approximate>
        <HistCounts>2|0|1|0|0|0|1|0|1|0|0|0|0|0|1|1|0|0|2|0|1|1|5|2|0|2|2|3|3|2|1|1|2|6|7|3|3|4|8|3|4|1|8|4|7|7|6|8|9|10|7|9|10|9|12|14|14|12|13|11|15|6|14|15|11|10|9|10|15|15|17|11|22|13|14|10|18|20|28|12|14|18|12|21|23|21|15|26|14|21|16|4|17|16|22|17|12|15|21|9|5|7|16|15|14|15|15|11|13|12|7|11|13|13|15|12|13|7|7|8|8|12|9|4|9|13|6|8|4|12|13|6|4|2|3|6|7|1|4|3|5|5|2|7|2|5|4|6|6|3|2|4|5|4|7|4|4|6|4|1|6|7|3|6|6|9|1|6|5|6|2|5|5|4|10|5|9|6|8|4|5|8|9|7|4|2|10|5|6|4|4|5|6|7|7|3|3|4|4|2|7|4|5|5|3|1|4|3|4|4|2|1|2|2|3|0|1|0|2|1|2|0|0|4|1|1|1|1|0|2|0|0|0|0|1|1|0|0|1|0|0|0|0|1|0|0|0|0|0|0|0|0|0|0|0|1</HistCounts>
      </HistItem>
    </Histograms>
    <Metadata>
      <MDI key="RepresentationType">ATHEMATIC</MDI>
      <MDI key="STATISTICS_COVARIANCES">5.672978071698906e-06</MDI>
      <MDI key="STATISTICS_EXCLUDEDVALUES"></MDI>
      <MDI key="STATISTICS_MAXIMUM">0.89827334880829</MDI>
      <MDI key="STATISTICS_MEAN">0.890866914168</MDI>
      <MDI key="STATISTICS_MINIMUM">0.88554674386978</MDI>
      <MDI key="STATISTICS_SKIPFACTORX">1</MDI>
      <MDI key="STATISTICS_SKIPFACTORY">1</MDI>
      <MDI key="STATISTICS_STDDEV">0.0023818014341458</MDI>
    </Metadata>
  </PAMRasterBand>
</PAMDataset>
