<PAMDataset>
  <Metadata>
    <MDI key="DataType">Generic</MDI>
  </Metadata>
  <PAMRasterBand band="1">
    <Histograms>
      <HistItem>
        <HistMin>0.8750231266021729</HistMin>
        <HistMax>0.8883494138717651</HistMax>
        <BucketCount>256</BucketCount>
        <IncludeOutOfRange>1</IncludeOutOfRange>
        <Approximate>0</Approximate>
        <HistCounts>1|1|0|0|0|0|0|1|0|3|0|1|0|0|0|1|1|0|0|0|0|1|0|1|2|2|1|0|0|2|4|0|0|3|0|0|4|2|0|3|5|1|5|6|5|5|1|1|4|1|3|6|6|8|14|3|5|7|11|3|0|5|9|8|5|6|6|7|8|7|9|7|14|12|6|11|14|25|12|14|5|10|13|18|15|19|19|12|17|17|18|18|15|18|16|13|13|19|15|15|17|20|23|22|15|14|27|18|13|22|18|11|21|12|10|15|18|19|5|9|9|16|14|15|8|17|13|9|12|9|10|13|12|7|10|4|7|5|7|8|6|13|11|10|6|4|7|8|5|6|4|11|8|9|4|5|4|5|2|5|10|5|10|3|2|2|4|4|4|4|9|6|6|8|2|3|6|5|4|5|5|7|4|3|10|6|3|7|6|6|7|3|7|6|1|2|1|3|5|4|6|6|2|7|2|4|2|1|1|7|7|3|7|0|4|3|1|0|2|2|4|1|4|2|1|3|1|3|0|0|5|1|2|1|2|1|3|1|1|0|1|0|1|1|1|0|0|1|0|0|1|0|0|1|0|1</HistCounts>
      </HistItem>
    </Histograms>
    <Metadata>
      <MDI key="RepresentationType">ATHEMATIC</MDI>
      <MDI key="STATISTICS_COVARIANCES">5.894858434756682e-06</MDI>
      <MDI key="STATISTICS_EXCLUDEDVALUES"></MDI>
      <MDI key="STATISTICS_MAXIMUM">0.88834941387177</MDI>
      <MDI key="STATISTICS_MEAN">0.88118240408599</MDI>
      <MDI key="STATISTICS_MINIMUM">0.87502312660217</MDI>
      <MDI key="STATISTICS_SKIPFACTORX">1</MDI>
      <MDI key="STATISTICS_SKIPFACTORY">1</MDI>
      <MDI key="STATISTICS_STDDEV">0.002427932955161</MDI>
    </Metadata>
  </PAMRasterBand>
</PAMDataset>
