<PAMDataset>
  <PAMRasterBand band="1">
    <Histograms>
      <HistItem>
        <HistMin>0.8203186949310101</HistMin>
        <HistMax>0.8369148137654996</HistMax>
        <BucketCount>256</BucketCount>
        <IncludeOutOfRange>1</IncludeOutOfRange>
        <Approximate>0</Approximate>
        <HistCounts>1|0|0|0|0|0|1|0|0|0|1|0|0|0|0|2|1|1|0|0|0|1|1|1|1|1|2|2|6|4|0|0|2|2|2|4|4|3|4|4|6|5|6|3|7|7|5|5|7|12|8|5|6|6|6|12|10|8|9|7|9|8|4|4|8|8|11|7|8|21|13|8|10|13|7|10|7|11|11|7|6|17|21|16|17|14|6|11|6|22|10|9|8|11|14|12|15|17|17|14|7|10|13|10|14|9|8|14|14|12|21|12|10|9|12|11|11|10|7|12|6|7|7|16|9|8|11|8|14|15|8|8|6|5|12|7|13|14|14|11|10|5|3|10|11|13|11|8|6|9|8|5|18|11|10|6|13|12|8|12|6|6|3|4|6|9|11|11|6|7|9|5|3|1|2|6|8|9|3|5|14|6|6|6|3|2|8|4|4|3|5|2|5|7|4|13|5|5|4|8|7|5|3|5|2|6|3|0|6|3|5|3|4|4|3|4|2|1|0|3|1|5|2|0|4|0|4|0|3|1|1|0|1|0|2|1|2|0|1|1|1|2|1|2|0|2|0|0|1|0|0|2|2|1|0|1</HistCounts>
      </HistItem>
    </Histograms>
    <Metadata>
      <MDI key="RepresentationType">ATHEMATIC</MDI>
      <MDI key="STATISTICS_COVARIANCES">1.064472886668213e-05</MDI>
      <MDI key="STATISTICS_EXCLUDEDVALUES"></MDI>
      <MDI key="STATISTICS_MAXIMUM">0.8369148137655</MDI>
      <MDI key="STATISTICS_MEAN">0.82810161088257</MDI>
      <MDI key="STATISTICS_MINIMUM">0.82031869493101</MDI>
      <MDI key="STATISTICS_SKIPFACTORX">1</MDI>
      <MDI key="STATISTICS_SKIPFACTORY">1</MDI>
      <MDI key="STATISTICS_STDDEV">0.0032626260690864</MDI>
    </Metadata>
  </PAMRasterBand>
</PAMDataset>
