<PAMDataset>
  <Metadata>
    <MDI key="DataType">Generic</MDI>
  </Metadata>
  <PAMRasterBand band="1">
    <Histograms>
      <HistItem>
        <HistMin>0.8324187994003296</HistMin>
        <HistMax>0.8927060961723328</HistMax>
        <BucketCount>256</BucketCount>
        <IncludeOutOfRange>1</IncludeOutOfRange>
        <Approximate>0</Approximate>
        <HistCounts>1|1|0|0|0|0|0|0|0|1|2|0|0|0|0|0|0|0|0|1|0|0|1|0|0|1|0|1|0|1|0|0|2|2|1|1|0|0|0|0|1|2|0|1|0|2|0|0|0|0|0|0|0|1|3|0|3|3|3|0|3|1|1|0|2|3|1|1|1|1|1|1|0|0|0|2|0|2|1|0|2|1|4|1|0|2|3|1|2|1|2|2|2|2|4|1|2|1|4|1|1|1|5|6|2|3|1|5|2|4|0|3|7|4|4|10|4|3|1|4|3|1|5|4|1|0|6|5|8|2|3|7|4|0|3|4|3|4|5|5|4|2|5|5|9|6|8|9|4|8|16|10|18|14|12|17|28|31|24|41|44|44|25|34|35|41|38|32|33|37|30|29|34|52|41|31|42|25|28|25|28|17|19|14|23|20|17|26|12|20|21|17|29|6|15|7|10|13|8|6|3|6|4|4|1|1|0|1|0|2|0|4|0|1|3|2|1|1|0|0|2|0|2|2|3|1|1|1|1|0|1|0|2|2|0|1|0|0|1|1|1|0|1|0|0|1|2|0|1|1|0|0|1|0|0|1</HistCounts>
      </HistItem>
    </Histograms>
    <Metadata>
      <MDI key="RepresentationType">ATHEMATIC</MDI>
      <MDI key="STATISTICS_COVARIANCES">6.089043983139634e-05</MDI>
      <MDI key="STATISTICS_EXCLUDEDVALUES"></MDI>
      <MDI key="STATISTICS_MAXIMUM">0.89270609617233</MDI>
      <MDI key="STATISTICS_MEAN">0.87081225860864</MDI>
      <MDI key="STATISTICS_MINIMUM">0.83241879940033</MDI>
      <MDI key="STATISTICS_SKIPFACTORX">1</MDI>
      <MDI key="STATISTICS_SKIPFACTORY">1</MDI>
      <MDI key="STATISTICS_STDDEV">0.0078032326526508</MDI>
    </Metadata>
  </PAMRasterBand>
</PAMDataset>
