<PAMDataset>
  <Metadata>
    <MDI key="DataType">Generic</MDI>
  </Metadata>
  <PAMRasterBand band="1">
    <Histograms>
      <HistItem>
        <HistMin>0.8760961890220642</HistMin>
        <HistMax>0.8901385068893433</HistMax>
        <BucketCount>256</BucketCount>
        <IncludeOutOfRange>1</IncludeOutOfRange>
        <Approximate>0</Approximate>
        <HistCounts>1|1|0|0|0|0|0|0|0|0|1|1|0|0|0|0|2|1|0|0|2|0|0|0|2|2|1|1|0|0|2|0|1|0|3|3|4|3|5|4|3|0|2|3|7|3|1|2|8|6|3|2|8|8|4|2|7|9|7|5|7|9|8|8|8|6|4|10|10|9|15|14|14|9|9|16|18|14|19|11|17|18|13|16|20|18|15|16|15|29|15|24|14|7|21|22|17|24|16|26|18|21|27|16|17|17|13|22|23|16|11|13|23|18|14|11|12|5|8|6|18|14|11|13|5|7|12|10|13|12|8|11|9|5|3|8|4|10|6|11|11|5|11|10|5|6|2|7|3|6|6|2|5|10|5|3|4|5|5|7|6|5|6|6|4|5|5|2|6|9|1|5|7|5|5|1|7|4|7|5|2|6|6|4|9|2|5|7|7|8|1|10|4|3|3|2|1|3|5|5|4|6|4|2|1|3|2|1|1|5|3|7|4|1|1|1|2|2|1|2|2|2|2|3|0|2|0|1|1|1|0|0|1|0|1|0|2|0|1|0|3|0|0|0|0|0|0|0|0|0|0|0|0|0|0|1</HistCounts>
      </HistItem>
    </Histograms>
    <Metadata>
      <MDI key="RepresentationType">ATHEMATIC</MDI>
      <MDI key="STATISTICS_COVARIANCES">5.889321536153801e-06</MDI>
      <MDI key="STATISTICS_EXCLUDEDVALUES"></MDI>
      <MDI key="STATISTICS_MAXIMUM">0.89013850688934</MDI>
      <MDI key="STATISTICS_MEAN">0.88233157239854</MDI>
      <MDI key="STATISTICS_MINIMUM">0.87609618902206</MDI>
      <MDI key="STATISTICS_SKIPFACTORX">1</MDI>
      <MDI key="STATISTICS_SKIPFACTORY">1</MDI>
      <MDI key="STATISTICS_STDDEV">0.002426792437798</MDI>
    </Metadata>
  </PAMRasterBand>
</PAMDataset>
