<PAMDataset>
  <Metadata>
    <MDI key="DataType">Generic</MDI>
  </Metadata>
  <PAMRasterBand band="1">
    <Histograms>
      <HistItem>
        <HistMin>0.8332144021987915</HistMin>
        <HistMax>0.8471837639808655</HistMax>
        <BucketCount>256</BucketCount>
        <IncludeOutOfRange>1</IncludeOutOfRange>
        <Approximate>0</Approximate>
        <HistCounts>1|0|0|0|0|0|0|0|0|0|0|3|1|0|3|4|2|0|1|5|3|1|1|0|3|2|4|0|2|3|8|2|6|1|2|4|3|1|2|9|4|2|6|2|4|1|3|9|3|5|3|7|10|7|7|5|2|3|4|10|1|5|4|10|12|14|5|6|3|5|9|5|5|6|9|11|15|12|9|10|6|5|4|9|9|4|15|14|7|12|6|14|7|3|9|9|14|15|14|15|9|13|19|15|10|14|4|11|15|17|14|6|11|16|11|12|10|16|10|14|12|16|14|10|13|4|10|10|12|8|14|13|15|14|12|13|16|13|9|12|14|12|8|9|9|12|13|13|12|18|6|12|7|6|8|5|11|10|13|13|11|11|9|3|6|10|7|3|14|9|4|7|5|8|6|10|10|3|13|9|5|7|8|7|5|8|8|10|8|6|5|9|6|9|2|3|5|8|8|2|3|10|4|3|2|1|3|4|4|6|2|3|3|0|0|2|3|1|3|2|2|2|1|2|0|0|1|2|1|2|1|2|3|0|0|1|1|0|1|1|1|2|1|2|0|0|0|0|0|1|2|0|0|0|2|1</HistCounts>
      </HistItem>
    </Histograms>
    <Metadata>
      <MDI key="RepresentationType">ATHEMATIC</MDI>
      <MDI key="STATISTICS_COVARIANCES">7.255996213725788e-06</MDI>
      <MDI key="STATISTICS_EXCLUDEDVALUES"></MDI>
      <MDI key="STATISTICS_MAXIMUM">0.84718376398087</MDI>
      <MDI key="STATISTICS_MEAN">0.83997314333916</MDI>
      <MDI key="STATISTICS_MINIMUM">0.83321440219879</MDI>
      <MDI key="STATISTICS_SKIPFACTORX">1</MDI>
      <MDI key="STATISTICS_SKIPFACTORY">1</MDI>
      <MDI key="STATISTICS_STDDEV">0.0026936956423705</MDI>
    </Metadata>
  </PAMRasterBand>
</PAMDataset>
