<PAMDataset>
  <Metadata>
    <MDI key="DataType">Generic</MDI>
  </Metadata>
  <PAMRasterBand band="1">
    <Histograms>
      <HistItem>
        <HistMin>0.8568291068077087</HistMin>
        <HistMax>0.8706363439559937</HistMax>
        <BucketCount>256</BucketCount>
        <IncludeOutOfRange>1</IncludeOutOfRange>
        <Approximate>0</Approximate>
        <HistCounts>2|0|0|1|0|0|0|0|0|0|0|1|0|0|3|0|2|1|1|1|8|5|2|3|4|2|2|2|3|5|6|2|1|3|1|6|4|8|4|4|5|4|5|2|9|14|10|6|5|15|11|4|11|6|6|21|14|9|7|9|14|9|11|14|10|15|18|15|15|10|23|28|20|16|13|21|21|22|11|19|16|22|22|23|18|9|17|17|12|15|17|18|20|18|17|21|17|17|19|13|8|7|21|18|9|12|15|18|17|5|11|8|9|9|7|8|7|5|7|6|7|9|12|6|6|3|4|5|8|6|1|7|5|7|6|10|2|4|1|9|10|6|3|4|6|3|4|7|2|4|6|8|8|6|4|3|4|5|4|4|1|3|4|6|3|6|5|11|9|6|6|4|5|4|5|5|8|3|10|4|3|1|4|3|9|6|5|4|4|8|4|4|3|2|4|6|3|6|1|11|4|6|3|2|3|1|0|1|4|2|2|0|0|1|2|1|1|0|1|3|1|0|0|0|0|0|1|1|0|0|0|0|0|0|1|0|0|0|0|0|0|0|0|0|0|0|0|0|0|0|0|0|0|0|0|1</HistCounts>
      </HistItem>
    </Histograms>
    <Metadata>
      <MDI key="RepresentationType">ATHEMATIC</MDI>
      <MDI key="STATISTICS_COVARIANCES">6.221902220825871e-06</MDI>
      <MDI key="STATISTICS_EXCLUDEDVALUES"></MDI>
      <MDI key="STATISTICS_MAXIMUM">0.87063634395599</MDI>
      <MDI key="STATISTICS_MEAN">0.86234465222806</MDI>
      <MDI key="STATISTICS_MINIMUM">0.85682910680771</MDI>
      <MDI key="STATISTICS_SKIPFACTORX">1</MDI>
      <MDI key="STATISTICS_SKIPFACTORY">1</MDI>
      <MDI key="STATISTICS_STDDEV">0.0024943741140466</MDI>
    </Metadata>
  </PAMRasterBand>
</PAMDataset>
