<PAMDataset>
  <Metadata>
    <MDI key="DataType">Generic</MDI>
  </Metadata>
  <PAMRasterBand band="1">
    <Histograms>
      <HistItem>
        <HistMin>0.788324236869812</HistMin>
        <HistMax>0.8019442558288574</HistMax>
        <BucketCount>256</BucketCount>
        <IncludeOutOfRange>1</IncludeOutOfRange>
        <Approximate>0</Approximate>
        <HistCounts>1|0|0|0|0|0|0|0|0|0|0|0|0|0|0|1|0|2|0|1|0|1|0|4|0|1|3|0|2|0|2|1|1|1|1|2|1|3|0|1|5|0|7|4|1|4|4|9|2|7|2|4|0|11|3|4|4|4|8|5|8|11|3|9|12|10|10|5|14|4|12|5|10|11|10|7|21|15|10|13|10|12|8|15|17|14|16|16|8|12|11|7|13|18|11|13|13|13|18|19|15|14|15|15|14|14|21|29|26|25|23|8|22|18|13|10|13|11|13|15|12|15|24|16|15|9|13|21|12|17|8|15|9|11|8|16|8|16|13|15|16|10|6|6|12|9|5|8|7|4|2|8|9|14|8|15|6|12|7|5|4|9|0|6|1|5|5|11|5|14|8|6|3|4|4|1|2|6|4|8|4|5|4|3|6|7|5|2|4|2|1|2|10|0|3|2|6|1|4|2|6|2|2|2|2|3|3|5|2|4|3|3|2|0|5|3|2|1|2|1|0|0|1|1|0|0|0|2|0|2|0|0|0|0|0|0|1|0|0|0|0|1|1|0|0|0|0|0|0|0|0|0|0|1|0|1</HistCounts>
      </HistItem>
    </Histograms>
    <Metadata>
      <MDI key="RepresentationType">ATHEMATIC</MDI>
      <MDI key="STATISTICS_COVARIANCES">4.991803855360518e-06</MDI>
      <MDI key="STATISTICS_EXCLUDEDVALUES"></MDI>
      <MDI key="STATISTICS_MAXIMUM">0.80194425582886</MDI>
      <MDI key="STATISTICS_MEAN">0.79453735254705</MDI>
      <MDI key="STATISTICS_MINIMUM">0.78832423686981</MDI>
      <MDI key="STATISTICS_SKIPFACTORX">1</MDI>
      <MDI key="STATISTICS_SKIPFACTORY">1</MDI>
      <MDI key="STATISTICS_STDDEV">0.0022342345121675</MDI>
    </Metadata>
  </PAMRasterBand>
</PAMDataset>
