<PAMDataset>
  <Metadata>
    <MDI key="DataType">Generic</MDI>
  </Metadata>
  <PAMRasterBand band="1">
    <Histograms>
      <HistItem>
        <HistMin>0.8477087616920471</HistMin>
        <HistMax>0.8650891780853271</HistMax>
        <BucketCount>256</BucketCount>
        <IncludeOutOfRange>1</IncludeOutOfRange>
        <Approximate>0</Approximate>
        <HistCounts>1|0|0|0|0|0|0|0|0|0|0|1|0|0|2|1|1|4|1|0|0|2|1|3|1|0|2|1|1|0|0|0|3|0|1|2|0|1|0|4|5|2|2|2|1|1|3|1|3|3|2|2|9|1|3|3|1|3|4|2|6|4|6|4|7|4|1|2|8|3|3|2|3|1|1|3|4|9|4|3|6|7|1|2|2|10|4|4|4|1|4|4|4|6|12|9|7|5|7|6|6|11|14|12|5|6|5|4|13|10|7|8|5|3|7|9|8|15|7|7|8|10|14|11|10|6|17|17|14|14|15|18|13|18|17|15|19|14|11|15|15|16|19|19|16|10|10|21|10|7|13|7|13|10|10|8|11|10|4|15|8|13|11|4|10|8|7|16|10|10|12|15|11|5|10|6|12|12|12|9|6|4|9|5|13|18|19|6|12|5|7|14|8|19|17|11|8|6|12|7|14|11|6|5|10|6|10|5|10|10|13|12|6|8|9|8|2|9|5|9|9|6|4|5|8|5|4|1|2|1|5|1|1|2|2|4|2|1|1|1|0|2|0|1|1|2|1|0|0|0|1|0|0|0|0|1</HistCounts>
      </HistItem>
    </Histograms>
    <Metadata>
      <MDI key="RepresentationType">ATHEMATIC</MDI>
      <MDI key="STATISTICS_COVARIANCES">1.10051101898207e-05</MDI>
      <MDI key="STATISTICS_EXCLUDEDVALUES"></MDI>
      <MDI key="STATISTICS_MAXIMUM">0.86508917808533</MDI>
      <MDI key="STATISTICS_MEAN">0.85768700290471</MDI>
      <MDI key="STATISTICS_MINIMUM">0.84770876169205</MDI>
      <MDI key="STATISTICS_SKIPFACTORX">1</MDI>
      <MDI key="STATISTICS_SKIPFACTORY">1</MDI>
      <MDI key="STATISTICS_STDDEV">0.0033173950910045</MDI>
    </Metadata>
  </PAMRasterBand>
</PAMDataset>
