<PAMDataset>
  <Metadata>
    <MDI key="DataType">Generic</MDI>
  </Metadata>
  <PAMRasterBand band="1">
    <Histograms>
      <HistItem>
        <HistMin>0.8425770998001099</HistMin>
        <HistMax>0.8731826543807983</HistMax>
        <BucketCount>256</BucketCount>
        <IncludeOutOfRange>1</IncludeOutOfRange>
        <Approximate>0</Approximate>
        <HistCounts>1|0|0|0|0|0|0|0|0|0|0|0|1|0|0|0|0|0|0|0|0|0|1|0|0|1|0|0|0|0|0|0|0|0|0|0|0|0|0|0|0|0|0|0|0|0|0|0|0|0|0|0|0|0|0|0|0|0|0|0|0|0|0|0|0|0|0|0|0|0|0|0|0|0|0|0|0|0|0|0|0|0|0|0|0|0|0|0|0|0|1|0|0|1|2|0|2|0|0|0|0|3|0|1|2|0|1|0|3|1|1|1|2|4|4|3|1|2|2|0|0|1|1|3|3|6|0|3|4|5|2|2|3|2|2|9|5|5|5|5|5|4|5|10|12|10|15|10|8|13|11|14|21|16|11|17|13|23|14|19|19|31|30|15|24|30|23|24|28|24|35|30|23|28|19|37|28|37|24|32|41|35|26|24|19|28|25|31|24|19|13|25|23|20|14|12|20|14|10|22|22|3|11|9|10|18|9|4|10|13|4|5|4|5|6|7|9|18|3|5|5|4|7|5|5|3|7|5|7|5|3|3|3|4|0|0|0|4|0|0|1|2|2|0|0|1|2|0|0|1|1|0|0|0|0|1</HistCounts>
      </HistItem>
    </Histograms>
    <Metadata>
      <MDI key="RepresentationType">ATHEMATIC</MDI>
      <MDI key="STATISTICS_COVARIANCES">9.99528624867564e-06</MDI>
      <MDI key="STATISTICS_EXCLUDEDVALUES"></MDI>
      <MDI key="STATISTICS_MAXIMUM">0.8731826543808</MDI>
      <MDI key="STATISTICS_MEAN">0.86374445877969</MDI>
      <MDI key="STATISTICS_MINIMUM">0.84257709980011</MDI>
      <MDI key="STATISTICS_SKIPFACTORX">1</MDI>
      <MDI key="STATISTICS_SKIPFACTORY">1</MDI>
      <MDI key="STATISTICS_STDDEV">0.0031615322627921</MDI>
    </Metadata>
  </PAMRasterBand>
</PAMDataset>
