<PAMDataset>
  <Metadata>
    <MDI key="DataType">Generic</MDI>
  </Metadata>
  <PAMRasterBand band="1">
    <Histograms>
      <HistItem>
        <HistMin>0.8107729554176331</HistMin>
        <HistMax>0.8567642569541931</HistMax>
        <BucketCount>256</BucketCount>
        <IncludeOutOfRange>1</IncludeOutOfRange>
        <Approximate>0</Approximate>
        <HistCounts>1|0|0|0|0|0|0|0|0|0|0|0|0|0|0|0|1|0|0|0|0|0|0|1|0|0|0|0|0|0|0|2|0|1|1|0|0|1|1|0|0|1|1|0|0|0|0|0|1|2|0|0|0|1|0|2|0|1|0|1|0|0|0|0|0|0|0|0|0|1|2|1|2|6|1|1|1|2|3|1|2|1|3|0|2|2|1|1|3|2|2|3|1|1|5|0|2|8|5|3|5|4|2|3|5|8|1|4|4|2|2|8|5|4|6|9|5|3|10|5|6|7|9|8|6|14|6|8|8|12|13|9|9|10|5|7|15|11|17|20|10|10|15|17|14|11|27|14|18|19|21|11|13|9|14|14|27|16|26|20|22|22|14|23|12|17|27|19|16|27|31|20|16|22|27|25|20|18|24|23|18|19|14|17|19|18|18|28|14|14|18|29|8|9|15|11|11|18|9|7|9|10|7|14|4|5|9|4|4|6|6|7|4|6|8|5|1|2|3|5|4|0|5|2|2|2|0|1|2|0|0|0|2|1|1|2|2|0|0|0|0|1|1|0|2|1|0|1|0|1|0|0|0|0|0|1</HistCounts>
      </HistItem>
    </Histograms>
    <Metadata>
      <MDI key="RepresentationType">ATHEMATIC</MDI>
      <MDI key="STATISTICS_COVARIANCES">3.826975818811148e-05</MDI>
      <MDI key="STATISTICS_EXCLUDEDVALUES"></MDI>
      <MDI key="STATISTICS_MAXIMUM">0.85676425695419</MDI>
      <MDI key="STATISTICS_MEAN">0.83974425546825</MDI>
      <MDI key="STATISTICS_MINIMUM">0.81077295541763</MDI>
      <MDI key="STATISTICS_SKIPFACTORX">1</MDI>
      <MDI key="STATISTICS_SKIPFACTORY">1</MDI>
      <MDI key="STATISTICS_STDDEV">0.0061862555870342</MDI>
    </Metadata>
  </PAMRasterBand>
</PAMDataset>
