<PAMDataset>
  <PAMRasterBand band="1">
    <Histograms>
      <HistItem>
        <HistMin>0.8001122527039551</HistMin>
        <HistMax>0.8627722140880518</HistMax>
        <BucketCount>256</BucketCount>
        <IncludeOutOfRange>1</IncludeOutOfRange>
        <Approximate>0</Approximate>
        <HistCounts>1|0|0|0|0|0|0|0|0|0|0|0|0|0|0|0|0|0|0|0|0|0|0|0|0|0|0|0|0|0|0|0|0|0|0|0|0|0|0|0|0|0|0|0|0|0|0|0|0|0|0|0|0|0|0|0|0|0|0|0|0|0|0|0|0|0|0|0|0|0|0|1|0|0|0|1|1|0|0|0|0|0|0|2|0|0|0|0|0|1|2|0|0|1|0|0|1|1|0|0|1|1|1|0|0|0|0|0|0|0|0|0|0|2|0|3|0|0|3|0|1|0|2|1|1|1|3|2|0|3|2|1|3|0|4|5|3|1|1|3|4|5|3|4|3|5|4|3|10|10|10|13|8|9|13|9|15|22|20|23|32|30|27|33|28|44|35|43|51|53|31|33|41|32|27|30|30|31|32|22|23|23|19|15|23|21|20|23|13|20|20|17|20|17|13|15|12|11|10|18|7|20|9|5|12|9|17|11|6|16|7|15|12|10|8|10|9|10|5|7|8|8|8|4|3|3|1|3|6|3|5|3|3|2|1|3|3|3|2|1|0|5|3|1|1|3|3|2|1|2|0|2|3|3|1|1</HistCounts>
      </HistItem>
    </Histograms>
    <Metadata>
      <MDI key="RepresentationType">ATHEMATIC</MDI>
      <MDI key="STATISTICS_COVARIANCES">3.916613570025691e-05</MDI>
      <MDI key="STATISTICS_EXCLUDEDVALUES"></MDI>
      <MDI key="STATISTICS_MAXIMUM">0.86277221408805</MDI>
      <MDI key="STATISTICS_MEAN">0.84416517408656</MDI>
      <MDI key="STATISTICS_MINIMUM">0.80011225270396</MDI>
      <MDI key="STATISTICS_SKIPFACTORX">1</MDI>
      <MDI key="STATISTICS_SKIPFACTORY">1</MDI>
      <MDI key="STATISTICS_STDDEV">0.0062582853642397</MDI>
    </Metadata>
  </PAMRasterBand>
</PAMDataset>
