<PAMDataset>
  <Metadata>
    <MDI key="DataType">Generic</MDI>
  </Metadata>
  <PAMRasterBand band="1">
    <Histograms>
      <HistItem>
        <HistMin>0.8741334080696106</HistMin>
        <HistMax>0.8869101405143738</HistMax>
        <BucketCount>256</BucketCount>
        <IncludeOutOfRange>1</IncludeOutOfRange>
        <Approximate>0</Approximate>
        <HistCounts>1|0|0|0|0|0|0|0|0|0|0|0|0|0|0|0|1|0|0|0|0|0|0|0|0|0|1|2|2|0|0|3|0|1|6|3|3|2|1|5|2|2|2|1|2|3|1|1|4|2|7|3|5|2|10|4|5|4|8|4|9|2|3|10|8|6|10|6|13|9|11|12|11|15|20|6|10|19|8|14|15|20|17|21|11|17|16|10|20|16|15|24|10|14|21|21|13|14|12|31|24|7|20|19|21|13|9|20|17|21|13|13|8|21|14|20|11|8|17|11|18|10|7|14|14|13|11|15|7|8|10|5|3|5|9|13|9|7|2|12|9|6|4|6|10|10|4|5|13|8|8|6|10|3|5|8|8|7|2|6|8|5|3|6|8|10|10|5|9|4|11|10|6|2|8|5|6|6|10|6|4|4|4|2|5|2|5|6|2|9|8|9|7|2|5|7|4|4|7|3|5|3|4|7|4|4|5|3|4|2|4|3|2|1|2|3|4|5|0|1|0|3|2|3|1|0|2|1|0|0|0|0|1|0|0|0|1|0|0|0|0|0|0|0|0|1|0|0|0|1|0|0|0|0|0|1</HistCounts>
      </HistItem>
    </Histograms>
    <Metadata>
      <MDI key="RepresentationType">ATHEMATIC</MDI>
      <MDI key="STATISTICS_COVARIANCES">4.889195823502463e-06</MDI>
      <MDI key="STATISTICS_EXCLUDEDVALUES"></MDI>
      <MDI key="STATISTICS_MAXIMUM">0.88691014051437</MDI>
      <MDI key="STATISTICS_MEAN">0.88004120763391</MDI>
      <MDI key="STATISTICS_MINIMUM">0.87413340806961</MDI>
      <MDI key="STATISTICS_SKIPFACTORX">1</MDI>
      <MDI key="STATISTICS_SKIPFACTORY">1</MDI>
      <MDI key="STATISTICS_STDDEV">0.0022111526006819</MDI>
    </Metadata>
  </PAMRasterBand>
</PAMDataset>
