<PAMDataset>
  <Metadata>
    <MDI key="DataType">Generic</MDI>
  </Metadata>
  <PAMRasterBand band="1">
    <Histograms>
      <HistItem>
        <HistMin>0.8448657393455505</HistMin>
        <HistMax>0.8580999970436096</HistMax>
        <BucketCount>256</BucketCount>
        <IncludeOutOfRange>1</IncludeOutOfRange>
        <Approximate>0</Approximate>
        <HistCounts>2|1|0|0|0|1|2|2|1|1|0|1|2|0|0|1|0|0|1|3|1|1|1|2|3|3|2|8|2|6|1|0|2|7|1|4|4|4|7|3|2|9|10|13|4|10|5|7|8|12|10|18|9|7|13|11|9|9|8|16|9|15|11|7|18|14|15|12|17|15|10|12|17|17|12|16|12|23|15|16|15|16|13|18|18|14|24|21|7|14|9|13|17|16|17|19|13|13|22|15|19|18|12|15|17|12|16|11|10|12|12|12|10|14|6|13|10|7|10|11|11|8|13|7|8|12|2|4|5|6|9|9|7|5|8|5|7|2|6|6|1|6|3|5|4|4|4|8|2|6|2|2|11|2|8|6|5|5|4|5|4|7|3|5|5|3|5|6|6|4|7|4|1|6|8|8|4|4|1|12|8|6|3|3|3|3|2|4|8|6|2|4|7|5|7|6|1|6|7|3|6|0|3|1|1|4|2|1|0|2|4|4|4|1|3|2|2|0|1|1|2|0|2|0|3|2|1|0|2|0|0|0|0|0|0|0|0|0|0|0|0|0|0|0|0|0|0|0|1|0|0|0|0|0|0|1</HistCounts>
      </HistItem>
    </Histograms>
    <Metadata>
      <MDI key="RepresentationType">ATHEMATIC</MDI>
      <MDI key="STATISTICS_COVARIANCES">6.025691181288044e-06</MDI>
      <MDI key="STATISTICS_EXCLUDEDVALUES"></MDI>
      <MDI key="STATISTICS_MAXIMUM">0.85809999704361</MDI>
      <MDI key="STATISTICS_MEAN">0.85026468701661</MDI>
      <MDI key="STATISTICS_MINIMUM">0.84486573934555</MDI>
      <MDI key="STATISTICS_SKIPFACTORX">1</MDI>
      <MDI key="STATISTICS_SKIPFACTORY">1</MDI>
      <MDI key="STATISTICS_STDDEV">0.0024547283314632</MDI>
    </Metadata>
  </PAMRasterBand>
</PAMDataset>
