<PAMDataset>
  <Metadata>
    <MDI key="DataType">Generic</MDI>
  </Metadata>
  <PAMRasterBand band="1">
    <Histograms>
      <HistItem>
        <HistMin>0.883493185043335</HistMin>
        <HistMax>0.8973137736320496</HistMax>
        <BucketCount>256</BucketCount>
        <IncludeOutOfRange>1</IncludeOutOfRange>
        <Approximate>0</Approximate>
        <HistCounts>1|0|0|0|0|0|0|1|0|0|1|0|0|2|1|0|0|0|1|1|1|2|0|3|0|1|1|0|1|2|3|2|0|0|3|4|1|5|2|0|2|5|0|1|4|4|1|10|2|3|8|2|2|3|4|5|2|6|2|0|3|9|7|2|3|4|5|9|6|10|7|5|10|5|9|3|8|10|13|8|15|10|15|10|11|10|18|9|11|15|15|15|15|18|13|16|13|16|15|10|11|18|15|17|18|15|15|20|20|20|16|14|20|13|13|16|14|14|14|10|18|15|12|13|9|10|9|9|10|11|13|15|17|16|12|6|10|12|13|9|7|9|14|15|13|8|7|3|8|6|10|10|7|6|6|8|4|5|6|8|2|3|5|5|7|6|5|3|9|1|4|8|10|11|4|6|4|6|3|1|2|9|9|11|5|10|7|3|6|7|8|2|5|2|1|11|10|4|8|3|4|5|6|3|4|8|8|8|4|3|7|2|5|7|5|3|3|4|5|5|2|3|4|2|2|2|6|4|1|1|4|3|4|0|0|2|2|1|0|0|1|0|1|3|0|0|0|2|0|1|0|0|0|0|0|1</HistCounts>
      </HistItem>
    </Histograms>
    <Metadata>
      <MDI key="RepresentationType">ATHEMATIC</MDI>
      <MDI key="STATISTICS_COVARIANCES">6.795967823472688e-06</MDI>
      <MDI key="STATISTICS_EXCLUDEDVALUES"></MDI>
      <MDI key="STATISTICS_MAXIMUM">0.89731377363205</MDI>
      <MDI key="STATISTICS_MEAN">0.89030767694116</MDI>
      <MDI key="STATISTICS_MINIMUM">0.88349318504333</MDI>
      <MDI key="STATISTICS_SKIPFACTORX">1</MDI>
      <MDI key="STATISTICS_SKIPFACTORY">1</MDI>
      <MDI key="STATISTICS_STDDEV">0.0026069077128799</MDI>
    </Metadata>
  </PAMRasterBand>
</PAMDataset>
