<PAMDataset>
  <Metadata>
    <MDI key="DataType">Generic</MDI>
  </Metadata>
  <PAMRasterBand band="1">
    <Histograms>
      <HistItem>
        <HistMin>0.8084189891815186</HistMin>
        <HistMax>0.826545238494873</HistMax>
        <BucketCount>256</BucketCount>
        <IncludeOutOfRange>1</IncludeOutOfRange>
        <Approximate>0</Approximate>
        <HistCounts>1|0|0|0|0|0|0|0|0|0|1|0|0|0|0|0|0|0|0|1|0|0|0|0|0|0|1|2|0|0|0|0|0|0|0|1|1|1|2|2|1|0|0|1|4|0|3|1|1|3|2|0|4|3|1|3|2|1|3|0|1|3|5|2|4|2|2|5|2|1|3|2|11|9|5|3|9|2|4|7|8|12|7|6|5|7|4|9|4|13|16|16|12|9|14|5|13|14|16|8|19|22|12|16|17|20|8|11|15|13|30|19|17|15|15|14|19|18|22|13|23|17|11|17|22|25|22|6|16|16|15|20|15|11|13|17|18|21|10|13|7|8|22|17|22|10|12|10|7|12|12|6|11|16|18|15|9|11|14|9|9|12|15|13|14|15|9|14|12|11|15|4|9|12|12|9|1|7|9|1|6|8|8|1|7|9|5|7|14|6|4|5|8|9|3|4|4|5|3|4|1|0|3|6|2|2|2|2|1|1|4|0|2|2|3|1|0|0|0|0|0|1|0|1|2|1|0|0|0|0|0|0|0|0|0|1|0|0|0|0|0|0|1|0|0|0|0|0|0|0|0|0|0|0|0|1</HistCounts>
      </HistItem>
    </Histograms>
    <Metadata>
      <MDI key="RepresentationType">ATHEMATIC</MDI>
      <MDI key="STATISTICS_COVARIANCES">6.943551842298117e-06</MDI>
      <MDI key="STATISTICS_EXCLUDEDVALUES"></MDI>
      <MDI key="STATISTICS_MAXIMUM">0.82654523849487</MDI>
      <MDI key="STATISTICS_MEAN">0.81765393663198</MDI>
      <MDI key="STATISTICS_MINIMUM">0.80841898918152</MDI>
      <MDI key="STATISTICS_SKIPFACTORX">1</MDI>
      <MDI key="STATISTICS_SKIPFACTORY">1</MDI>
      <MDI key="STATISTICS_STDDEV">0.0026350620186816</MDI>
    </Metadata>
  </PAMRasterBand>
</PAMDataset>
