<PAMDataset>
  <Metadata>
    <MDI key="DataType">Generic</MDI>
  </Metadata>
  <PAMRasterBand band="1">
    <Histograms>
      <HistItem>
        <HistMin>0.8184991478919983</HistMin>
        <HistMax>0.8387641310691833</HistMax>
        <BucketCount>256</BucketCount>
        <IncludeOutOfRange>1</IncludeOutOfRange>
        <Approximate>0</Approximate>
        <HistCounts>1|1|0|0|0|0|0|0|0|2|1|2|0|0|1|0|0|0|5|0|1|3|0|0|0|0|1|0|0|5|5|1|6|0|0|0|1|0|2|0|0|4|1|0|1|1|2|4|1|0|3|0|0|0|2|1|2|1|1|1|2|6|3|2|3|1|2|3|1|0|1|2|2|0|1|8|2|0|0|3|2|2|2|2|5|3|1|2|1|7|6|4|2|5|6|1|2|2|5|6|5|2|8|8|6|3|2|2|3|7|4|4|6|1|2|4|10|10|6|6|4|5|5|7|7|9|9|12|18|7|10|11|9|12|7|23|15|10|13|18|15|9|16|19|14|24|21|17|17|19|23|14|26|11|23|13|13|11|15|21|21|17|24|14|29|21|18|13|15|25|19|10|17|13|10|18|10|20|7|22|17|15|15|4|17|14|10|16|7|13|21|8|12|8|9|9|9|7|6|7|3|12|7|10|9|9|12|10|4|6|7|7|6|7|10|3|5|5|5|7|4|7|1|3|9|2|1|3|6|4|4|0|2|2|5|0|1|0|1|2|0|0|0|1|0|1|2|1|2|0|0|0|1|0|0|2</HistCounts>
      </HistItem>
    </Histograms>
    <Metadata>
      <MDI key="RepresentationType">ATHEMATIC</MDI>
      <MDI key="STATISTICS_COVARIANCES">1.191671217683664e-05</MDI>
      <MDI key="STATISTICS_EXCLUDEDVALUES"></MDI>
      <MDI key="STATISTICS_MAXIMUM">0.83876413106918</MDI>
      <MDI key="STATISTICS_MEAN">0.83076158534735</MDI>
      <MDI key="STATISTICS_MINIMUM">0.818499147892</MDI>
      <MDI key="STATISTICS_SKIPFACTORX">1</MDI>
      <MDI key="STATISTICS_SKIPFACTORY">1</MDI>
      <MDI key="STATISTICS_STDDEV">0.0034520591212835</MDI>
    </Metadata>
  </PAMRasterBand>
</PAMDataset>
