<PAMDataset>
  <Metadata>
    <MDI key="DataType">Generic</MDI>
  </Metadata>
  <PAMRasterBand band="1">
    <Histograms>
      <HistItem>
        <HistMin>0.864132821559906</HistMin>
        <HistMax>0.877564013004303</HistMax>
        <BucketCount>256</BucketCount>
        <IncludeOutOfRange>1</IncludeOutOfRange>
        <Approximate>0</Approximate>
        <HistCounts>1|1|0|0|0|0|0|0|0|0|0|0|0|0|0|1|1|0|0|0|1|0|1|1|1|0|0|1|0|1|3|1|1|2|0|3|3|4|3|1|0|5|0|2|4|6|3|2|1|1|5|1|3|4|2|12|14|2|5|2|6|2|5|5|5|9|13|10|5|13|8|10|8|15|8|15|2|15|14|12|18|12|7|11|11|15|15|13|14|14|25|19|14|20|15|14|17|13|33|19|22|14|14|21|16|15|11|17|18|16|12|6|10|18|10|5|12|15|11|16|17|15|14|13|14|13|14|18|16|14|12|11|8|17|17|12|9|9|10|2|6|6|7|11|5|4|3|7|11|6|5|15|5|7|5|0|7|6|11|6|4|8|6|9|6|5|2|5|5|6|3|3|13|6|4|7|3|7|2|4|3|2|9|3|6|2|4|4|9|7|11|5|7|6|5|2|5|5|3|5|3|8|6|4|4|5|5|5|4|5|1|2|5|0|1|3|3|1|4|2|2|4|2|2|4|4|4|0|2|1|3|1|3|3|2|2|0|1|0|0|0|1|0|2|1|0|1|0|0|0|0|1|0|0|0|1</HistCounts>
      </HistItem>
    </Histograms>
    <Metadata>
      <MDI key="RepresentationType">ATHEMATIC</MDI>
      <MDI key="STATISTICS_COVARIANCES">5.91533800160296e-06</MDI>
      <MDI key="STATISTICS_EXCLUDEDVALUES"></MDI>
      <MDI key="STATISTICS_MAXIMUM">0.8775640130043</MDI>
      <MDI key="STATISTICS_MEAN">0.87050212651491</MDI>
      <MDI key="STATISTICS_MINIMUM">0.86413282155991</MDI>
      <MDI key="STATISTICS_SKIPFACTORX">1</MDI>
      <MDI key="STATISTICS_SKIPFACTORY">1</MDI>
      <MDI key="STATISTICS_STDDEV">0.0024321467886628</MDI>
    </Metadata>
  </PAMRasterBand>
</PAMDataset>
