<PAMDataset>
  <PAMRasterBand band="1">
    <Histograms>
      <HistItem>
        <HistMin>0.8639339260481265</HistMin>
        <HistMax>0.8816831338798665</HistMax>
        <BucketCount>256</BucketCount>
        <IncludeOutOfRange>1</IncludeOutOfRange>
        <Approximate>0</Approximate>
        <HistCounts>1|0|0|0|0|0|0|0|0|0|0|0|0|0|0|0|0|0|0|0|0|1|1|0|0|1|0|0|1|0|1|0|0|0|0|0|0|0|1|1|1|3|1|0|2|2|5|4|1|4|2|0|1|4|2|1|2|3|2|4|2|6|9|4|5|2|8|4|6|8|10|9|10|5|8|9|14|12|14|9|11|11|7|12|17|16|8|10|11|25|13|7|13|19|17|11|9|10|15|14|14|19|17|17|18|8|15|15|28|10|17|24|17|12|19|9|21|12|14|12|15|16|13|15|22|14|17|13|14|20|18|10|21|7|12|8|13|19|17|14|8|5|6|6|13|10|9|21|6|7|13|6|10|7|9|11|7|10|12|7|9|5|6|8|8|12|7|4|7|3|5|4|3|7|6|13|8|1|6|1|5|4|2|8|10|9|10|0|6|4|2|4|3|6|10|5|3|2|6|5|2|5|2|5|6|3|4|2|1|2|2|5|7|7|4|1|1|3|2|2|1|3|4|3|1|4|1|2|1|2|2|3|0|3|3|2|2|0|1|0|0|0|3|0|1|1|1|0|0|0|1|0|0|0|0|1</HistCounts>
      </HistItem>
    </Histograms>
    <Metadata>
      <MDI key="RepresentationType">ATHEMATIC</MDI>
      <MDI key="STATISTICS_COVARIANCES">9.024460623850799e-06</MDI>
      <MDI key="STATISTICS_EXCLUDEDVALUES"></MDI>
      <MDI key="STATISTICS_MAXIMUM">0.88168313387987</MDI>
      <MDI key="STATISTICS_MEAN">0.87274920900983</MDI>
      <MDI key="STATISTICS_MINIMUM">0.86393392604813</MDI>
      <MDI key="STATISTICS_SKIPFACTORX">1</MDI>
      <MDI key="STATISTICS_SKIPFACTORY">1</MDI>
      <MDI key="STATISTICS_STDDEV">0.0030040740043898</MDI>
    </Metadata>
  </PAMRasterBand>
</PAMDataset>
