<PAMDataset>
  <Metadata>
    <MDI key="DataType">Generic</MDI>
  </Metadata>
  <PAMRasterBand band="1">
    <Histograms>
      <HistItem>
        <HistMin>0.8835367560386658</HistMin>
        <HistMax>0.8985404968261719</HistMax>
        <BucketCount>256</BucketCount>
        <IncludeOutOfRange>1</IncludeOutOfRange>
        <Approximate>0</Approximate>
        <HistCounts>2|0|0|0|0|0|0|0|0|1|0|1|0|0|1|4|1|1|2|1|1|2|1|1|0|3|1|2|0|0|1|8|2|4|3|2|7|4|1|1|7|6|0|1|3|4|5|4|5|5|12|4|8|10|9|5|9|5|9|18|7|8|7|9|9|17|11|8|15|13|9|17|18|9|18|10|9|9|18|15|14|10|20|16|22|23|17|19|16|18|19|24|17|16|12|13|15|16|13|20|30|13|13|23|15|14|15|20|14|16|20|12|21|19|14|10|14|12|12|8|9|9|19|8|8|8|9|8|12|3|7|9|13|1|5|3|1|7|4|12|6|7|5|4|2|5|3|7|1|6|7|5|2|3|5|6|8|4|6|4|3|5|3|2|4|4|11|3|2|4|3|3|4|0|6|4|4|3|5|2|4|6|6|5|9|4|3|5|8|9|4|2|5|4|2|4|3|4|3|8|7|4|1|4|5|4|6|5|2|2|1|4|2|4|4|3|2|1|2|2|3|2|1|0|5|1|4|1|4|2|0|0|1|0|3|1|0|0|0|0|0|1|1|0|1|0|0|0|0|0|0|0|1|0|0|1</HistCounts>
      </HistItem>
    </Histograms>
    <Metadata>
      <MDI key="RepresentationType">ATHEMATIC</MDI>
      <MDI key="STATISTICS_COVARIANCES">7.7510793346264e-06</MDI>
      <MDI key="STATISTICS_EXCLUDEDVALUES"></MDI>
      <MDI key="STATISTICS_MAXIMUM">0.89854049682617</MDI>
      <MDI key="STATISTICS_MEAN">0.89003574706614</MDI>
      <MDI key="STATISTICS_MINIMUM">0.88353675603867</MDI>
      <MDI key="STATISTICS_SKIPFACTORX">1</MDI>
      <MDI key="STATISTICS_SKIPFACTORY">1</MDI>
      <MDI key="STATISTICS_STDDEV">0.0027840760288876</MDI>
    </Metadata>
  </PAMRasterBand>
</PAMDataset>
