<PAMDataset>
  <Metadata>
    <MDI key="DataType">Generic</MDI>
  </Metadata>
  <PAMRasterBand band="1">
    <Histograms>
      <HistItem>
        <HistMin>0.8476616740226746</HistMin>
        <HistMax>0.866969883441925</HistMax>
        <BucketCount>256</BucketCount>
        <IncludeOutOfRange>1</IncludeOutOfRange>
        <Approximate>0</Approximate>
        <HistCounts>1|0|0|0|0|0|0|1|0|0|0|0|0|0|0|0|0|0|0|0|0|1|0|0|0|0|0|0|0|0|0|1|0|0|0|2|0|1|0|0|0|0|0|0|0|0|0|0|0|1|0|0|1|0|0|0|0|0|0|1|0|0|0|0|1|0|2|1|0|0|0|0|0|1|1|0|0|3|1|1|0|1|0|0|2|0|0|1|4|1|1|4|4|0|1|2|1|0|1|2|0|2|3|1|3|7|6|3|5|5|8|5|12|6|7|5|10|13|9|3|17|7|12|19|13|17|7|19|15|18|19|21|18|28|22|16|18|19|22|17|21|32|23|20|27|23|20|20|24|18|20|12|11|16|23|18|19|10|14|10|15|21|14|19|25|14|13|15|11|23|11|12|17|20|9|12|13|9|13|12|15|21|4|6|8|9|13|21|7|7|5|12|9|11|12|12|8|8|4|5|11|15|10|4|6|6|8|9|5|5|10|4|6|11|5|7|5|6|9|7|4|1|5|6|9|4|6|2|0|1|4|3|5|4|4|3|2|2|0|1|3|0|0|0|0|0|0|1|0|1|0|0|0|0|0|1</HistCounts>
      </HistItem>
    </Histograms>
    <Metadata>
      <MDI key="RepresentationType">ATHEMATIC</MDI>
      <MDI key="STATISTICS_COVARIANCES">6.855133838782123e-06</MDI>
      <MDI key="STATISTICS_EXCLUDEDVALUES"></MDI>
      <MDI key="STATISTICS_MAXIMUM">0.86696988344193</MDI>
      <MDI key="STATISTICS_MEAN">0.85964582316577</MDI>
      <MDI key="STATISTICS_MINIMUM">0.84766167402267</MDI>
      <MDI key="STATISTICS_SKIPFACTORX">1</MDI>
      <MDI key="STATISTICS_SKIPFACTORY">1</MDI>
      <MDI key="STATISTICS_STDDEV">0.002618231051451</MDI>
    </Metadata>
  </PAMRasterBand>
</PAMDataset>
