<PAMDataset>
  <Metadata>
    <MDI key="DataType">Generic</MDI>
  </Metadata>
  <PAMRasterBand band="1">
    <Histograms>
      <HistItem>
        <HistMin>0.8584822416305542</HistMin>
        <HistMax>0.8704811334609985</HistMax>
        <BucketCount>256</BucketCount>
        <IncludeOutOfRange>1</IncludeOutOfRange>
        <Approximate>0</Approximate>
        <HistCounts>2|0|0|0|0|1|0|0|1|0|1|0|2|2|1|0|1|2|0|2|2|3|2|3|3|1|2|2|2|9|6|4|4|5|2|4|5|6|2|10|3|16|7|4|7|6|10|6|7|5|7|11|11|16|13|14|6|7|18|14|12|17|9|11|24|21|13|20|16|14|15|21|27|11|20|13|20|19|26|19|13|9|11|20|17|18|11|20|20|15|14|10|20|12|9|14|12|16|13|15|11|12|13|14|10|10|10|13|8|6|13|10|9|11|5|5|9|4|10|11|9|4|9|5|3|5|3|3|2|6|3|5|9|7|6|4|4|7|3|2|5|2|2|4|3|5|6|2|4|3|2|4|0|3|2|3|4|5|7|5|2|5|1|6|3|6|3|4|8|5|7|6|2|3|4|2|3|4|7|8|2|5|6|7|5|9|10|6|5|6|5|4|6|6|6|13|5|3|4|5|4|5|7|1|3|1|3|8|7|0|1|2|5|4|2|4|1|6|7|2|2|4|2|2|3|5|4|2|1|0|1|1|0|1|0|2|2|0|0|0|3|2|0|0|0|0|0|0|1|0|0|0|0|0|0|1</HistCounts>
      </HistItem>
    </Histograms>
    <Metadata>
      <MDI key="RepresentationType">ATHEMATIC</MDI>
      <MDI key="STATISTICS_COVARIANCES">6.183784361155014e-06</MDI>
      <MDI key="STATISTICS_EXCLUDEDVALUES"></MDI>
      <MDI key="STATISTICS_MAXIMUM">0.870481133461</MDI>
      <MDI key="STATISTICS_MEAN">0.86346395824105</MDI>
      <MDI key="STATISTICS_MINIMUM">0.85848224163055</MDI>
      <MDI key="STATISTICS_SKIPFACTORX">1</MDI>
      <MDI key="STATISTICS_SKIPFACTORY">1</MDI>
      <MDI key="STATISTICS_STDDEV">0.002486721609098</MDI>
    </Metadata>
  </PAMRasterBand>
</PAMDataset>
