<PAMDataset>
  <PAMRasterBand band="1">
    <Histograms>
      <HistItem>
        <HistMin>0.8887029518585572</HistMin>
        <HistMax>0.9040386631847982</HistMax>
        <BucketCount>256</BucketCount>
        <IncludeOutOfRange>1</IncludeOutOfRange>
        <Approximate>0</Approximate>
        <HistCounts>1|0|0|0|0|0|0|0|0|0|0|0|0|0|0|1|0|1|0|3|0|2|0|1|0|0|1|1|0|3|1|1|0|2|4|1|1|1|2|2|1|4|2|0|3|4|1|1|0|3|1|2|7|1|1|1|4|0|2|6|5|2|2|7|4|4|2|7|2|5|6|4|6|5|3|5|10|14|8|13|11|10|9|12|15|9|18|10|21|20|12|15|17|19|11|18|19|28|24|12|10|24|15|19|19|17|19|27|12|15|11|23|25|11|16|16|18|15|29|11|15|17|16|22|7|8|10|21|11|16|17|18|17|13|10|11|16|10|12|10|10|22|16|9|7|6|21|15|7|8|12|10|8|8|12|12|8|9|9|7|10|4|6|4|6|8|5|7|8|5|7|8|3|4|2|5|10|4|4|1|5|6|7|3|5|1|2|3|2|4|3|11|5|5|2|2|2|2|4|4|6|3|3|2|2|2|2|1|3|2|2|3|3|1|3|2|0|2|2|7|0|2|3|1|0|1|1|1|0|0|1|1|0|1|1|2|0|1|0|0|0|0|0|0|1|0|0|0|0|0|0|0|0|0|0|1</HistCounts>
      </HistItem>
    </Histograms>
    <Metadata>
      <MDI key="RepresentationType">ATHEMATIC</MDI>
      <MDI key="STATISTICS_COVARIANCES">5.734122093223883e-06</MDI>
      <MDI key="STATISTICS_EXCLUDEDVALUES"></MDI>
      <MDI key="STATISTICS_MAXIMUM">0.9040386631848</MDI>
      <MDI key="STATISTICS_MEAN">0.89602294415057</MDI>
      <MDI key="STATISTICS_MINIMUM">0.88870295185856</MDI>
      <MDI key="STATISTICS_SKIPFACTORX">1</MDI>
      <MDI key="STATISTICS_SKIPFACTORY">1</MDI>
      <MDI key="STATISTICS_STDDEV">0.0023946027004962</MDI>
    </Metadata>
  </PAMRasterBand>
</PAMDataset>
