<PAMDataset>
  <Metadata>
    <MDI key="DataType">Generic</MDI>
  </Metadata>
  <PAMRasterBand band="1">
    <Histograms>
      <HistItem>
        <HistMin>0.8782498836517334</HistMin>
        <HistMax>0.912803053855896</HistMax>
        <BucketCount>256</BucketCount>
        <IncludeOutOfRange>1</IncludeOutOfRange>
        <Approximate>0</Approximate>
        <HistCounts>1|0|0|0|0|0|0|0|0|0|0|0|0|1|0|0|0|0|0|0|0|0|0|1|1|0|0|1|1|1|0|0|0|0|0|2|0|1|0|0|0|0|1|0|0|0|0|0|0|2|0|3|0|1|0|3|0|0|1|4|1|1|0|4|1|2|1|4|1|3|1|3|2|2|4|2|3|3|3|5|2|3|4|4|4|0|0|7|3|4|0|3|8|4|6|4|8|4|4|4|2|7|5|8|2|4|8|8|6|9|7|12|4|5|4|9|9|4|7|15|1|7|6|14|7|16|8|9|17|11|4|11|16|8|14|15|8|8|14|13|24|12|13|18|17|13|10|19|15|11|18|25|22|14|18|16|23|12|23|14|9|15|15|11|19|11|25|16|21|17|26|25|20|13|18|18|13|14|18|14|11|11|8|15|14|11|12|12|10|14|11|12|5|9|6|7|9|9|13|13|7|8|9|7|9|10|8|9|6|0|12|4|5|10|8|3|8|5|3|4|7|5|8|3|2|4|5|3|1|1|5|5|5|4|2|1|4|2|2|1|3|3|4|1|1|2|1|0|1|1|0|0|1|0|0|1</HistCounts>
      </HistItem>
    </Histograms>
    <Metadata>
      <MDI key="RepresentationType">ATHEMATIC</MDI>
      <MDI key="STATISTICS_COVARIANCES">3.023974352551754e-05</MDI>
      <MDI key="STATISTICS_EXCLUDEDVALUES"></MDI>
      <MDI key="STATISTICS_MAXIMUM">0.9128030538559</MDI>
      <MDI key="STATISTICS_MEAN">0.89947448216379</MDI>
      <MDI key="STATISTICS_MINIMUM">0.87824988365173</MDI>
      <MDI key="STATISTICS_SKIPFACTORX">1</MDI>
      <MDI key="STATISTICS_SKIPFACTORY">1</MDI>
      <MDI key="STATISTICS_STDDEV">0.0054990675141807</MDI>
    </Metadata>
  </PAMRasterBand>
</PAMDataset>
