<PAMDataset>
  <Metadata>
    <MDI key="DataType">Generic</MDI>
  </Metadata>
  <PAMRasterBand band="1">
    <Histograms>
      <HistItem>
        <HistMin>0.8793410658836365</HistMin>
        <HistMax>0.8927336931228638</HistMax>
        <BucketCount>256</BucketCount>
        <IncludeOutOfRange>1</IncludeOutOfRange>
        <Approximate>0</Approximate>
        <HistCounts>1|0|0|0|0|0|0|0|0|0|0|1|0|0|0|0|0|0|0|0|1|2|0|2|0|0|0|0|0|4|3|0|1|6|3|4|1|3|4|7|2|6|5|10|4|3|3|10|11|10|7|5|10|8|9|5|7|8|12|12|9|9|16|13|12|9|17|15|17|12|8|16|16|14|19|18|10|20|13|21|23|19|15|13|14|24|16|15|18|21|20|32|11|18|16|17|17|19|18|19|20|10|17|11|13|12|15|13|11|14|7|7|6|12|19|14|5|9|10|16|7|2|8|9|11|6|1|3|6|6|5|10|4|2|10|3|5|6|5|3|3|7|2|8|6|4|3|6|6|4|8|4|7|6|5|4|3|0|3|2|6|7|9|3|4|4|5|7|8|3|4|6|6|3|6|4|6|3|5|2|9|7|4|3|6|5|7|6|3|2|3|9|9|2|7|5|6|2|3|6|5|3|4|2|9|2|4|6|3|1|3|6|7|3|4|2|0|3|2|2|2|2|3|1|2|3|2|1|1|2|2|1|5|3|0|0|1|2|0|0|1|0|0|1|1|0|1|1|1|0|0|1|0|0|0|1</HistCounts>
      </HistItem>
    </Histograms>
    <Metadata>
      <MDI key="RepresentationType">ATHEMATIC</MDI>
      <MDI key="STATISTICS_COVARIANCES">6.724303429394322e-06</MDI>
      <MDI key="STATISTICS_EXCLUDEDVALUES"></MDI>
      <MDI key="STATISTICS_MAXIMUM">0.89273369312286</MDI>
      <MDI key="STATISTICS_MEAN">0.88516626559198</MDI>
      <MDI key="STATISTICS_MINIMUM">0.87934106588364</MDI>
      <MDI key="STATISTICS_SKIPFACTORX">1</MDI>
      <MDI key="STATISTICS_SKIPFACTORY">1</MDI>
      <MDI key="STATISTICS_STDDEV">0.0025931261884826</MDI>
    </Metadata>
  </PAMRasterBand>
</PAMDataset>
