<PAMDataset>
  <Metadata>
    <MDI key="DataType">Generic</MDI>
  </Metadata>
  <PAMRasterBand band="1">
    <Histograms>
      <HistItem>
        <HistMin>0.867036759853363</HistMin>
        <HistMax>0.8800070881843567</HistMax>
        <BucketCount>256</BucketCount>
        <IncludeOutOfRange>1</IncludeOutOfRange>
        <Approximate>0</Approximate>
        <HistCounts>1|0|0|0|0|0|0|0|1|0|0|0|0|0|0|0|0|0|1|0|0|0|0|0|0|1|0|1|2|1|1|2|2|2|0|1|0|2|4|4|3|4|1|4|1|2|3|3|5|9|10|2|7|7|4|7|7|10|15|17|12|14|9|3|9|9|5|15|11|16|17|16|10|13|12|17|10|11|16|12|18|15|13|19|22|17|16|11|11|31|22|21|11|12|26|13|10|13|9|18|23|16|12|13|10|16|10|15|15|14|15|23|18|15|5|16|6|8|8|13|20|17|16|10|15|7|8|8|3|8|10|13|14|6|5|3|12|4|4|5|8|7|7|7|3|6|3|3|6|5|4|4|8|3|6|5|4|2|4|5|7|6|5|8|6|0|7|7|5|11|4|3|4|6|11|8|4|7|3|4|3|4|7|6|9|7|3|2|5|5|3|5|3|6|10|14|9|6|7|6|4|3|8|4|10|7|3|4|4|1|0|6|3|3|1|3|3|3|3|0|3|0|3|2|4|3|0|1|2|0|0|0|0|0|0|0|1|0|0|0|0|0|0|0|0|0|0|0|0|0|0|0|0|0|0|1</HistCounts>
      </HistItem>
    </Histograms>
    <Metadata>
      <MDI key="RepresentationType">ATHEMATIC</MDI>
      <MDI key="STATISTICS_COVARIANCES">5.585580922169414e-06</MDI>
      <MDI key="STATISTICS_EXCLUDEDVALUES"></MDI>
      <MDI key="STATISTICS_MAXIMUM">0.88000708818436</MDI>
      <MDI key="STATISTICS_MEAN">0.87289440665394</MDI>
      <MDI key="STATISTICS_MINIMUM">0.86703675985336</MDI>
      <MDI key="STATISTICS_SKIPFACTORX">1</MDI>
      <MDI key="STATISTICS_SKIPFACTORY">1</MDI>
      <MDI key="STATISTICS_STDDEV">0.0023633833633521</MDI>
    </Metadata>
  </PAMRasterBand>
</PAMDataset>
