<PAMDataset>
  <Metadata>
    <MDI key="DataType">Generic</MDI>
  </Metadata>
  <PAMRasterBand band="1">
    <Histograms>
      <HistItem>
        <HistMin>0.8641061186790466</HistMin>
        <HistMax>0.8775545954704285</HistMax>
        <BucketCount>256</BucketCount>
        <IncludeOutOfRange>1</IncludeOutOfRange>
        <Approximate>0</Approximate>
        <HistCounts>1|0|0|0|0|0|0|0|1|0|0|0|2|0|0|2|0|0|2|2|0|1|1|4|3|2|1|1|2|2|3|2|4|2|2|3|4|3|2|5|2|4|1|6|4|6|4|5|11|3|7|0|3|9|7|9|4|5|8|9|1|12|10|11|8|10|7|8|15|9|8|14|8|10|12|8|9|12|15|16|14|15|14|17|10|15|15|21|22|24|15|12|13|17|13|12|15|14|23|20|10|11|16|17|13|10|9|27|16|16|11|21|13|19|7|10|13|11|9|10|8|10|5|17|11|10|2|9|8|7|7|5|7|11|12|11|11|5|9|6|12|4|6|4|8|5|6|3|5|6|5|6|8|3|10|7|12|6|1|9|8|3|1|6|7|8|7|6|11|6|5|3|5|5|11|7|2|6|5|5|3|6|7|6|6|9|7|5|4|9|6|3|4|4|8|5|4|6|8|11|12|10|6|5|4|1|5|0|6|1|1|2|3|5|1|2|3|1|4|2|3|0|3|8|3|0|1|1|3|2|1|2|0|2|0|0|0|1|0|0|2|0|0|1|0|0|0|0|0|0|0|0|0|0|0|1</HistCounts>
      </HistItem>
    </Histograms>
    <Metadata>
      <MDI key="RepresentationType">ATHEMATIC</MDI>
      <MDI key="STATISTICS_COVARIANCES">6.62189246489909e-06</MDI>
      <MDI key="STATISTICS_EXCLUDEDVALUES"></MDI>
      <MDI key="STATISTICS_MAXIMUM">0.87755459547043</MDI>
      <MDI key="STATISTICS_MEAN">0.87027377646416</MDI>
      <MDI key="STATISTICS_MINIMUM">0.86410611867905</MDI>
      <MDI key="STATISTICS_SKIPFACTORX">1</MDI>
      <MDI key="STATISTICS_SKIPFACTORY">1</MDI>
      <MDI key="STATISTICS_STDDEV">0.0025733038034595</MDI>
    </Metadata>
  </PAMRasterBand>
</PAMDataset>
