<PAMDataset>
  <Metadata>
    <MDI key="DataType">Generic</MDI>
  </Metadata>
  <PAMRasterBand band="1">
    <Histograms>
      <HistItem>
        <HistMin>0.8660626411437988</HistMin>
        <HistMax>0.877136766910553</HistMax>
        <BucketCount>256</BucketCount>
        <IncludeOutOfRange>1</IncludeOutOfRange>
        <Approximate>0</Approximate>
        <HistCounts>2|0|0|0|0|0|0|0|0|0|1|0|4|1|0|1|0|1|1|0|0|0|0|0|1|0|2|2|2|1|4|1|0|1|0|1|4|2|2|4|2|2|3|1|2|2|2|1|3|2|3|4|3|2|4|3|3|6|5|5|5|9|4|8|4|6|5|15|3|5|7|16|8|4|11|5|10|6|10|9|4|7|12|14|12|23|16|12|14|10|15|15|14|17|8|14|11|25|17|12|25|15|12|18|21|12|9|10|18|30|13|13|6|9|16|14|15|14|11|18|13|12|9|13|6|9|18|18|13|18|13|12|8|11|9|17|9|11|13|16|7|7|10|14|7|16|9|12|5|8|8|9|9|7|7|7|10|4|8|9|5|3|4|9|7|9|3|3|1|12|5|4|6|9|3|6|3|6|7|3|7|3|5|7|10|4|9|5|4|5|6|4|4|7|10|4|5|6|8|13|2|1|0|4|7|3|5|5|3|3|8|3|5|4|7|5|3|6|1|1|4|1|4|5|3|2|1|2|2|4|2|2|1|1|0|2|1|2|0|2|0|1|1|1|1|0|0|1|0|0|1|1|0|0|3|1</HistCounts>
      </HistItem>
    </Histograms>
    <Metadata>
      <MDI key="RepresentationType">ATHEMATIC</MDI>
      <MDI key="STATISTICS_COVARIANCES">4.237444401268585e-06</MDI>
      <MDI key="STATISTICS_EXCLUDEDVALUES"></MDI>
      <MDI key="STATISTICS_MAXIMUM">0.87713676691055</MDI>
      <MDI key="STATISTICS_MEAN">0.87150771338493</MDI>
      <MDI key="STATISTICS_MINIMUM">0.8660626411438</MDI>
      <MDI key="STATISTICS_SKIPFACTORX">1</MDI>
      <MDI key="STATISTICS_SKIPFACTORY">1</MDI>
      <MDI key="STATISTICS_STDDEV">0.0020585053804323</MDI>
    </Metadata>
  </PAMRasterBand>
</PAMDataset>
