<PAMDataset>
  <Metadata>
    <MDI key="DataType">Generic</MDI>
  </Metadata>
  <PAMRasterBand band="1">
    <Histograms>
      <HistItem>
        <HistMin>0.8884754180908203</HistMin>
        <HistMax>0.9018307328224182</HistMax>
        <BucketCount>256</BucketCount>
        <IncludeOutOfRange>1</IncludeOutOfRange>
        <Approximate>0</Approximate>
        <HistCounts>1|0|0|0|0|0|0|0|0|0|0|0|1|0|0|0|1|0|0|3|1|0|0|1|2|1|0|1|4|3|2|1|1|4|1|4|2|4|6|5|4|2|8|4|1|3|6|7|6|4|5|9|6|4|5|8|10|11|9|5|6|12|9|12|9|10|20|5|10|7|14|18|15|13|13|22|18|18|17|14|18|12|14|17|17|24|14|16|16|25|18|10|17|14|27|17|13|16|12|16|18|17|14|18|14|13|9|15|14|17|10|20|7|15|9|5|14|6|12|5|7|8|12|8|1|4|8|15|6|4|5|7|7|3|6|4|8|5|5|6|4|13|4|4|6|3|8|7|10|5|3|1|4|7|2|3|2|5|4|5|5|9|4|8|6|8|4|6|1|3|5|1|1|4|3|9|3|5|5|3|12|2|5|3|1|9|2|9|6|7|1|7|2|9|5|4|11|5|10|5|8|5|8|10|3|5|8|4|6|6|5|7|4|8|3|4|1|7|4|4|2|3|1|2|1|2|4|3|0|1|4|2|1|0|0|0|2|1|1|0|0|2|3|0|2|0|1|0|0|0|1|0|0|0|0|1</HistCounts>
      </HistItem>
    </Histograms>
    <Metadata>
      <MDI key="RepresentationType">ATHEMATIC</MDI>
      <MDI key="STATISTICS_COVARIANCES">7.173793315043869e-06</MDI>
      <MDI key="STATISTICS_EXCLUDEDVALUES"></MDI>
      <MDI key="STATISTICS_MAXIMUM">0.90183073282242</MDI>
      <MDI key="STATISTICS_MEAN">0.89453097190708</MDI>
      <MDI key="STATISTICS_MINIMUM">0.88847541809082</MDI>
      <MDI key="STATISTICS_SKIPFACTORX">1</MDI>
      <MDI key="STATISTICS_SKIPFACTORY">1</MDI>
      <MDI key="STATISTICS_STDDEV">0.0026783937938705</MDI>
    </Metadata>
  </PAMRasterBand>
</PAMDataset>
