<PAMDataset>
  <Metadata>
    <MDI key="DataType">Generic</MDI>
  </Metadata>
  <PAMRasterBand band="1">
    <Histograms>
      <HistItem>
        <HistMin>0.8802229166030884</HistMin>
        <HistMax>0.8920438885688782</HistMax>
        <BucketCount>256</BucketCount>
        <IncludeOutOfRange>1</IncludeOutOfRange>
        <Approximate>0</Approximate>
        <HistCounts>1|0|0|1|0|0|0|0|1|1|0|0|1|0|3|0|0|2|0|1|2|0|3|4|5|6|4|0|3|2|7|4|3|7|3|2|5|7|3|3|7|11|10|11|7|13|12|11|9|12|7|13|14|15|16|7|11|19|14|8|14|12|18|16|8|17|16|11|20|16|19|18|21|25|17|12|10|25|20|18|16|11|20|17|18|23|21|9|25|22|27|25|19|13|14|17|18|17|11|16|10|15|13|15|13|8|10|11|10|8|15|10|6|6|6|8|9|6|5|4|6|7|3|6|7|4|4|3|3|6|10|6|1|5|5|5|12|2|6|7|10|3|9|5|2|6|2|3|7|5|2|6|2|5|1|5|2|3|5|2|3|6|4|6|1|2|5|6|3|0|4|5|4|5|2|10|5|3|0|1|3|7|6|0|2|3|7|5|2|6|3|4|4|4|4|5|3|4|3|2|3|4|8|1|0|2|0|6|2|1|5|2|2|0|1|1|1|0|3|1|3|1|2|1|1|0|0|1|2|2|1|1|0|0|1|1|0|0|0|1|0|0|0|0|0|0|1|0|0|0|0|1|0|0|0|1</HistCounts>
      </HistItem>
    </Histograms>
    <Metadata>
      <MDI key="RepresentationType">ATHEMATIC</MDI>
      <MDI key="STATISTICS_COVARIANCES">4.723325643206038e-06</MDI>
      <MDI key="STATISTICS_EXCLUDEDVALUES"></MDI>
      <MDI key="STATISTICS_MAXIMUM">0.89204388856888</MDI>
      <MDI key="STATISTICS_MEAN">0.88479508597404</MDI>
      <MDI key="STATISTICS_MINIMUM">0.88022291660309</MDI>
      <MDI key="STATISTICS_SKIPFACTORX">1</MDI>
      <MDI key="STATISTICS_SKIPFACTORY">1</MDI>
      <MDI key="STATISTICS_STDDEV">0.0021733213391503</MDI>
    </Metadata>
  </PAMRasterBand>
</PAMDataset>
