<PAMDataset>
  <Metadata>
    <MDI key="DataType">Generic</MDI>
  </Metadata>
  <PAMRasterBand band="1">
    <Histograms>
      <HistItem>
        <HistMin>0.8706957697868347</HistMin>
        <HistMax>0.8844305276870728</HistMax>
        <BucketCount>256</BucketCount>
        <IncludeOutOfRange>1</IncludeOutOfRange>
        <Approximate>0</Approximate>
        <HistCounts>1|0|0|0|0|2|0|2|0|1|2|0|1|0|0|2|1|2|1|2|1|2|0|5|3|3|0|3|5|3|2|4|6|5|5|5|6|3|2|12|3|4|6|3|7|6|10|5|8|8|14|8|11|5|4|19|12|15|15|13|9|17|10|11|12|11|13|18|14|8|12|28|22|10|15|11|13|15|13|20|16|14|19|15|19|17|14|9|14|15|15|10|15|12|25|20|10|17|14|18|13|8|17|15|11|15|19|11|10|15|10|9|11|13|12|8|7|15|13|10|12|6|11|12|7|2|11|7|5|6|4|7|9|9|12|3|4|1|7|3|2|4|1|4|6|7|5|7|9|3|0|7|2|9|6|5|4|5|8|5|4|3|6|5|5|4|4|3|5|10|4|5|5|7|9|4|0|3|3|5|3|4|10|7|9|6|6|3|3|5|5|6|4|6|8|6|6|2|4|3|5|4|2|1|3|3|5|7|0|2|0|1|4|1|2|0|0|1|1|3|3|0|2|1|1|0|0|0|2|1|0|1|0|0|1|0|1|1|0|0|0|0|1|0|1|0|0|1|0|0|0|0|0|0|0|1</HistCounts>
      </HistItem>
    </Histograms>
    <Metadata>
      <MDI key="RepresentationType">ATHEMATIC</MDI>
      <MDI key="STATISTICS_COVARIANCES">6.702313988303653e-06</MDI>
      <MDI key="STATISTICS_EXCLUDEDVALUES"></MDI>
      <MDI key="STATISTICS_MAXIMUM">0.88443052768707</MDI>
      <MDI key="STATISTICS_MEAN">0.8763578145206</MDI>
      <MDI key="STATISTICS_MINIMUM">0.87069576978683</MDI>
      <MDI key="STATISTICS_SKIPFACTORX">1</MDI>
      <MDI key="STATISTICS_SKIPFACTORY">1</MDI>
      <MDI key="STATISTICS_STDDEV">0.0025888827683585</MDI>
    </Metadata>
  </PAMRasterBand>
</PAMDataset>
