<PAMDataset>
  <PAMRasterBand band="1">
    <Histograms>
      <HistItem>
        <HistMin>0.7970307171309747</HistMin>
        <HistMax>0.8091732130918209</HistMax>
        <BucketCount>256</BucketCount>
        <IncludeOutOfRange>1</IncludeOutOfRange>
        <Approximate>0</Approximate>
        <HistCounts>1|0|0|0|0|0|0|0|0|0|0|1|0|0|0|0|0|1|0|0|0|0|0|0|0|0|0|1|0|0|0|0|0|0|0|1|1|1|1|0|1|0|1|2|0|0|1|0|2|1|0|1|2|0|0|0|0|7|3|0|9|1|5|0|2|2|3|2|5|9|6|1|2|1|5|5|10|9|4|6|2|10|2|4|5|12|10|11|5|6|4|10|6|16|6|12|3|13|6|13|10|21|8|14|10|13|15|13|19|20|9|14|9|14|15|8|25|22|22|12|18|11|12|10|18|23|12|16|15|12|10|4|17|19|23|17|21|13|14|16|13|14|25|20|18|20|21|13|23|19|14|20|11|21|12|7|12|15|18|18|15|9|11|8|13|8|8|18|5|6|9|8|11|14|14|10|11|9|7|14|6|9|3|10|7|6|2|4|3|5|5|4|4|10|2|7|1|10|1|5|0|5|3|7|4|2|2|2|3|1|1|2|4|4|2|8|4|0|1|0|4|1|3|1|1|0|1|1|1|1|2|1|2|0|3|0|1|1|1|0|2|1|0|1|0|0|0|0|2|0|1|0|0|0|0|1</HistCounts>
      </HistItem>
    </Histograms>
    <Metadata>
      <MDI key="RepresentationType">ATHEMATIC</MDI>
      <MDI key="STATISTICS_COVARIANCES">3.372562350121386e-06</MDI>
      <MDI key="STATISTICS_EXCLUDEDVALUES"></MDI>
      <MDI key="STATISTICS_MAXIMUM">0.80917321309182</MDI>
      <MDI key="STATISTICS_MEAN">0.80350339193386</MDI>
      <MDI key="STATISTICS_MINIMUM">0.79703071713097</MDI>
      <MDI key="STATISTICS_SKIPFACTORX">1</MDI>
      <MDI key="STATISTICS_SKIPFACTORY">1</MDI>
      <MDI key="STATISTICS_STDDEV">0.0018364537429844</MDI>
    </Metadata>
  </PAMRasterBand>
</PAMDataset>
