<PAMDataset>
  <Metadata>
    <MDI key="DataType">Generic</MDI>
  </Metadata>
  <PAMRasterBand band="1">
    <Histograms>
      <HistItem>
        <HistMin>0.825151264667511</HistMin>
        <HistMax>0.8411509990692139</HistMax>
        <BucketCount>256</BucketCount>
        <IncludeOutOfRange>1</IncludeOutOfRange>
        <Approximate>0</Approximate>
        <HistCounts>1|0|0|0|0|0|0|1|1|1|0|1|0|0|0|0|0|1|0|0|0|0|0|1|0|0|0|2|1|2|0|2|1|2|1|1|0|0|6|1|3|0|2|4|4|1|2|4|6|3|4|2|0|6|2|9|3|5|10|3|3|5|7|11|11|10|10|10|14|10|9|10|9|22|12|13|11|16|10|14|11|11|11|11|34|15|15|16|17|19|24|18|14|15|33|20|8|17|12|16|20|17|15|20|20|16|16|14|15|19|21|8|16|12|21|13|9|16|10|16|9|6|16|15|24|19|20|17|9|14|18|8|7|12|8|12|8|3|9|8|5|6|6|8|6|11|16|8|4|8|3|8|4|4|6|11|4|11|8|11|4|4|7|2|9|4|7|13|16|3|3|5|4|3|6|4|3|9|8|11|7|5|7|5|10|0|8|2|4|3|2|3|2|2|3|2|1|2|3|3|2|1|2|2|0|1|1|1|4|1|1|1|3|1|3|1|1|2|3|0|0|0|1|0|0|1|3|1|0|1|0|1|0|0|0|1|0|0|0|0|0|0|0|0|1|0|1|0|0|0|0|0|0|0|1|1</HistCounts>
      </HistItem>
    </Histograms>
    <Metadata>
      <MDI key="RepresentationType">ATHEMATIC</MDI>
      <MDI key="STATISTICS_COVARIANCES">6.513734805992051e-06</MDI>
      <MDI key="STATISTICS_EXCLUDEDVALUES"></MDI>
      <MDI key="STATISTICS_MAXIMUM">0.84115099906921</MDI>
      <MDI key="STATISTICS_MEAN">0.83232304792851</MDI>
      <MDI key="STATISTICS_MINIMUM">0.82515126466751</MDI>
      <MDI key="STATISTICS_SKIPFACTORX">1</MDI>
      <MDI key="STATISTICS_SKIPFACTORY">1</MDI>
      <MDI key="STATISTICS_STDDEV">0.0025522019524309</MDI>
    </Metadata>
  </PAMRasterBand>
</PAMDataset>
