<PAMDataset>
  <Metadata>
    <MDI key="DataType">Generic</MDI>
  </Metadata>
  <PAMRasterBand band="1">
    <Histograms>
      <HistItem>
        <HistMin>0.7963324785232544</HistMin>
        <HistMax>0.9100414514541626</HistMax>
        <BucketCount>256</BucketCount>
        <IncludeOutOfRange>1</IncludeOutOfRange>
        <Approximate>0</Approximate>
        <HistCounts>1|1|1|0|1|1|1|0|0|1|1|0|0|3|0|1|1|2|0|1|0|2|1|1|1|0|0|0|0|1|0|0|0|1|0|0|0|0|0|0|2|1|1|2|4|1|2|0|1|2|0|1|2|0|3|1|1|0|0|0|1|3|0|2|1|0|0|1|1|1|1|0|1|0|1|3|3|1|1|2|1|4|1|1|1|1|0|1|1|0|0|1|0|3|2|0|0|3|1|1|0|2|1|3|3|3|2|1|0|2|2|2|1|0|2|2|3|2|2|2|1|1|4|3|3|2|3|2|4|1|5|5|0|3|2|3|6|5|2|2|0|5|2|2|1|1|3|4|2|6|2|2|5|4|5|2|2|0|2|3|5|2|4|6|4|5|2|5|2|4|7|3|5|6|4|4|5|7|6|7|6|10|10|12|6|8|15|10|15|13|13|15|9|23|18|24|14|30|26|37|38|52|48|57|67|47|30|46|49|26|31|28|32|29|26|24|31|23|22|17|21|19|14|14|16|12|9|9|11|12|8|11|9|7|6|4|2|4|6|4|0|4|4|1|7|4|4|5|0|2|2|1|0|0|0|1</HistCounts>
      </HistItem>
    </Histograms>
    <Metadata>
      <MDI key="RepresentationType">ATHEMATIC</MDI>
      <MDI key="STATISTICS_COVARIANCES">0.0003678665172906619</MDI>
      <MDI key="STATISTICS_EXCLUDEDVALUES"></MDI>
      <MDI key="STATISTICS_MAXIMUM">0.91004145145416</MDI>
      <MDI key="STATISTICS_MEAN">0.88131970029324</MDI>
      <MDI key="STATISTICS_MINIMUM">0.79633247852325</MDI>
      <MDI key="STATISTICS_SKIPFACTORX">1</MDI>
      <MDI key="STATISTICS_SKIPFACTORY">1</MDI>
      <MDI key="STATISTICS_STDDEV">0.019179846644086</MDI>
    </Metadata>
  </PAMRasterBand>
</PAMDataset>
