<PAMDataset>
  <Metadata>
    <MDI key="DataType">Generic</MDI>
  </Metadata>
  <PAMRasterBand band="1">
    <Histograms>
      <HistItem>
        <HistMin>0.852711021900177</HistMin>
        <HistMax>0.8675922751426697</HistMax>
        <BucketCount>256</BucketCount>
        <IncludeOutOfRange>1</IncludeOutOfRange>
        <Approximate>0</Approximate>
        <HistCounts>1|0|0|0|0|0|0|0|0|0|0|1|0|0|0|1|1|1|0|1|0|0|0|0|1|2|0|0|0|4|0|1|1|2|3|3|1|3|2|0|3|0|1|3|2|3|5|7|8|3|2|1|3|3|5|7|7|8|8|6|10|11|7|10|4|11|12|17|14|10|5|16|11|12|10|19|27|20|9|13|19|15|17|22|32|33|16|21|24|24|23|9|23|18|28|15|21|9|12|19|16|25|11|38|21|18|20|13|20|16|15|16|12|18|13|14|14|14|10|13|7|14|15|22|7|4|8|9|5|6|6|9|3|11|14|11|5|9|2|7|9|3|9|10|12|9|4|3|11|6|9|5|4|6|14|6|3|0|10|6|6|4|6|2|3|8|2|5|7|8|5|3|1|6|2|9|0|4|2|2|3|0|3|4|6|5|8|2|3|4|2|1|2|4|2|4|4|6|4|2|0|1|1|1|1|1|4|2|1|2|2|1|1|1|3|0|3|0|1|0|1|0|0|0|0|1|0|0|0|0|1|1|0|0|0|1|0|1|0|0|0|0|0|0|0|0|0|0|0|0|0|0|0|0|0|2</HistCounts>
      </HistItem>
    </Histograms>
    <Metadata>
      <MDI key="RepresentationType">ATHEMATIC</MDI>
      <MDI key="STATISTICS_COVARIANCES">5.257837999593602e-06</MDI>
      <MDI key="STATISTICS_EXCLUDEDVALUES"></MDI>
      <MDI key="STATISTICS_MAXIMUM">0.86759227514267</MDI>
      <MDI key="STATISTICS_MEAN">0.85903638653457</MDI>
      <MDI key="STATISTICS_MINIMUM">0.85271102190018</MDI>
      <MDI key="STATISTICS_SKIPFACTORX">1</MDI>
      <MDI key="STATISTICS_SKIPFACTORY">1</MDI>
      <MDI key="STATISTICS_STDDEV">0.0022929976013057</MDI>
    </Metadata>
  </PAMRasterBand>
</PAMDataset>
