<PAMDataset>
  <Metadata>
    <MDI key="DataType">Generic</MDI>
  </Metadata>
  <PAMRasterBand band="1">
    <Histograms>
      <HistItem>
        <HistMin>0.8133613467216492</HistMin>
        <HistMax>0.8272868990898132</HistMax>
        <BucketCount>256</BucketCount>
        <IncludeOutOfRange>1</IncludeOutOfRange>
        <Approximate>0</Approximate>
        <HistCounts>1|0|0|0|0|0|0|0|0|0|0|0|0|0|0|1|0|0|0|0|0|0|0|1|0|2|2|1|1|1|1|3|1|2|0|3|8|3|3|0|2|3|6|4|3|0|2|4|3|8|6|7|7|3|2|5|5|7|7|4|5|10|11|5|3|9|9|12|12|6|11|13|8|11|9|16|15|8|7|8|17|16|15|11|5|14|21|13|11|12|12|9|10|11|22|21|10|11|6|20|12|21|16|9|17|15|18|16|18|14|15|19|21|13|25|7|16|22|10|22|23|16|11|8|14|14|16|13|16|14|14|18|12|15|6|15|10|12|9|16|10|11|7|12|15|9|11|16|6|12|8|8|14|5|4|6|7|4|4|5|8|7|10|8|10|1|6|0|6|3|4|10|3|4|4|7|4|7|5|4|6|4|9|5|4|3|1|5|4|7|2|5|2|4|3|3|3|2|5|1|2|3|4|3|2|3|4|2|2|3|0|1|3|1|4|1|3|2|1|2|1|1|1|0|0|0|0|3|0|0|1|0|0|2|0|0|2|0|1|0|1|0|0|0|0|0|0|2|0|0|0|0|0|0|0|1</HistCounts>
      </HistItem>
    </Histograms>
    <Metadata>
      <MDI key="RepresentationType">ATHEMATIC</MDI>
      <MDI key="STATISTICS_COVARIANCES">5.264411738727342e-06</MDI>
      <MDI key="STATISTICS_EXCLUDEDVALUES"></MDI>
      <MDI key="STATISTICS_MAXIMUM">0.82728689908981</MDI>
      <MDI key="STATISTICS_MEAN">0.8197348902747</MDI>
      <MDI key="STATISTICS_MINIMUM">0.81336134672165</MDI>
      <MDI key="STATISTICS_SKIPFACTORX">1</MDI>
      <MDI key="STATISTICS_SKIPFACTORY">1</MDI>
      <MDI key="STATISTICS_STDDEV">0.0022944305913946</MDI>
    </Metadata>
  </PAMRasterBand>
</PAMDataset>
