<PAMDataset>
  <Metadata>
    <MDI key="DataType">Generic</MDI>
  </Metadata>
  <PAMRasterBand band="1">
    <Histograms>
      <HistItem>
        <HistMin>0.865842878818512</HistMin>
        <HistMax>0.8823816180229187</HistMax>
        <BucketCount>256</BucketCount>
        <IncludeOutOfRange>1</IncludeOutOfRange>
        <Approximate>0</Approximate>
        <HistCounts>1|0|0|0|0|0|0|0|0|0|0|0|0|0|0|0|0|0|0|0|0|0|0|0|2|0|0|0|0|0|0|0|0|1|1|0|0|0|0|0|0|1|0|0|0|0|1|1|0|0|0|0|1|0|0|0|0|6|1|3|1|0|3|1|3|2|4|2|3|4|3|4|0|3|2|4|2|2|13|5|5|6|20|13|2|13|16|7|4|8|18|14|21|11|7|17|12|9|20|19|18|19|21|24|24|25|18|23|13|14|17|22|32|18|17|23|29|25|8|20|32|22|20|22|26|23|8|19|21|16|15|15|17|12|10|8|21|17|17|13|8|5|6|7|13|7|8|13|9|11|8|3|6|9|8|9|4|2|2|7|6|5|4|7|6|7|4|6|1|4|5|4|7|5|1|5|8|2|5|3|10|7|6|8|4|8|5|4|7|2|8|9|6|5|7|4|4|3|8|7|4|8|6|6|5|5|5|3|11|5|5|4|4|6|6|6|6|5|0|3|10|3|8|3|2|3|3|2|2|1|2|0|0|1|3|1|0|0|2|0|2|0|0|0|0|0|0|0|0|0|0|0|0|0|0|1</HistCounts>
      </HistItem>
    </Histograms>
    <Metadata>
      <MDI key="RepresentationType">ATHEMATIC</MDI>
      <MDI key="STATISTICS_COVARIANCES">6.985526213217358e-06</MDI>
      <MDI key="STATISTICS_EXCLUDEDVALUES"></MDI>
      <MDI key="STATISTICS_MAXIMUM">0.88238161802292</MDI>
      <MDI key="STATISTICS_MEAN">0.8744176004827</MDI>
      <MDI key="STATISTICS_MINIMUM">0.86584287881851</MDI>
      <MDI key="STATISTICS_SKIPFACTORX">1</MDI>
      <MDI key="STATISTICS_SKIPFACTORY">1</MDI>
      <MDI key="STATISTICS_STDDEV">0.002643014607076</MDI>
    </Metadata>
  </PAMRasterBand>
</PAMDataset>
