<PAMDataset>
  <Metadata>
    <MDI key="DataType">Generic</MDI>
  </Metadata>
  <PAMRasterBand band="1">
    <Histograms>
      <HistItem>
        <HistMin>0.8783226013183594</HistMin>
        <HistMax>0.892234742641449</HistMax>
        <BucketCount>256</BucketCount>
        <IncludeOutOfRange>1</IncludeOutOfRange>
        <Approximate>0</Approximate>
        <HistCounts>1|0|0|0|0|3|0|0|0|0|0|0|0|2|1|1|1|2|0|1|0|4|1|0|2|1|2|2|1|3|7|3|3|3|2|5|3|4|1|0|2|5|1|7|2|4|3|3|8|11|8|6|6|10|9|10|3|13|8|7|7|18|17|12|15|7|17|16|10|9|8|10|9|7|10|19|17|14|15|12|11|13|18|10|24|18|15|10|12|24|15|21|18|20|21|17|8|15|10|13|10|24|19|17|11|15|14|19|17|13|13|17|14|11|10|12|20|13|5|8|10|11|9|8|16|5|14|9|13|5|10|8|5|7|12|8|11|8|6|5|6|7|5|12|10|11|4|4|6|6|9|2|9|7|11|3|6|9|0|6|4|4|4|6|5|7|9|4|3|5|5|7|4|1|7|7|6|4|3|5|2|3|7|5|3|4|1|3|4|6|3|3|4|5|2|2|2|4|2|6|4|5|2|4|1|6|4|1|7|2|2|2|0|2|1|0|2|2|2|0|6|0|5|0|2|2|7|1|2|1|2|0|1|0|0|0|0|1|0|0|1|0|2|1|1|1|0|0|0|0|0|0|0|0|1|1</HistCounts>
      </HistItem>
    </Histograms>
    <Metadata>
      <MDI key="RepresentationType">ATHEMATIC</MDI>
      <MDI key="STATISTICS_COVARIANCES">6.522625895208816e-06</MDI>
      <MDI key="STATISTICS_EXCLUDEDVALUES"></MDI>
      <MDI key="STATISTICS_MAXIMUM">0.89223474264145</MDI>
      <MDI key="STATISTICS_MEAN">0.88435849498957</MDI>
      <MDI key="STATISTICS_MINIMUM">0.87832260131836</MDI>
      <MDI key="STATISTICS_SKIPFACTORX">1</MDI>
      <MDI key="STATISTICS_SKIPFACTORY">1</MDI>
      <MDI key="STATISTICS_STDDEV">0.0025539432051651</MDI>
    </Metadata>
  </PAMRasterBand>
</PAMDataset>
