<PAMDataset>
  <Metadata>
    <MDI key="DataType">Generic</MDI>
  </Metadata>
  <PAMRasterBand band="1">
    <Histograms>
      <HistItem>
        <HistMin>0.8519710302352905</HistMin>
        <HistMax>0.8903622627258301</HistMax>
        <BucketCount>256</BucketCount>
        <IncludeOutOfRange>1</IncludeOutOfRange>
        <Approximate>0</Approximate>
        <HistCounts>1|0|0|0|1|0|1|1|1|0|1|0|1|2|1|0|1|2|1|1|1|2|1|1|1|2|2|3|1|1|2|4|1|2|4|3|1|2|3|3|3|2|3|4|4|0|4|5|3|1|4|6|3|1|5|4|4|2|4|5|5|1|5|4|6|2|5|6|6|3|4|8|6|6|2|8|6|3|7|7|8|6|7|7|8|7|6|8|9|6|5|11|10|7|8|12|10|4|12|7|10|9|10|9|7|11|9|7|7|13|9|8|10|12|11|9|11|11|11|7|12|10|10|10|13|11|10|11|13|10|8|10|16|8|12|11|14|7|14|8|13|10|13|11|11|10|12|10|10|10|15|11|11|10|15|8|12|11|10|8|9|14|10|9|10|13|10|10|9|12|9|9|9|10|12|7|9|12|8|10|6|12|11|9|7|9|10|8|7|8|12|7|9|6|12|8|7|5|10|9|4|8|7|11|4|7|6|11|7|1|8|9|9|5|6|4|8|5|5|6|4|6|4|5|2|6|4|5|4|2|3|4|5|1|1|2|3|3|2|1|2|2|2|1|1|2|1|1|0|1|2|1|1|1|0|1</HistCounts>
      </HistItem>
    </Histograms>
    <Metadata>
      <MDI key="RepresentationType">ATHEMATIC</MDI>
      <MDI key="STATISTICS_COVARIANCES">6.177382555526521e-05</MDI>
      <MDI key="STATISTICS_EXCLUDEDVALUES"></MDI>
      <MDI key="STATISTICS_MAXIMUM">0.89036226272583</MDI>
      <MDI key="STATISTICS_MEAN">0.87294611740857</MDI>
      <MDI key="STATISTICS_MINIMUM">0.85197103023529</MDI>
      <MDI key="STATISTICS_SKIPFACTORX">1</MDI>
      <MDI key="STATISTICS_SKIPFACTORY">1</MDI>
      <MDI key="STATISTICS_STDDEV">0.0078596326603261</MDI>
    </Metadata>
  </PAMRasterBand>
</PAMDataset>
