<PAMDataset>
  <Metadata>
    <MDI key="DataType">Generic</MDI>
  </Metadata>
  <PAMRasterBand band="1">
    <Histograms>
      <HistItem>
        <HistMin>0.8112218379974365</HistMin>
        <HistMax>0.8796681761741638</HistMax>
        <BucketCount>256</BucketCount>
        <IncludeOutOfRange>1</IncludeOutOfRange>
        <Approximate>0</Approximate>
        <HistCounts>1|0|0|2|0|0|3|0|0|4|0|0|4|0|0|6|0|0|6|0|0|3|4|0|2|5|0|2|6|0|3|7|0|1|8|1|0|10|2|0|8|4|1|7|4|4|4|4|5|5|3|5|5|3|4|6|3|5|5|3|5|4|5|4|5|5|3|4|6|4|5|4|4|6|4|6|5|3|5|5|5|5|4|5|6|3|6|6|6|5|4|6|5|6|7|8|6|7|7|6|5|9|7|5|7|8|8|6|8|8|9|8|9|10|8|9|9|8|9|11|8|10|11|9|11|12|8|11|12|13|10|12|11|11|11|9|16|9|11|16|8|9|12|13|10|13|11|8|16|9|7|15|9|9|12|12|11|16|4|11|11|6|10|13|7|11|13|6|9|11|7|12|9|7|10|8|6|9|10|10|6|9|10|7|8|9|9|8|10|5|10|9|10|6|12|7|10|7|12|8|6|11|8|9|8|9|7|8|8|7|8|8|6|9|6|7|8|5|7|6|6|7|7|4|6|5|4|7|5|4|5|5|4|3|5|3|3|6|3|4|2|2|3|3|1|3|2|2|2|0|2|1|0|2|0|1</HistCounts>
      </HistItem>
    </Histograms>
    <Metadata>
      <MDI key="RepresentationType">ATHEMATIC</MDI>
      <MDI key="STATISTICS_COVARIANCES">0.0002305760859211996</MDI>
      <MDI key="STATISTICS_EXCLUDEDVALUES"></MDI>
      <MDI key="STATISTICS_MAXIMUM">0.87966817617416</MDI>
      <MDI key="STATISTICS_MEAN">0.8491567883268</MDI>
      <MDI key="STATISTICS_MINIMUM">0.81122183799744</MDI>
      <MDI key="STATISTICS_SKIPFACTORX">1</MDI>
      <MDI key="STATISTICS_SKIPFACTORY">1</MDI>
      <MDI key="STATISTICS_STDDEV">0.015184732000309</MDI>
    </Metadata>
  </PAMRasterBand>
</PAMDataset>
