<PAMDataset>
  <Metadata>
    <MDI key="DataType">Generic</MDI>
  </Metadata>
  <PAMRasterBand band="1">
    <Histograms>
      <HistItem>
        <HistMin>4.296340465545654</HistMin>
        <HistMax>4.578377723693848</HistMax>
        <BucketCount>256</BucketCount>
        <IncludeOutOfRange>1</IncludeOutOfRange>
        <Approximate>0</Approximate>
        <HistCounts>1|1|2|2|3|4|6|4|4|1|5|3|4|4|7|8|8|11|7|4|4|7|6|7|9|8|6|7|10|11|10|9|7|8|10|9|9|11|10|10|10|14|13|12|12|10|11|10|14|11|8|13|10|12|15|13|14|10|11|11|12|7|11|9|9|8|12|13|13|13|13|12|10|9|8|6|8|5|8|8|8|12|10|12|10|13|7|16|9|9|7|4|5|3|7|5|10|11|10|9|9|12|10|9|10|9|9|9|8|2|1|2|5|8|9|10|9|10|10|9|10|9|9|11|11|8|7|10|5|2|0|0|3|9|8|7|8|12|10|5|9|11|7|10|9|3|12|3|11|8|1|2|2|0|4|2|7|7|7|8|8|6|9|7|9|7|6|8|7|8|7|7|5|4|6|2|1|3|2|3|2|5|5|5|4|6|6|6|7|5|4|6|5|4|5|6|4|4|2|4|4|1|3|1|1|1|2|3|2|3|3|4|5|4|3|4|2|3|4|2|3|3|3|1|3|2|2|1|1|1|0|0|2|1|1|1|0|2|3|0|3|0|2|0|2|3|0|2|0|1|0|1|0|1|0|1</HistCounts>
      </HistItem>
    </Histograms>
    <Metadata>
      <MDI key="RepresentationType">ATHEMATIC</MDI>
      <MDI key="STATISTICS_COVARIANCES">0.004255348550793138</MDI>
      <MDI key="STATISTICS_EXCLUDEDVALUES"></MDI>
      <MDI key="STATISTICS_MAXIMUM">4.5783777236938</MDI>
      <MDI key="STATISTICS_MEAN">4.4079830989242</MDI>
      <MDI key="STATISTICS_MINIMUM">4.2963404655457</MDI>
      <MDI key="STATISTICS_SKIPFACTORX">1</MDI>
      <MDI key="STATISTICS_SKIPFACTORY">1</MDI>
      <MDI key="STATISTICS_STDDEV">0.065233032665921</MDI>
    </Metadata>
  </PAMRasterBand>
</PAMDataset>
