<PAMDataset>
  <PAMRasterBand band="1">
    <Histograms>
      <HistItem>
        <HistMin>0.986412525177002</HistMin>
        <HistMax>1.001215219497681</HistMax>
        <BucketCount>256</BucketCount>
        <IncludeOutOfRange>1</IncludeOutOfRange>
        <Approximate>0</Approximate>
        <HistCounts>1|0|1|0|1|1|0|1|1|1|1|0|1|0|1|2|1|1|1|3|1|1|3|0|3|2|0|4|1|3|3|1|3|2|2|2|3|4|3|3|2|2|3|2|2|5|2|2|6|2|2|5|3|2|6|4|2|4|3|3|5|3|4|5|6|3|4|6|2|7|5|5|6|6|7|7|4|6|9|5|8|6|7|5|7|9|4|8|7|8|8|7|7|9|9|8|9|9|7|9|9|7|8|12|9|10|11|6|13|10|10|9|8|10|10|12|9|9|11|8|11|14|9|9|14|6|16|12|7|14|12|11|13|13|7|14|13|7|19|10|9|12|12|13|9|12|9|16|12|9|16|10|10|12|13|14|11|13|8|13|11|9|15|9|12|9|15|9|17|8|8|14|7|10|9|10|13|10|10|9|10|8|11|11|7|12|5|8|10|9|9|5|9|5|8|9|8|6|6|6|6|8|7|4|6|6|7|7|5|4|4|6|5|7|2|5|2|6|6|4|5|2|4|5|6|3|3|5|2|6|2|3|3|1|5|1|4|2|2|4|0|3|1|0|2|0|0|3|0|1|1|0|2|0|0|1</HistCounts>
      </HistItem>
    </Histograms>
    <Metadata>
      <MDI key="RepresentationType">ATHEMATIC</MDI>
      <MDI key="STATISTICS_COVARIANCES">8.928394885755998e-06</MDI>
      <MDI key="STATISTICS_EXCLUDEDVALUES"></MDI>
      <MDI key="STATISTICS_MAXIMUM">1.0012152194977</MDI>
      <MDI key="STATISTICS_MEAN">0.99440501552075</MDI>
      <MDI key="STATISTICS_MINIMUM">0.986412525177</MDI>
      <MDI key="STATISTICS_SKIPFACTORX">1</MDI>
      <MDI key="STATISTICS_SKIPFACTORY">1</MDI>
      <MDI key="STATISTICS_STDDEV">0.0029880419819266</MDI>
    </Metadata>
  </PAMRasterBand>
</PAMDataset>
