<PAMDataset>
  <Metadata>
    <MDI key="DataType">Generic</MDI>
  </Metadata>
  <PAMRasterBand band="1">
    <Histograms>
      <HistItem>
        <HistMin>0.2987069189548492</HistMin>
        <HistMax>0.6736098527908325</HistMax>
        <BucketCount>256</BucketCount>
        <IncludeOutOfRange>1</IncludeOutOfRange>
        <Approximate>0</Approximate>
        <HistCounts>1|1|0|1|1|2|1|2|1|2|2|1|2|1|2|1|2|3|1|3|2|3|4|2|4|2|2|4|1|5|3|3|3|3|5|2|5|5|2|5|2|5|3|5|4|3|4|5|2|4|2|5|4|5|4|2|7|0|7|5|1|7|2|5|5|6|5|5|5|5|5|4|4|5|6|4|8|3|7|4|4|5|3|5|6|5|5|6|5|5|7|5|6|6|3|7|5|8|5|7|6|6|5|6|5|8|4|6|6|7|3|6|6|6|5|8|4|6|7|4|9|6|8|5|7|9|7|6|6|6|7|7|8|4|6|14|4|6|9|4|8|9|7|4|10|9|5|7|9|8|9|6|9|7|10|8|8|8|8|8|11|7|8|5|8|8|9|9|11|7|7|10|8|11|9|10|10|8|7|8|9|9|9|13|8|15|8|8|10|11|10|10|13|13|9|10|7|10|9|13|14|10|11|13|9|9|10|14|14|13|9|9|11|11|14|14|14|12|8|13|12|10|12|14|9|9|7|10|12|10|11|5|4|7|5|10|7|6|3|4|4|4|6|4|4|1|3|1|2|1|3|1|2|1|2|1</HistCounts>
      </HistItem>
    </Histograms>
    <Metadata>
      <MDI key="RepresentationType">ATHEMATIC</MDI>
      <MDI key="STATISTICS_COVARIANCES">0.008356120644326722</MDI>
      <MDI key="STATISTICS_EXCLUDEDVALUES"></MDI>
      <MDI key="STATISTICS_MAXIMUM">0.67360985279083</MDI>
      <MDI key="STATISTICS_MEAN">0.52057778783143</MDI>
      <MDI key="STATISTICS_MINIMUM">0.29870691895485</MDI>
      <MDI key="STATISTICS_SKIPFACTORX">1</MDI>
      <MDI key="STATISTICS_SKIPFACTORY">1</MDI>
      <MDI key="STATISTICS_STDDEV">0.091411818953168</MDI>
    </Metadata>
  </PAMRasterBand>
</PAMDataset>
