<PAMDataset>
  <Metadata>
    <MDI key="DataType">Generic</MDI>
  </Metadata>
  <PAMRasterBand band="1">
    <Histograms>
      <HistItem>
        <HistMin>0.965558648109436</HistMin>
        <HistMax>0.9835630059242249</HistMax>
        <BucketCount>256</BucketCount>
        <IncludeOutOfRange>1</IncludeOutOfRange>
        <Approximate>0</Approximate>
        <HistCounts>1|0|1|0|1|1|0|1|0|1|0|1|1|1|2|1|0|3|1|2|1|2|2|1|4|2|0|4|0|3|2|1|4|2|3|2|1|4|2|6|0|2|4|3|7|0|5|2|2|7|0|8|1|2|7|1|7|2|2|8|3|7|2|4|7|4|8|4|5|7|1|10|4|4|8|4|8|5|4|7|4|11|1|4|10|3|11|1|12|5|2|11|4|12|6|2|11|5|13|7|3|11|7|13|5|5|15|8|12|9|3|14|5|13|7|7|16|5|19|6|5|16|5|18|5|8|16|6|20|3|16|10|4|21|4|20|5|4|20|6|17|6|5|19|6|19|6|5|18|7|17|8|5|18|6|15|10|5|17|7|17|5|7|15|8|18|4|7|15|8|16|2|9|15|5|18|5|17|5|7|18|4|14|9|4|14|4|15|7|4|16|7|13|10|3|14|8|11|4|3|15|6|10|6|6|10|5|7|5|4|12|2|11|4|3|9|2|11|2|8|0|3|10|1|7|3|1|9|1|5|3|2|5|2|3|3|2|6|1|2|3|3|3|2|0|2|1|2|1|0|3|0|1|0|0|1</HistCounts>
      </HistItem>
    </Histograms>
    <Metadata>
      <MDI key="RepresentationType">ATHEMATIC</MDI>
      <MDI key="STATISTICS_COVARIANCES">1.419239124289765e-05</MDI>
      <MDI key="STATISTICS_EXCLUDEDVALUES"></MDI>
      <MDI key="STATISTICS_MAXIMUM">0.98356300592422</MDI>
      <MDI key="STATISTICS_MEAN">0.97544812470674</MDI>
      <MDI key="STATISTICS_MINIMUM">0.96555864810944</MDI>
      <MDI key="STATISTICS_SKIPFACTORX">1</MDI>
      <MDI key="STATISTICS_SKIPFACTORY">1</MDI>
      <MDI key="STATISTICS_STDDEV">0.0037672790237647</MDI>
    </Metadata>
  </PAMRasterBand>
</PAMDataset>
