<PAMDataset>
  <Metadata>
    <MDI key="DataType">Generic</MDI>
  </Metadata>
  <PAMRasterBand band="1">
    <Histograms>
      <HistItem>
        <HistMin>0.8512665033340454</HistMin>
        <HistMax>0.8935153484344482</HistMax>
        <BucketCount>256</BucketCount>
        <IncludeOutOfRange>1</IncludeOutOfRange>
        <Approximate>0</Approximate>
        <HistCounts>1|0|0|2|0|0|1|2|0|0|2|2|0|0|2|2|1|1|2|1|2|1|2|2|1|2|2|3|2|2|2|3|3|2|2|3|4|3|1|4|3|4|4|4|1|5|3|4|2|5|4|3|5|3|4|4|6|2|5|6|4|3|5|5|6|4|5|6|4|5|5|5|5|6|5|6|4|6|7|5|6|7|6|6|5|9|7|2|8|9|9|1|9|9|9|3|8|11|5|6|9|8|6|7|10|10|6|8|12|9|6|10|11|10|10|7|11|12|11|11|12|10|10|13|11|10|12|11|13|12|8|13|12|11|10|11|15|8|12|9|13|16|8|13|13|10|12|11|11|13|10|10|11|11|11|12|9|12|9|10|13|11|11|10|9|11|11|9|9|9|12|11|8|11|8|9|8|11|8|10|6|13|8|7|11|7|10|7|6|6|10|9|7|9|7|9|7|8|4|8|5|7|6|8|8|7|6|6|7|8|6|6|5|7|5|7|6|7|7|5|7|5|4|6|5|3|3|6|6|3|5|3|4|4|4|3|2|3|4|3|3|1|2|3|1|2|1|2|0|1|1|1|1|0|0|1</HistCounts>
      </HistItem>
    </Histograms>
    <Metadata>
      <MDI key="RepresentationType">ATHEMATIC</MDI>
      <MDI key="STATISTICS_COVARIANCES">7.932323572985514e-05</MDI>
      <MDI key="STATISTICS_EXCLUDEDVALUES"></MDI>
      <MDI key="STATISTICS_MAXIMUM">0.89351534843445</MDI>
      <MDI key="STATISTICS_MEAN">0.87432985868305</MDI>
      <MDI key="STATISTICS_MINIMUM">0.85126650333405</MDI>
      <MDI key="STATISTICS_SKIPFACTORX">1</MDI>
      <MDI key="STATISTICS_SKIPFACTORY">1</MDI>
      <MDI key="STATISTICS_STDDEV">0.0089063592859179</MDI>
    </Metadata>
  </PAMRasterBand>
</PAMDataset>
