<PAMDataset>
  <PAMRasterBand band="1">
    <Histograms>
      <HistItem>
        <HistMin>0.6580651998519897</HistMin>
        <HistMax>0.7886590957641602</HistMax>
        <BucketCount>256</BucketCount>
        <IncludeOutOfRange>1</IncludeOutOfRange>
        <Approximate>0</Approximate>
        <HistCounts>1|0|1|0|0|1|0|0|1|0|1|1|0|2|1|1|3|0|1|2|1|1|3|2|1|2|2|2|2|2|2|2|1|5|2|2|3|2|4|3|3|1|3|3|3|5|4|4|2|3|5|1|6|2|5|5|3|4|4|1|6|3|6|5|2|6|4|3|4|7|7|4|5|7|7|5|6|4|7|7|8|5|6|6|6|6|8|9|4|6|7|7|8|7|5|8|9|6|6|10|9|5|8|9|7|8|9|8|6|9|7|11|5|6|12|7|7|10|7|8|10|6|10|6|7|12|8|8|10|8|10|6|11|9|12|6|10|8|8|10|8|9|11|9|8|9|10|9|11|11|7|10|9|10|9|8|10|11|7|12|10|10|9|11|11|9|12|10|8|13|9|8|11|9|11|10|9|11|12|10|12|11|9|15|8|13|7|8|15|11|9|13|10|13|6|12|9|9|12|10|11|8|10|9|9|9|7|9|4|12|5|9|8|7|7|8|6|9|6|9|6|8|8|6|5|6|6|6|5|4|5|6|6|3|7|3|5|3|3|4|2|3|2|4|2|1|5|0|4|0|2|0|1|1|0|1</HistCounts>
      </HistItem>
    </Histograms>
    <Metadata>
      <MDI key="RepresentationType">ATHEMATIC</MDI>
      <MDI key="STATISTICS_COVARIANCES">0.000816480467410758</MDI>
      <MDI key="STATISTICS_EXCLUDEDVALUES"></MDI>
      <MDI key="STATISTICS_MAXIMUM">0.78865909576416</MDI>
      <MDI key="STATISTICS_MEAN">0.73257758930325</MDI>
      <MDI key="STATISTICS_MINIMUM">0.65806519985199</MDI>
      <MDI key="STATISTICS_SKIPFACTORX">1</MDI>
      <MDI key="STATISTICS_SKIPFACTORY">1</MDI>
      <MDI key="STATISTICS_STDDEV">0.028574122338416</MDI>
    </Metadata>
  </PAMRasterBand>
</PAMDataset>
