<PAMDataset>
  <Metadata>
    <MDI key="DataType">Generic</MDI>
  </Metadata>
  <PAMRasterBand band="1">
    <Histograms>
      <HistItem>
        <HistMin>0.8940123319625854</HistMin>
        <HistMax>0.921947181224823</HistMax>
        <BucketCount>256</BucketCount>
        <IncludeOutOfRange>1</IncludeOutOfRange>
        <Approximate>0</Approximate>
        <HistCounts>1|0|1|0|2|1|0|2|1|0|1|2|0|2|1|1|3|2|0|3|1|2|3|1|1|3|2|1|3|2|2|3|2|3|4|3|2|3|2|4|3|1|4|4|2|4|3|2|5|4|3|3|3|3|7|2|4|5|4|4|4|3|6|4|4|5|4|6|6|4|5|6|6|6|6|5|7|4|9|8|5|10|6|7|5|10|7|10|3|11|7|8|8|10|8|10|10|6|9|11|10|8|7|11|9|10|7|13|9|12|9|10|7|16|9|8|10|14|13|9|9|14|8|13|11|12|13|14|8|10|15|12|13|11|12|11|11|14|10|14|12|8|14|11|14|8|12|10|12|10|9|13|14|8|10|13|11|10|10|9|14|9|9|7|15|10|8|10|13|7|11|8|10|10|7|8|13|8|7|8|12|6|9|7|9|9|9|4|11|9|8|5|13|6|8|5|10|7|8|5|9|9|7|5|9|7|5|5|7|7|4|5|5|8|4|4|5|5|4|4|4|4|3|5|1|5|3|3|3|3|2|3|1|3|1|4|0|2|2|3|0|1|2|1|1|0|3|0|1|0|2|0|0|0|0|1</HistCounts>
      </HistItem>
    </Histograms>
    <Metadata>
      <MDI key="RepresentationType">ATHEMATIC</MDI>
      <MDI key="STATISTICS_COVARIANCES">3.240789881071455e-05</MDI>
      <MDI key="STATISTICS_EXCLUDEDVALUES"></MDI>
      <MDI key="STATISTICS_MAXIMUM">0.92194718122482</MDI>
      <MDI key="STATISTICS_MEAN">0.90880505651236</MDI>
      <MDI key="STATISTICS_MINIMUM">0.89401233196259</MDI>
      <MDI key="STATISTICS_SKIPFACTORX">1</MDI>
      <MDI key="STATISTICS_SKIPFACTORY">1</MDI>
      <MDI key="STATISTICS_STDDEV">0.0056927935858166</MDI>
    </Metadata>
  </PAMRasterBand>
</PAMDataset>
