<PAMDataset>
  <Metadata>
    <MDI key="DataType">Generic</MDI>
  </Metadata>
  <PAMRasterBand band="1">
    <Histograms>
      <HistItem>
        <HistMin>4.17862606048584</HistMin>
        <HistMax>4.276684761047363</HistMax>
        <BucketCount>256</BucketCount>
        <IncludeOutOfRange>1</IncludeOutOfRange>
        <Approximate>0</Approximate>
        <HistCounts>1|0|1|1|4|1|3|0|3|1|3|2|3|3|2|4|3|5|3|5|3|4|2|6|4|6|5|4|5|5|5|4|7|3|5|5|6|6|6|7|6|9|5|9|4|7|5|9|5|9|8|9|8|7|6|10|8|8|9|9|12|8|9|12|9|13|10|8|9|11|9|12|11|6|13|13|12|13|8|13|10|11|9|9|10|14|9|10|12|9|11|8|12|9|8|10|11|10|10|10|10|11|11|11|10|8|12|9|10|8|9|11|9|10|9|8|10|12|12|10|10|10|7|8|11|9|8|9|7|6|9|11|10|9|12|5|9|9|11|8|5|10|5|7|6|9|6|11|10|11|5|9|10|10|10|8|2|8|12|6|5|8|8|5|7|8|8|5|9|10|7|7|6|6|7|4|6|6|5|7|4|6|5|7|5|6|7|7|7|5|6|4|6|4|4|3|3|1|3|5|3|5|2|4|4|5|6|5|4|4|5|4|3|3|3|3|3|3|2|3|2|3|4|2|2|2|3|2|2|1|3|3|1|2|2|2|1|1|0|1|1|0|0|1|0|0|1|1|0|1|1|0|1|0|0|1</HistCounts>
      </HistItem>
    </Histograms>
    <Metadata>
      <MDI key="RepresentationType">ATHEMATIC</MDI>
      <MDI key="STATISTICS_COVARIANCES">0.0004528601885143274</MDI>
      <MDI key="STATISTICS_EXCLUDEDVALUES"></MDI>
      <MDI key="STATISTICS_MAXIMUM">4.2766847610474</MDI>
      <MDI key="STATISTICS_MEAN">4.2221224212646</MDI>
      <MDI key="STATISTICS_MINIMUM">4.1786260604858</MDI>
      <MDI key="STATISTICS_SKIPFACTORX">1</MDI>
      <MDI key="STATISTICS_SKIPFACTORY">1</MDI>
      <MDI key="STATISTICS_STDDEV">0.021280511942017</MDI>
    </Metadata>
  </PAMRasterBand>
</PAMDataset>
