<PAMDataset>
  <PAMRasterBand band="1">
    <Histograms>
      <HistItem>
        <HistMin>0.9446148872375488</HistMin>
        <HistMax>0.9657859802246094</HistMax>
        <BucketCount>256</BucketCount>
        <IncludeOutOfRange>1</IncludeOutOfRange>
        <Approximate>0</Approximate>
        <HistCounts>1|0|0|0|2|0|1|0|1|2|0|1|1|3|0|1|1|1|2|1|3|1|3|0|4|2|2|2|1|6|1|5|1|2|6|3|6|1|5|3|6|4|7|2|3|6|5|6|3|8|4|6|4|5|8|5|7|1|7|9|4|7|3|11|4|8|4|9|6|5|9|4|9|4|11|6|11|5|8|8|10|6|9|6|10|6|10|7|13|5|7|12|7|10|5|15|5|12|7|13|8|11|5|15|6|15|6|14|5|16|7|7|15|7|14|4|19|7|16|4|17|6|19|4|18|4|20|3|19|4|16|6|3|20|2|18|5|17|8|12|11|14|10|11|8|13|7|13|7|17|6|9|10|10|12|7|10|7|13|5|17|4|12|4|15|6|11|3|15|3|15|2|6|12|4|14|2|13|2|14|3|13|2|14|2|14|1|12|2|11|4|7|6|1|12|2|9|4|9|4|8|5|15|5|12|5|9|1|11|1|7|2|9|1|1|7|2|8|1|6|0|8|0|6|0|7|0|4|0|5|0|4|0|4|0|0|4|0|4|0|4|0|3|0|3|0|2|0|2|0|2|0|1|0|0|1</HistCounts>
      </HistItem>
    </Histograms>
    <Metadata>
      <MDI key="RepresentationType">ATHEMATIC</MDI>
      <MDI key="STATISTICS_COVARIANCES">1.973535723625446e-05</MDI>
      <MDI key="STATISTICS_EXCLUDEDVALUES"></MDI>
      <MDI key="STATISTICS_MAXIMUM">0.96578598022461</MDI>
      <MDI key="STATISTICS_MEAN">0.95536281108856</MDI>
      <MDI key="STATISTICS_MINIMUM">0.94461488723755</MDI>
      <MDI key="STATISTICS_SKIPFACTORX">1</MDI>
      <MDI key="STATISTICS_SKIPFACTORY">1</MDI>
      <MDI key="STATISTICS_STDDEV">0.0044424494635566</MDI>
    </Metadata>
  </PAMRasterBand>
</PAMDataset>
