<PAMDataset>
  <Metadata>
    <MDI key="DataType">Generic</MDI>
  </Metadata>
  <PAMRasterBand band="1">
    <Histograms>
      <HistItem>
        <HistMin>0.9972586035728455</HistMin>
        <HistMax>1.011181592941284</HistMax>
        <BucketCount>256</BucketCount>
        <IncludeOutOfRange>1</IncludeOutOfRange>
        <Approximate>0</Approximate>
        <HistCounts>1|0|1|1|0|2|1|1|0|1|2|0|2|0|0|3|0|2|3|0|4|0|1|5|0|3|2|0|4|0|4|5|1|1|4|2|3|3|2|5|2|2|6|1|3|1|4|4|5|4|2|3|3|5|6|2|5|2|3|4|6|3|2|7|2|4|8|3|6|3|6|8|5|6|7|2|6|6|6|9|7|5|7|8|7|7|7|5|6|9|8|5|9|4|8|11|3|11|7|6|14|4|11|11|5|12|8|9|12|4|10|13|7|13|10|12|9|8|13|19|8|12|15|7|16|11|11|18|6|13|17|11|19|7|14|15|10|14|13|15|9|9|15|15|12|10|9|16|9|16|10|12|8|9|14|10|9|12|3|18|3|13|10|5|14|7|7|13|3|10|9|8|13|7|5|13|2|13|10|9|10|5|10|12|7|8|8|8|9|13|4|13|4|7|13|9|9|7|5|9|7|10|6|7|5|8|7|7|9|4|7|8|6|5|5|5|3|4|6|7|3|7|1|8|2|2|4|2|3|3|0|5|0|3|3|2|3|1|2|1|2|2|1|0|1|1|1|2|0|0|1|0|1|0|0|1</HistCounts>
      </HistItem>
    </Histograms>
    <Metadata>
      <MDI key="RepresentationType">ATHEMATIC</MDI>
      <MDI key="STATISTICS_COVARIANCES">8.034207309771229e-06</MDI>
      <MDI key="STATISTICS_EXCLUDEDVALUES"></MDI>
      <MDI key="STATISTICS_MAXIMUM">1.0111815929413</MDI>
      <MDI key="STATISTICS_MEAN">1.004709125571</MDI>
      <MDI key="STATISTICS_MINIMUM">0.99725860357285</MDI>
      <MDI key="STATISTICS_SKIPFACTORX">1</MDI>
      <MDI key="STATISTICS_SKIPFACTORY">1</MDI>
      <MDI key="STATISTICS_STDDEV">0.0028344677295343</MDI>
    </Metadata>
  </PAMRasterBand>
</PAMDataset>
