<PAMDataset>
  <Metadata>
    <MDI key="DataType">Generic</MDI>
  </Metadata>
  <PAMRasterBand band="1">
    <Histograms>
      <HistItem>
        <HistMin>0.9151136875152588</HistMin>
        <HistMax>0.9414655566215515</HistMax>
        <BucketCount>256</BucketCount>
        <IncludeOutOfRange>1</IncludeOutOfRange>
        <Approximate>0</Approximate>
        <HistCounts>1|0|0|0|1|1|0|1|1|1|1|1|2|1|1|0|3|2|1|0|3|4|2|0|2|3|3|2|3|3|3|3|3|4|3|3|0|6|5|3|2|3|4|7|1|5|4|3|6|4|6|2|4|3|8|5|4|3|6|6|6|3|7|6|3|8|5|7|3|8|8|7|2|8|7|9|3|7|9|5|7|8|9|4|8|7|11|7|8|8|8|7|11|8|6|9|8|9|10|8|8|11|6|14|7|10|8|11|10|12|6|12|9|13|8|13|9|12|9|12|11|9|11|12|13|10|10|11|11|10|11|10|12|9|11|12|12|10|9|12|9|13|9|13|10|12|12|13|8|12|11|12|11|9|9|12|10|11|11|10|9|9|9|12|8|7|11|11|9|9|10|10|6|9|10|9|10|7|9|9|10|7|10|5|11|5|11|6|11|5|10|4|9|6|7|6|8|6|8|5|4|10|3|9|1|10|3|9|4|7|1|9|3|7|3|5|4|7|3|6|4|3|6|4|3|2|4|4|3|2|5|2|3|4|3|1|2|3|2|2|1|3|2|2|2|1|1|1|2|1|1|1|1|0|0|1</HistCounts>
      </HistItem>
    </Histograms>
    <Metadata>
      <MDI key="RepresentationType">ATHEMATIC</MDI>
      <MDI key="STATISTICS_COVARIANCES">3.085990033663979e-05</MDI>
      <MDI key="STATISTICS_EXCLUDEDVALUES"></MDI>
      <MDI key="STATISTICS_MAXIMUM">0.94146555662155</MDI>
      <MDI key="STATISTICS_MEAN">0.92889328379184</MDI>
      <MDI key="STATISTICS_MINIMUM">0.91511368751526</MDI>
      <MDI key="STATISTICS_SKIPFACTORX">1</MDI>
      <MDI key="STATISTICS_SKIPFACTORY">1</MDI>
      <MDI key="STATISTICS_STDDEV">0.0055551687946128</MDI>
    </Metadata>
  </PAMRasterBand>
</PAMDataset>
