<PAMDataset>
  <Metadata>
    <MDI key="DataType">Generic</MDI>
  </Metadata>
  <PAMRasterBand band="1">
    <Histograms>
      <HistItem>
        <HistMin>0.2948265075683594</HistMin>
        <HistMax>0.6685831546783447</HistMax>
        <BucketCount>256</BucketCount>
        <IncludeOutOfRange>1</IncludeOutOfRange>
        <Approximate>0</Approximate>
        <HistCounts>1|1|1|2|0|3|1|2|1|2|1|1|2|1|2|2|3|3|2|3|3|3|3|2|2|3|1|3|3|4|3|3|3|2|4|4|3|2|3|2|2|3|3|4|4|3|4|2|4|5|4|3|4|5|3|4|5|2|6|4|3|6|3|5|5|4|8|2|6|3|8|4|5|5|4|6|6|4|5|6|6|5|6|5|4|4|7|3|6|6|5|6|4|6|4|6|8|4|6|6|4|8|8|5|5|5|5|8|5|6|5|8|5|8|7|3|8|6|5|7|7|7|6|6|5|6|9|5|7|8|6|6|6|10|5|5|8|8|6|10|7|4|10|7|8|5|11|7|5|7|10|6|7|10|9|6|8|9|7|7|9|5|11|10|8|10|8|8|7|9|8|9|9|10|12|9|7|10|9|10|8|11|10|10|10|6|12|10|9|13|8|11|10|11|11|8|10|12|11|12|6|11|8|13|12|14|12|10|12|10|9|16|14|11|13|8|15|11|11|17|12|9|6|9|11|11|13|8|8|9|7|7|8|7|7|6|6|6|7|4|5|5|3|4|5|4|3|3|3|4|4|2|2|1|0|1</HistCounts>
      </HistItem>
    </Histograms>
    <Metadata>
      <MDI key="RepresentationType">ATHEMATIC</MDI>
      <MDI key="STATISTICS_COVARIANCES">0.008321622964576092</MDI>
      <MDI key="STATISTICS_EXCLUDEDVALUES"></MDI>
      <MDI key="STATISTICS_MAXIMUM">0.66858315467834</MDI>
      <MDI key="STATISTICS_MEAN">0.51729342455044</MDI>
      <MDI key="STATISTICS_MINIMUM">0.29482650756836</MDI>
      <MDI key="STATISTICS_SKIPFACTORX">1</MDI>
      <MDI key="STATISTICS_SKIPFACTORY">1</MDI>
      <MDI key="STATISTICS_STDDEV">0.091222930037223</MDI>
    </Metadata>
  </PAMRasterBand>
</PAMDataset>
