<PAMDataset>
  <Metadata>
    <MDI key="DataType">Generic</MDI>
  </Metadata>
  <PAMRasterBand band="1">
    <Histograms>
      <HistItem>
        <HistMin>0.8858165740966797</HistMin>
        <HistMax>0.916825532913208</HistMax>
        <BucketCount>256</BucketCount>
        <IncludeOutOfRange>1</IncludeOutOfRange>
        <Approximate>0</Approximate>
        <HistCounts>1|0|0|1|1|0|1|1|1|0|1|1|2|0|1|2|2|2|2|2|2|4|1|3|3|2|2|2|4|6|1|3|5|1|5|5|2|3|6|5|0|5|6|1|6|5|3|5|6|6|1|7|7|3|6|5|4|8|6|4|6|7|7|4|7|7|3|9|8|2|8|10|8|2|8|10|4|7|9|9|6|5|12|5|7|7|8|9|6|6|11|9|5|9|10|10|5|9|11|8|9|9|10|6|12|11|6|11|10|12|9|9|10|14|10|8|8|15|9|10|8|13|10|13|11|7|15|11|10|7|16|16|8|10|11|15|12|12|13|10|12|14|11|13|8|11|12|11|12|10|12|13|9|9|10|13|10|8|9|9|12|7|8|9|12|9|5|9|11|8|8|8|9|6|7|9|11|4|9|6|10|6|8|7|9|8|6|7|10|6|8|3|9|7|8|3|8|7|6|3|7|6|8|2|7|5|6|2|6|6|5|0|8|3|7|0|8|3|6|0|5|5|3|3|3|5|3|2|4|3|4|2|4|2|1|4|2|3|2|3|3|1|2|1|3|0|2|1|3|0|2|1|1|0|0|1</HistCounts>
      </HistItem>
    </Histograms>
    <Metadata>
      <MDI key="RepresentationType">ATHEMATIC</MDI>
      <MDI key="STATISTICS_COVARIANCES">4.337075219837818e-05</MDI>
      <MDI key="STATISTICS_EXCLUDEDVALUES"></MDI>
      <MDI key="STATISTICS_MAXIMUM">0.91682553291321</MDI>
      <MDI key="STATISTICS_MEAN">0.90168584913016</MDI>
      <MDI key="STATISTICS_MINIMUM">0.88581657409668</MDI>
      <MDI key="STATISTICS_SKIPFACTORX">1</MDI>
      <MDI key="STATISTICS_SKIPFACTORY">1</MDI>
      <MDI key="STATISTICS_STDDEV">0.0065856474395748</MDI>
    </Metadata>
  </PAMRasterBand>
</PAMDataset>
