<PAMDataset>
  <Metadata>
    <MDI key="DataType">Generic</MDI>
  </Metadata>
  <PAMRasterBand band="1">
    <Histograms>
      <HistItem>
        <HistMin>0.8996812105178833</HistMin>
        <HistMax>0.9268398880958557</HistMax>
        <BucketCount>256</BucketCount>
        <IncludeOutOfRange>1</IncludeOutOfRange>
        <Approximate>0</Approximate>
        <HistCounts>1|0|0|1|1|0|1|1|0|2|0|1|1|1|1|2|1|0|3|0|2|2|1|2|3|1|1|4|1|2|3|1|4|3|3|2|2|3|3|2|4|4|2|6|3|2|6|4|5|3|6|4|4|5|3|8|4|6|4|5|9|5|6|6|7|7|5|5|9|7|8|6|9|7|6|10|6|9|7|9|6|6|9|7|10|7|9|8|7|10|8|9|8|13|7|6|9|7|12|7|11|8|13|7|10|10|9|10|7|11|8|11|9|12|9|11|10|9|12|12|12|7|13|10|10|10|9|16|10|11|11|12|16|8|13|10|12|13|10|11|14|14|12|11|10|15|12|8|11|11|14|9|8|12|13|12|10|10|13|12|9|7|12|11|13|5|13|12|11|8|8|14|6|11|8|8|9|9|10|8|10|8|7|9|6|8|5|9|8|7|4|9|7|8|6|6|6|8|4|4|8|4|6|5|3|7|4|6|3|5|6|3|3|4|7|4|2|3|6|4|2|4|3|5|2|2|3|5|0|3|2|3|2|2|2|1|3|1|3|1|2|1|2|1|1|1|1|1|1|0|2|0|1|0|0|1</HistCounts>
      </HistItem>
    </Histograms>
    <Metadata>
      <MDI key="RepresentationType">ATHEMATIC</MDI>
      <MDI key="STATISTICS_COVARIANCES">3.03554555225421e-05</MDI>
      <MDI key="STATISTICS_EXCLUDEDVALUES"></MDI>
      <MDI key="STATISTICS_MAXIMUM">0.92683988809586</MDI>
      <MDI key="STATISTICS_MEAN">0.91365834742784</MDI>
      <MDI key="STATISTICS_MINIMUM">0.89968121051788</MDI>
      <MDI key="STATISTICS_SKIPFACTORX">1</MDI>
      <MDI key="STATISTICS_SKIPFACTORY">1</MDI>
      <MDI key="STATISTICS_STDDEV">0.0055095785249456</MDI>
    </Metadata>
  </PAMRasterBand>
</PAMDataset>
