<PAMDataset>
  <Metadata>
    <MDI key="DataType">Generic</MDI>
  </Metadata>
  <PAMRasterBand band="1">
    <Histograms>
      <HistItem>
        <HistMin>0.9379356503486633</HistMin>
        <HistMax>0.9588291645050049</HistMax>
        <BucketCount>256</BucketCount>
        <IncludeOutOfRange>1</IncludeOutOfRange>
        <Approximate>0</Approximate>
        <HistCounts>1|0|1|0|1|0|0|1|2|0|0|1|1|2|1|0|2|2|2|2|0|4|4|1|1|3|3|6|0|4|4|4|5|2|4|7|3|4|5|4|5|5|5|7|2|9|4|5|6|6|5|8|4|8|6|3|8|7|8|5|5|12|5|6|5|8|8|7|5|9|8|8|6|5|9|9|8|6|7|11|8|4|7|10|8|9|8|8|10|6|7|9|9|10|9|9|10|7|11|10|9|10|10|11|10|13|5|15|6|11|12|8|15|5|18|8|11|9|11|13|9|12|10|13|11|11|9|13|13|11|9|11|16|12|11|15|11|14|10|13|12|12|8|12|11|11|13|7|15|8|13|6|12|14|8|11|7|13|9|9|8|5|13|7|8|9|6|11|5|14|2|9|5|7|10|4|9|6|9|6|9|6|8|5|9|3|9|5|6|6|5|6|5|8|3|10|5|13|7|11|2|9|4|4|6|3|5|3|6|4|4|3|4|2|6|2|5|2|4|2|3|3|2|2|2|3|2|2|2|2|3|0|2|1|3|2|0|3|0|2|1|2|2|0|2|0|3|0|1|0|2|0|1|0|0|1</HistCounts>
      </HistItem>
    </Histograms>
    <Metadata>
      <MDI key="RepresentationType">ATHEMATIC</MDI>
      <MDI key="STATISTICS_COVARIANCES">1.872730263767494e-05</MDI>
      <MDI key="STATISTICS_EXCLUDEDVALUES"></MDI>
      <MDI key="STATISTICS_MAXIMUM">0.958829164505</MDI>
      <MDI key="STATISTICS_MEAN">0.94822330523282</MDI>
      <MDI key="STATISTICS_MINIMUM">0.93793565034866</MDI>
      <MDI key="STATISTICS_SKIPFACTORX">1</MDI>
      <MDI key="STATISTICS_SKIPFACTORY">1</MDI>
      <MDI key="STATISTICS_STDDEV">0.0043275053596356</MDI>
    </Metadata>
  </PAMRasterBand>
</PAMDataset>
