<PAMDataset>
  <Metadata>
    <MDI key="DataType">Generic</MDI>
  </Metadata>
  <PAMRasterBand band="1">
    <Histograms>
      <HistItem>
        <HistMin>0.02033737115561962</HistMin>
        <HistMax>6.266477108001709</HistMax>
        <BucketCount>256</BucketCount>
        <IncludeOutOfRange>1</IncludeOutOfRange>
        <Approximate>0</Approximate>
        <HistCounts>9|21|35|36|43|46|40|49|50|55|55|65|69|68|54|30|22|16|3|0|0|1|0|0|1|0|0|0|0|1|1|0|1|0|0|0|0|0|0|0|0|0|0|0|0|0|0|0|0|0|0|0|2|0|0|0|0|1|0|0|0|0|0|0|0|0|0|0|0|0|0|0|1|0|0|0|0|0|7|4|10|4|0|0|0|0|0|0|0|0|0|0|0|1|0|0|0|0|1|0|0|1|1|0|0|0|0|0|0|0|0|0|0|0|0|0|0|0|0|0|0|0|0|1|0|0|0|0|0|1|0|0|0|1|0|0|0|0|0|0|0|7|8|10|4|0|1|0|0|0|0|0|0|0|1|0|0|1|0|0|0|0|0|0|0|0|0|0|1|0|0|0|0|0|0|0|0|1|0|0|0|1|0|0|1|1|0|0|0|0|0|0|0|0|0|0|0|0|0|0|0|0|0|0|4|6|8|7|1|0|1|1|1|0|0|0|0|0|0|0|1|10|6|14|21|13|24|34|1|28|31|15|18|34|17|21|23|21|21|24|20|29|23|23|29|23|23|31|25|24|34|24|17|15|9|1</HistCounts>
      </HistItem>
    </Histograms>
    <Metadata>
      <MDI key="RepresentationType">ATHEMATIC</MDI>
      <MDI key="STATISTICS_COVARIANCES">7.520987240303485</MDI>
      <MDI key="STATISTICS_EXCLUDEDVALUES"></MDI>
      <MDI key="STATISTICS_MAXIMUM">6.2664771080017</MDI>
      <MDI key="STATISTICS_MEAN">3.015391904983</MDI>
      <MDI key="STATISTICS_MINIMUM">0.02033737115562</MDI>
      <MDI key="STATISTICS_SKIPFACTORX">1</MDI>
      <MDI key="STATISTICS_SKIPFACTORY">1</MDI>
      <MDI key="STATISTICS_STDDEV">2.7424418390011</MDI>
    </Metadata>
  </PAMRasterBand>
</PAMDataset>
