<PAMDataset>
  <Metadata>
    <MDI key="DataType">Generic</MDI>
  </Metadata>
  <PAMRasterBand band="1">
    <Histograms>
      <HistItem>
        <HistMin>0.966028094291687</HistMin>
        <HistMax>0.9859960675239563</HistMax>
        <BucketCount>256</BucketCount>
        <IncludeOutOfRange>1</IncludeOutOfRange>
        <Approximate>0</Approximate>
        <HistCounts>1|0|0|0|1|0|1|1|0|2|1|1|1|1|1|2|1|2|1|2|1|2|2|3|2|2|2|3|3|3|1|4|2|5|1|4|2|1|5|2|5|2|5|0|6|4|3|4|5|6|3|5|4|6|5|7|4|4|7|4|8|3|10|4|8|3|4|8|2|11|5|9|3|10|5|9|4|7|9|3|12|4|13|5|9|5|8|8|9|6|10|10|7|10|6|7|12|9|10|9|10|10|12|7|12|7|8|12|4|17|8|14|9|15|9|7|15|6|15|5|17|8|16|8|7|16|5|18|6|15|5|16|7|12|8|8|21|2|16|8|17|7|14|9|7|16|7|14|8|19|8|15|6|14|10|6|18|5|16|7|15|8|13|8|10|13|7|8|9|10|6|12|4|5|11|5|9|5|11|5|9|3|9|6|4|11|2|11|4|10|4|8|4|5|9|6|6|6|8|6|7|5|4|9|1|12|3|8|2|10|4|5|4|2|9|3|6|4|7|1|7|2|5|3|5|3|4|3|5|3|2|5|4|3|4|3|3|2|2|3|3|2|3|4|1|1|2|1|1|0|1|1|1|0|0|1</HistCounts>
      </HistItem>
    </Histograms>
    <Metadata>
      <MDI key="RepresentationType">ATHEMATIC</MDI>
      <MDI key="STATISTICS_COVARIANCES">1.774122835196344e-05</MDI>
      <MDI key="STATISTICS_EXCLUDEDVALUES"></MDI>
      <MDI key="STATISTICS_MAXIMUM">0.98599606752396</MDI>
      <MDI key="STATISTICS_MEAN">0.97642674408853</MDI>
      <MDI key="STATISTICS_MINIMUM">0.96602809429169</MDI>
      <MDI key="STATISTICS_SKIPFACTORX">1</MDI>
      <MDI key="STATISTICS_SKIPFACTORY">1</MDI>
      <MDI key="STATISTICS_STDDEV">0.0042120337548462</MDI>
    </Metadata>
  </PAMRasterBand>
</PAMDataset>
