<PAMDataset>
  <PAMRasterBand band="1">
    <Histograms>
      <HistItem>
        <HistMin>0.6104772090911865</HistMin>
        <HistMax>0.7742981314659119</HistMax>
        <BucketCount>256</BucketCount>
        <IncludeOutOfRange>1</IncludeOutOfRange>
        <Approximate>0</Approximate>
        <HistCounts>1|0|1|0|0|1|1|1|2|0|2|2|1|0|2|1|1|2|1|3|0|1|4|2|3|1|2|3|2|2|2|1|3|3|1|3|2|2|6|1|5|4|0|6|2|3|8|0|5|5|1|10|0|0|9|0|9|1|1|9|0|5|8|3|6|2|6|6|3|5|2|5|5|5|5|7|4|6|7|6|6|7|5|6|6|6|8|5|7|7|7|7|8|7|5|7|8|5|7|7|6|7|7|7|8|9|6|7|8|8|7|8|7|7|7|8|7|5|10|5|10|6|8|7|9|8|8|6|7|12|6|8|11|6|5|9|10|10|8|8|11|7|8|10|8|12|8|6|12|9|10|8|8|11|6|12|9|12|10|7|11|6|10|10|12|10|10|10|5|9|9|11|9|10|12|10|10|11|12|8|12|10|12|9|10|10|10|12|12|11|13|13|9|11|14|8|14|9|12|12|10|8|11|8|10|10|9|7|12|7|10|8|8|6|10|6|8|6|7|9|6|9|7|7|4|9|3|8|6|9|5|6|4|6|4|5|3|6|4|4|3|5|3|4|2|3|3|2|1|2|2|2|2|1|0|1</HistCounts>
      </HistItem>
    </Histograms>
    <Metadata>
      <MDI key="RepresentationType">ATHEMATIC</MDI>
      <MDI key="STATISTICS_COVARIANCES">0.001369346973344102</MDI>
      <MDI key="STATISTICS_EXCLUDEDVALUES"></MDI>
      <MDI key="STATISTICS_MAXIMUM">0.77429813146591</MDI>
      <MDI key="STATISTICS_MEAN">0.70486953251064</MDI>
      <MDI key="STATISTICS_MINIMUM">0.61047720909119</MDI>
      <MDI key="STATISTICS_SKIPFACTORX">1</MDI>
      <MDI key="STATISTICS_SKIPFACTORY">1</MDI>
      <MDI key="STATISTICS_STDDEV">0.037004688531916</MDI>
    </Metadata>
  </PAMRasterBand>
</PAMDataset>
