<PAMDataset>
  <Metadata>
    <MDI key="DataType">Generic</MDI>
  </Metadata>
  <PAMRasterBand band="1">
    <Histograms>
      <HistItem>
        <HistMin>1.025925755500793</HistMin>
        <HistMax>1.039010643959045</HistMax>
        <BucketCount>256</BucketCount>
        <IncludeOutOfRange>1</IncludeOutOfRange>
        <Approximate>0</Approximate>
        <HistCounts>1|0|0|1|1|0|1|1|0|2|1|0|2|1|0|2|1|3|1|0|5|0|3|2|1|4|2|5|2|0|4|3|5|3|3|4|2|4|5|5|4|5|5|6|4|5|6|3|6|7|5|5|5|7|7|5|6|5|6|8|7|8|9|5|8|9|8|9|8|7|8|11|8|11|6|8|11|7|10|10|10|9|9|11|9|11|8|9|10|12|11|9|8|9|11|14|9|9|9|9|13|8|13|9|5|17|6|13|10|7|12|12|10|15|8|11|14|14|13|13|12|11|13|10|13|12|12|12|14|11|13|13|10|13|15|10|11|12|8|14|7|13|11|12|8|14|5|13|9|10|9|9|11|6|7|10|7|11|12|7|11|8|10|8|12|9|9|5|10|8|13|6|7|8|5|10|6|7|8|6|10|6|3|8|5|8|5|4|5|5|4|5|5|4|4|3|4|4|6|3|3|3|5|4|3|4|4|2|5|4|3|4|2|5|6|0|4|5|1|6|0|3|4|0|5|3|1|5|0|3|3|1|4|1|2|2|0|2|1|1|1|1|1|2|0|1|1|0|1|1|1|0|1|0|0|1</HistCounts>
      </HistItem>
    </Histograms>
    <Metadata>
      <MDI key="RepresentationType">ATHEMATIC</MDI>
      <MDI key="STATISTICS_COVARIANCES">6.960581533853508e-06</MDI>
      <MDI key="STATISTICS_EXCLUDEDVALUES"></MDI>
      <MDI key="STATISTICS_MAXIMUM">1.039010643959</MDI>
      <MDI key="STATISTICS_MEAN">1.032221782878</MDI>
      <MDI key="STATISTICS_MINIMUM">1.0259257555008</MDI>
      <MDI key="STATISTICS_SKIPFACTORX">1</MDI>
      <MDI key="STATISTICS_SKIPFACTORY">1</MDI>
      <MDI key="STATISTICS_STDDEV">0.0026382914042716</MDI>
    </Metadata>
  </PAMRasterBand>
</PAMDataset>
