<PAMDataset>
  <Metadata>
    <MDI key="DataType">Generic</MDI>
  </Metadata>
  <PAMRasterBand band="1">
    <Histograms>
      <HistItem>
        <HistMin>4.639369010925293</HistMin>
        <HistMax>6.086751937866211</HistMax>
        <BucketCount>256</BucketCount>
        <IncludeOutOfRange>1</IncludeOutOfRange>
        <Approximate>0</Approximate>
        <HistCounts>3|2|5|6|6|1|2|8|10|15|12|11|9|12|12|14|15|8|11|15|12|14|10|14|14|13|13|13|11|10|11|7|9|9|12|10|11|12|8|11|10|8|12|11|10|6|9|6|8|9|5|11|9|10|7|12|9|6|11|9|9|7|5|10|5|5|9|8|4|7|9|6|7|8|7|11|7|5|10|8|7|7|6|6|6|6|8|6|5|4|7|6|9|3|5|10|8|7|5|8|9|4|6|7|7|3|8|6|8|4|3|7|8|5|3|6|9|5|2|5|7|8|4|1|8|6|8|5|1|5|8|6|8|3|3|6|4|11|5|3|6|6|5|7|4|3|8|5|8|0|2|3|9|9|4|0|0|4|12|13|4|0|0|0|12|21|0|0|0|0|5|28|0|0|0|0|0|26|4|0|0|0|0|15|15|0|0|0|3|10|8|11|0|0|5|7|8|7|6|0|8|5|8|6|8|1|6|5|5|5|5|5|4|5|4|4|8|9|2|4|6|1|9|8|6|5|3|7|5|8|7|4|5|6|6|4|5|3|1|0|2|0|1|1|0|0|1|0|2|0|0|0|0|1|2|1</HistCounts>
      </HistItem>
    </Histograms>
    <Metadata>
      <MDI key="RepresentationType">ATHEMATIC</MDI>
      <MDI key="STATISTICS_COVARIANCES">0.1596775957080991</MDI>
      <MDI key="STATISTICS_EXCLUDEDVALUES"></MDI>
      <MDI key="STATISTICS_MAXIMUM">6.0867519378662</MDI>
      <MDI key="STATISTICS_MEAN">5.2272166603804</MDI>
      <MDI key="STATISTICS_MINIMUM">4.6393690109253</MDI>
      <MDI key="STATISTICS_SKIPFACTORX">1</MDI>
      <MDI key="STATISTICS_SKIPFACTORY">1</MDI>
      <MDI key="STATISTICS_STDDEV">0.39959679141367</MDI>
    </Metadata>
  </PAMRasterBand>
</PAMDataset>
