<PAMDataset>
  <PAMRasterBand band="1">
    <Histograms>
      <HistItem>
        <HistMin>0.01913727819919586</HistMin>
        <HistMax>6.265223979949951</HistMax>
        <BucketCount>256</BucketCount>
        <IncludeOutOfRange>1</IncludeOutOfRange>
        <Approximate>0</Approximate>
        <HistCounts>12|28|34|41|30|17|15|15|4|1|0|2|1|0|0|5|10|6|5|0|0|0|0|0|0|0|1|1|0|0|1|0|0|0|0|1|0|0|0|0|0|0|0|0|0|1|0|0|0|0|0|0|0|0|0|0|0|0|0|1|0|0|0|0|1|0|0|0|0|0|0|0|0|1|0|0|0|0|5|10|7|7|0|0|0|0|0|0|0|0|1|0|0|0|0|0|0|0|1|0|0|0|0|0|0|0|0|0|0|0|0|1|0|0|0|0|1|1|0|0|0|0|0|0|0|0|0|0|0|0|0|0|0|1|0|0|0|0|0|0|0|5|8|8|5|0|0|0|1|0|1|0|0|0|0|0|0|0|0|0|0|0|1|0|0|0|0|0|1|0|0|0|0|0|0|0|1|0|1|0|0|0|0|0|0|0|0|0|0|0|0|0|1|0|0|0|0|1|0|0|0|0|0|10|20|33|45|36|31|30|28|29|27|25|27|25|26|28|26|18|26|24|22|29|16|20|28|33|0|31|29|24|11|31|27|20|20|25|24|26|25|25|26|24|25|26|34|23|25|35|26|26|18|21|7|1</HistCounts>
      </HistItem>
    </Histograms>
    <Metadata>
      <MDI key="RepresentationType">ATHEMATIC</MDI>
      <MDI key="STATISTICS_COVARIANCES">3.941805783383951</MDI>
      <MDI key="STATISTICS_EXCLUDEDVALUES"></MDI>
      <MDI key="STATISTICS_MAXIMUM">6.26522397995</MDI>
      <MDI key="STATISTICS_MEAN">4.6972310535435</MDI>
      <MDI key="STATISTICS_MINIMUM">0.019137278199196</MDI>
      <MDI key="STATISTICS_SKIPFACTORX">1</MDI>
      <MDI key="STATISTICS_SKIPFACTORY">1</MDI>
      <MDI key="STATISTICS_STDDEV">1.9853981422838</MDI>
    </Metadata>
  </PAMRasterBand>
</PAMDataset>
