<PAMDataset>
  <PAMRasterBand band="1">
    <Histograms>
      <HistItem>
        <HistMin>0.997824490070343</HistMin>
        <HistMax>1.012978792190552</HistMax>
        <BucketCount>256</BucketCount>
        <IncludeOutOfRange>1</IncludeOutOfRange>
        <Approximate>0</Approximate>
        <HistCounts>1|0|1|0|1|1|0|2|0|1|1|0|3|1|1|1|1|3|1|2|1|2|2|3|2|3|1|2|6|1|4|4|3|5|4|5|3|6|3|5|7|6|5|4|7|3|8|6|3|11|7|8|4|7|6|7|10|6|5|9|10|7|7|7|5|7|9|7|11|7|5|11|10|5|9|9|5|8|13|8|7|9|7|12|8|7|8|8|15|6|10|8|7|12|16|5|8|14|7|14|12|10|9|14|14|11|11|10|7|14|13|10|13|10|9|15|16|6|11|16|6|12|15|5|9|14|15|7|13|9|11|15|12|9|8|12|8|15|11|9|9|14|10|9|12|7|8|18|8|7|13|9|11|11|12|7|10|11|11|9|5|9|8|13|7|6|8|6|9|11|4|6|7|7|8|7|9|3|10|7|5|5|3|7|3|10|2|4|6|3|7|4|5|2|9|4|1|7|2|8|2|6|2|4|4|5|3|3|5|3|7|1|5|3|5|4|7|2|0|8|1|7|1|3|2|3|4|1|3|4|3|2|3|1|3|1|3|3|0|2|0|3|0|1|0|0|2|0|0|0|1|0|1|0|0|1</HistCounts>
      </HistItem>
    </Histograms>
    <Metadata>
      <MDI key="RepresentationType">ATHEMATIC</MDI>
      <MDI key="STATISTICS_COVARIANCES">9.793805958933955e-06</MDI>
      <MDI key="STATISTICS_EXCLUDEDVALUES"></MDI>
      <MDI key="STATISTICS_MAXIMUM">1.0129787921906</MDI>
      <MDI key="STATISTICS_MEAN">1.0050893367827</MDI>
      <MDI key="STATISTICS_MINIMUM">0.99782449007034</MDI>
      <MDI key="STATISTICS_SKIPFACTORX">1</MDI>
      <MDI key="STATISTICS_SKIPFACTORY">1</MDI>
      <MDI key="STATISTICS_STDDEV">0.0031295057052087</MDI>
    </Metadata>
  </PAMRasterBand>
</PAMDataset>
