<PAMDataset>
  <Metadata>
    <MDI key="DataType">Generic</MDI>
  </Metadata>
  <PAMRasterBand band="1">
    <Histograms>
      <HistItem>
        <HistMin>0.8945149779319763</HistMin>
        <HistMax>0.925254762172699</HistMax>
        <BucketCount>256</BucketCount>
        <IncludeOutOfRange>1</IncludeOutOfRange>
        <Approximate>0</Approximate>
        <HistCounts>1|0|0|0|1|1|1|0|2|1|0|2|3|0|2|4|0|3|3|2|1|4|3|1|3|4|1|5|4|0|5|5|1|3|6|5|0|5|6|0|6|6|0|6|6|1|5|6|8|0|6|8|2|5|7|4|7|6|4|5|8|4|4|7|6|6|5|8|6|8|8|4|8|7|8|7|7|6|7|8|7|7|8|8|7|6|10|8|6|10|12|5|7|10|9|9|7|9|11|10|4|13|10|10|6|8|15|7|10|10|9|11|9|10|11|12|10|7|11|14|12|7|12|13|15|7|9|18|14|8|9|13|17|10|7|17|12|15|7|16|11|14|8|15|11|12|6|14|13|10|8|11|12|10|6|11|11|9|9|9|11|7|9|9|11|7|9|8|10|6|8|8|10|8|6|12|7|6|10|7|8|8|7|8|7|10|4|8|8|6|7|7|7|6|6|6|7|6|6|7|5|5|6|5|7|3|6|4|5|4|5|5|5|2|6|4|5|3|4|5|3|3|4|6|2|1|4|4|2|2|4|2|2|2|3|2|2|1|2|2|2|1|2|1|2|0|2|1|1|0|1|1|1|0|0|1</HistCounts>
      </HistItem>
    </Histograms>
    <Metadata>
      <MDI key="RepresentationType">ATHEMATIC</MDI>
      <MDI key="STATISTICS_COVARIANCES">4.188764514548372e-05</MDI>
      <MDI key="STATISTICS_EXCLUDEDVALUES"></MDI>
      <MDI key="STATISTICS_MAXIMUM">0.9252547621727</MDI>
      <MDI key="STATISTICS_MEAN">0.91006838757545</MDI>
      <MDI key="STATISTICS_MINIMUM">0.89451497793198</MDI>
      <MDI key="STATISTICS_SKIPFACTORX">1</MDI>
      <MDI key="STATISTICS_SKIPFACTORY">1</MDI>
      <MDI key="STATISTICS_STDDEV">0.0064720665282029</MDI>
    </Metadata>
  </PAMRasterBand>
</PAMDataset>
