<PAMDataset>
  <Metadata>
    <MDI key="DataType">Generic</MDI>
  </Metadata>
  <PAMRasterBand band="1">
    <Histograms>
      <HistItem>
        <HistMin>0.8007298111915588</HistMin>
        <HistMax>0.8572458624839783</HistMax>
        <BucketCount>256</BucketCount>
        <IncludeOutOfRange>1</IncludeOutOfRange>
        <Approximate>0</Approximate>
        <HistCounts>2|0|0|2|1|0|0|2|0|0|0|4|0|0|0|5|0|0|2|4|0|0|4|4|0|0|4|2|0|0|9|0|0|3|7|0|0|6|5|0|0|11|0|0|0|13|0|0|14|1|0|0|13|0|0|8|8|0|0|12|3|0|7|7|2|0|10|7|1|7|9|4|4|6|6|3|6|6|5|7|5|6|10|5|4|7|9|4|7|8|6|6|6|8|5|7|7|8|7|8|7|9|7|7|10|9|9|8|8|9|10|10|8|9|10|9|11|11|11|11|7|11|11|11|10|11|9|11|12|9|11|11|11|9|13|11|9|10|9|11|11|9|11|13|11|8|11|10|11|14|8|11|10|8|14|9|9|14|11|10|9|10|11|9|11|8|12|11|9|7|13|10|7|12|8|9|13|7|9|8|11|10|9|9|8|11|6|8|9|8|8|12|7|7|9|9|7|10|8|5|9|8|5|8|7|7|7|9|5|6|8|5|8|6|6|4|6|5|5|7|5|5|4|6|3|7|5|4|4|5|3|5|5|3|3|5|5|2|4|4|3|4|3|4|3|3|2|3|2|1|2|2|1|1|1|1</HistCounts>
      </HistItem>
    </Histograms>
    <Metadata>
      <MDI key="RepresentationType">ATHEMATIC</MDI>
      <MDI key="STATISTICS_COVARIANCES">0.0001503768094145898</MDI>
      <MDI key="STATISTICS_EXCLUDEDVALUES"></MDI>
      <MDI key="STATISTICS_MAXIMUM">0.85724586248398</MDI>
      <MDI key="STATISTICS_MEAN">0.83194683756679</MDI>
      <MDI key="STATISTICS_MINIMUM">0.80072981119156</MDI>
      <MDI key="STATISTICS_SKIPFACTORX">1</MDI>
      <MDI key="STATISTICS_SKIPFACTORY">1</MDI>
      <MDI key="STATISTICS_STDDEV">0.012262822245087</MDI>
    </Metadata>
  </PAMRasterBand>
</PAMDataset>
