<PAMDataset>
  <Metadata>
    <MDI key="DataType">Generic</MDI>
  </Metadata>
  <PAMRasterBand band="1">
    <Histograms>
      <HistItem>
        <HistMin>0.8761395812034607</HistMin>
        <HistMax>0.9098830819129944</HistMax>
        <BucketCount>256</BucketCount>
        <IncludeOutOfRange>1</IncludeOutOfRange>
        <Approximate>0</Approximate>
        <HistCounts>1|0|0|1|1|0|0|1|2|1|0|2|0|2|1|0|2|2|2|1|2|2|2|1|2|2|2|1|2|3|2|2|2|2|4|2|3|3|2|3|4|3|2|4|3|3|3|4|3|3|4|4|4|2|4|4|4|3|3|5|5|5|4|5|7|5|4|5|3|6|5|5|4|6|5|5|6|5|6|8|6|4|6|8|6|4|7|7|6|6|7|6|8|8|5|8|8|6|7|11|5|7|9|5|9|9|6|11|8|8|9|11|8|12|9|9|10|10|10|10|15|11|6|10|17|8|9|15|13|10|10|10|13|12|13|11|10|14|11|10|13|15|13|4|15|14|14|7|14|9|16|5|13|14|11|4|12|12|14|4|14|12|10|5|13|11|13|2|12|10|11|7|11|11|11|8|5|11|12|10|4|11|8|10|3|12|8|7|4|14|9|6|5|10|11|5|3|12|10|5|3|8|11|5|9|4|9|7|9|3|8|5|9|1|9|6|9|2|7|7|7|4|6|6|5|4|6|7|6|2|6|5|5|3|6|3|4|3|3|3|3|3|1|2|3|2|1|2|1|1|0|2|1|0|0|1</HistCounts>
      </HistItem>
    </Histograms>
    <Metadata>
      <MDI key="RepresentationType">ATHEMATIC</MDI>
      <MDI key="STATISTICS_COVARIANCES">5.108868357975611e-05</MDI>
      <MDI key="STATISTICS_EXCLUDEDVALUES"></MDI>
      <MDI key="STATISTICS_MAXIMUM">0.90988308191299</MDI>
      <MDI key="STATISTICS_MEAN">0.8947601281479</MDI>
      <MDI key="STATISTICS_MINIMUM">0.87613958120346</MDI>
      <MDI key="STATISTICS_SKIPFACTORX">1</MDI>
      <MDI key="STATISTICS_SKIPFACTORY">1</MDI>
      <MDI key="STATISTICS_STDDEV">0.0071476348241748</MDI>
    </Metadata>
  </PAMRasterBand>
</PAMDataset>
