<PAMDataset>
  <Metadata>
    <MDI key="DataType">Generic</MDI>
  </Metadata>
  <PAMRasterBand band="1">
    <Histograms>
      <HistItem>
        <HistMin>4.130937099456787</HistMin>
        <HistMax>4.179173469543457</HistMax>
        <BucketCount>256</BucketCount>
        <IncludeOutOfRange>1</IncludeOutOfRange>
        <Approximate>0</Approximate>
        <HistCounts>1|0|0|0|1|0|3|0|0|4|0|5|0|1|5|1|5|1|2|4|2|6|0|7|2|1|7|1|9|1|4|7|1|11|1|0|11|1|8|1|0|12|1|8|8|1|16|0|5|9|1|6|8|4|15|2|7|10|3|17|0|8|11|5|9|7|13|6|10|10|10|8|5|14|6|4|14|5|9|12|5|13|13|6|16|5|5|19|8|6|19|5|13|13|6|15|12|7|15|16|4|13|14|10|11|13|11|11|13|9|12|9|10|8|14|11|7|14|9|11|14|9|9|12|13|6|18|8|11|10|11|10|9|13|8|12|15|5|10|12|10|9|12|9|7|15|9|5|15|6|5|14|8|5|11|9|8|7|9|8|7|9|9|5|12|5|7|6|11|5|6|8|8|4|9|4|8|6|6|7|7|3|5|8|2|6|8|3|7|7|4|6|4|5|3|4|6|4|4|4|3|4|6|2|4|6|4|3|3|5|3|3|4|3|3|3|2|3|2|3|2|2|4|2|4|1|3|3|0|2|2|1|1|2|2|1|2|3|1|1|2|1|1|1|1|1|0|1|1|0|0|0|0|0|0|1</HistCounts>
      </HistItem>
    </Histograms>
    <Metadata>
      <MDI key="RepresentationType">ATHEMATIC</MDI>
      <MDI key="STATISTICS_COVARIANCES">0.0001005140442084434</MDI>
      <MDI key="STATISTICS_EXCLUDEDVALUES"></MDI>
      <MDI key="STATISTICS_MAXIMUM">4.1791734695435</MDI>
      <MDI key="STATISTICS_MEAN">4.1532184886932</MDI>
      <MDI key="STATISTICS_MINIMUM">4.1309370994568</MDI>
      <MDI key="STATISTICS_SKIPFACTORX">1</MDI>
      <MDI key="STATISTICS_SKIPFACTORY">1</MDI>
      <MDI key="STATISTICS_STDDEV">0.010025669264864</MDI>
    </Metadata>
  </PAMRasterBand>
</PAMDataset>
