<PAMDataset>
  <PAMRasterBand band="1">
    <Histograms>
      <HistItem>
        <HistMin>0.7108210921287537</HistMin>
        <HistMax>0.8114216923713684</HistMax>
        <BucketCount>256</BucketCount>
        <IncludeOutOfRange>1</IncludeOutOfRange>
        <Approximate>0</Approximate>
        <HistCounts>1|0|1|1|0|0|1|0|0|2|0|1|2|1|1|2|2|1|2|1|1|3|1|2|2|1|2|2|1|3|2|1|3|3|3|2|4|3|3|3|5|1|5|4|0|5|4|0|4|4|1|4|4|4|2|6|5|2|5|7|5|4|4|8|4|3|7|3|7|5|4|6|5|5|5|5|6|6|5|7|6|8|6|6|8|5|4|6|8|7|5|8|7|6|7|7|7|8|8|8|8|9|9|8|8|7|9|7|7|9|10|9|7|9|9|9|10|6|12|8|10|9|8|10|8|8|10|7|14|9|9|11|9|8|13|7|9|16|2|12|9|7|12|7|14|9|11|9|9|12|9|9|11|12|6|12|8|10|9|11|9|9|13|9|10|12|10|11|13|9|13|9|11|10|13|10|10|10|12|9|10|14|12|11|14|10|11|8|10|10|10|9|7|9|9|9|10|8|8|11|9|7|10|5|9|8|5|9|7|7|9|5|7|7|5|10|6|9|4|9|2|5|6|5|7|1|7|4|4|6|0|13|1|5|4|0|9|0|8|1|2|4|0|5|0|5|0|0|3|0|2|0|1|0|0|1</HistCounts>
      </HistItem>
    </Histograms>
    <Metadata>
      <MDI key="RepresentationType">ATHEMATIC</MDI>
      <MDI key="STATISTICS_COVARIANCES">0.0004708821681451707</MDI>
      <MDI key="STATISTICS_EXCLUDEDVALUES"></MDI>
      <MDI key="STATISTICS_MAXIMUM">0.81142169237137</MDI>
      <MDI key="STATISTICS_MEAN">0.76708556298166</MDI>
      <MDI key="STATISTICS_MINIMUM">0.71082109212875</MDI>
      <MDI key="STATISTICS_SKIPFACTORX">1</MDI>
      <MDI key="STATISTICS_SKIPFACTORY">1</MDI>
      <MDI key="STATISTICS_STDDEV">0.021699819541765</MDI>
    </Metadata>
  </PAMRasterBand>
</PAMDataset>
