<PAMDataset>
  <Metadata>
    <MDI key="DataType">Generic</MDI>
  </Metadata>
  <PAMRasterBand band="1">
    <Histograms>
      <HistItem>
        <HistMin>0.8808217644691467</HistMin>
        <HistMax>0.9148780703544617</HistMax>
        <BucketCount>256</BucketCount>
        <IncludeOutOfRange>1</IncludeOutOfRange>
        <Approximate>0</Approximate>
        <HistCounts>1|0|1|0|1|0|1|0|2|1|1|1|3|0|2|1|2|3|1|2|2|2|1|4|1|2|3|3|1|2|3|4|2|2|3|5|1|3|4|6|2|4|4|5|2|5|4|5|5|3|4|7|3|6|4|3|6|4|5|6|6|5|7|3|8|7|1|8|8|7|1|6|8|10|1|8|8|8|3|7|11|9|7|3|7|10|8|4|11|8|9|4|10|11|7|5|10|11|7|10|5|9|12|11|3|10|11|13|3|9|13|11|7|8|13|14|11|4|12|13|12|7|10|12|14|7|12|13|16|11|8|15|14|13|6|13|13|14|8|13|12|11|10|11|12|13|10|9|14|9|12|8|13|9|10|10|12|10|8|9|11|11|8|13|9|9|7|15|8|6|9|12|9|7|8|12|7|7|8|9|10|6|8|9|10|7|4|10|11|5|5|11|8|6|5|10|6|5|6|8|6|5|7|7|5|7|7|6|6|3|6|4|5|6|4|5|5|4|4|5|3|4|4|4|2|3|4|4|4|2|3|2|4|2|3|1|3|2|2|2|2|2|2|1|3|1|1|1|1|1|1|1|1|0|0|1</HistCounts>
      </HistItem>
    </Histograms>
    <Metadata>
      <MDI key="RepresentationType">ATHEMATIC</MDI>
      <MDI key="STATISTICS_COVARIANCES">5.114305718392027e-05</MDI>
      <MDI key="STATISTICS_EXCLUDEDVALUES"></MDI>
      <MDI key="STATISTICS_MAXIMUM">0.91487807035446</MDI>
      <MDI key="STATISTICS_MEAN">0.8985693641752</MDI>
      <MDI key="STATISTICS_MINIMUM">0.88082176446915</MDI>
      <MDI key="STATISTICS_SKIPFACTORX">1</MDI>
      <MDI key="STATISTICS_SKIPFACTORY">1</MDI>
      <MDI key="STATISTICS_STDDEV">0.0071514374208211</MDI>
    </Metadata>
  </PAMRasterBand>
</PAMDataset>
