<PAMDataset>
  <PAMRasterBand band="1">
    <Histograms>
      <HistItem>
        <HistMin>0.6922865509986877</HistMin>
        <HistMax>0.8037348985671997</HistMax>
        <BucketCount>256</BucketCount>
        <IncludeOutOfRange>1</IncludeOutOfRange>
        <Approximate>0</Approximate>
        <HistCounts>1|0|1|0|1|1|0|1|1|1|1|1|2|1|1|1|1|2|1|3|1|1|3|1|1|3|2|2|3|2|2|4|2|1|3|4|1|4|4|1|4|5|2|2|4|4|3|3|4|4|3|5|2|4|6|3|2|7|5|3|6|6|5|3|5|7|0|6|5|2|8|5|3|8|5|4|6|6|6|6|5|6|5|8|6|6|8|5|8|6|9|7|6|6|7|8|5|8|9|7|8|8|8|7|9|11|9|9|7|9|7|10|9|9|11|6|9|7|10|7|8|8|8|11|10|9|6|7|11|7|11|10|7|12|7|8|11|9|9|11|11|8|9|12|10|5|11|10|8|14|10|11|10|9|13|4|14|11|6|15|10|9|9|11|11|8|14|10|9|14|9|10|11|13|9|12|9|12|9|10|11|12|10|11|11|9|13|9|11|10|10|11|9|9|9|9|7|9|7|7|10|10|11|8|8|9|8|8|8|6|7|5|9|3|8|6|4|10|2|9|7|2|7|3|7|5|5|6|1|6|4|4|5|1|11|1|6|2|0|7|0|6|1|5|1|0|5|0|5|0|3|0|2|0|0|1</HistCounts>
      </HistItem>
    </Histograms>
    <Metadata>
      <MDI key="RepresentationType">ATHEMATIC</MDI>
      <MDI key="STATISTICS_COVARIANCES">0.0005916245205440874</MDI>
      <MDI key="STATISTICS_EXCLUDEDVALUES"></MDI>
      <MDI key="STATISTICS_MAXIMUM">0.8037348985672</MDI>
      <MDI key="STATISTICS_MEAN">0.75466456800699</MDI>
      <MDI key="STATISTICS_MINIMUM">0.69228655099869</MDI>
      <MDI key="STATISTICS_SKIPFACTORX">1</MDI>
      <MDI key="STATISTICS_SKIPFACTORY">1</MDI>
      <MDI key="STATISTICS_STDDEV">0.024323332842028</MDI>
    </Metadata>
  </PAMRasterBand>
</PAMDataset>
