<PAMDataset>
  <Metadata>
    <MDI key="DataType">Generic</MDI>
  </Metadata>
  <PAMRasterBand band="1">
    <Histograms>
      <HistItem>
        <HistMin>4.272172451019287</HistMin>
        <HistMax>4.488478183746338</HistMax>
        <BucketCount>256</BucketCount>
        <IncludeOutOfRange>1</IncludeOutOfRange>
        <Approximate>0</Approximate>
        <HistCounts>1|0|0|1|1|1|1|2|2|5|4|3|2|4|2|6|2|4|6|5|6|6|7|5|5|5|8|5|8|8|7|11|6|6|9|9|12|10|10|10|9|12|10|11|6|9|9|10|11|10|11|14|12|6|14|14|9|7|13|11|4|14|8|15|13|11|15|9|11|15|3|13|8|8|10|6|12|12|9|14|11|11|12|7|10|8|10|9|4|9|9|7|9|11|9|14|9|11|10|10|10|8|7|4|5|5|3|6|6|11|8|10|11|10|9|8|11|7|9|8|9|5|4|5|7|5|4|8|8|8|8|9|11|7|10|6|12|8|9|6|5|10|4|5|4|8|6|5|6|6|10|7|9|7|7|7|7|9|7|8|9|7|6|5|5|5|4|7|7|4|6|2|6|7|5|7|9|6|9|6|6|8|5|9|4|6|1|4|3|5|5|5|5|7|5|7|2|4|3|4|3|5|7|3|6|4|5|6|3|7|2|3|0|4|0|3|0|8|0|7|1|6|1|5|1|5|0|4|0|4|0|3|1|3|1|1|2|0|2|1|0|0|0|0|0|0|3|0|2|0|1|0|1|0|0|1</HistCounts>
      </HistItem>
    </Histograms>
    <Metadata>
      <MDI key="RepresentationType">ATHEMATIC</MDI>
      <MDI key="STATISTICS_COVARIANCES">0.002455090800004858</MDI>
      <MDI key="STATISTICS_EXCLUDEDVALUES"></MDI>
      <MDI key="STATISTICS_MAXIMUM">4.4884781837463</MDI>
      <MDI key="STATISTICS_MEAN">4.3631872951984</MDI>
      <MDI key="STATISTICS_MINIMUM">4.2721724510193</MDI>
      <MDI key="STATISTICS_SKIPFACTORX">1</MDI>
      <MDI key="STATISTICS_SKIPFACTORY">1</MDI>
      <MDI key="STATISTICS_STDDEV">0.04954887284293</MDI>
    </Metadata>
  </PAMRasterBand>
</PAMDataset>
