<PAMDataset>
  <Metadata>
    <MDI key="DataType">Generic</MDI>
  </Metadata>
  <PAMRasterBand band="1">
    <Histograms>
      <HistItem>
        <HistMin>1.021879434585571</HistMin>
        <HistMax>1.03485631942749</HistMax>
        <BucketCount>256</BucketCount>
        <IncludeOutOfRange>1</IncludeOutOfRange>
        <Approximate>0</Approximate>
        <HistCounts>1|0|1|0|0|2|0|1|1|2|1|2|2|0|4|2|3|4|2|3|2|1|5|4|3|2|2|4|4|6|3|4|3|3|8|5|2|6|3|6|7|4|5|4|5|8|6|6|6|5|9|5|11|7|5|8|5|7|11|5|11|7|4|10|7|12|8|5|11|8|9|7|7|11|9|10|9|10|10|8|11|9|8|11|8|9|11|8|9|12|6|10|10|6|14|6|13|6|7|12|12|11|11|9|13|9|11|12|8|14|12|11|12|12|12|10|15|13|11|13|11|12|16|9|18|9|13|10|15|12|12|15|12|9|13|9|11|14|6|9|11|7|13|6|10|12|9|10|10|8|8|7|12|12|6|9|10|6|13|8|9|5|7|11|6|6|12|4|10|3|9|9|6|11|4|4|8|4|10|3|5|9|2|6|5|4|5|4|5|3|4|4|5|4|4|4|3|5|3|3|7|4|4|4|1|4|6|3|4|4|3|2|2|5|4|3|4|1|5|1|5|4|0|5|2|1|5|0|4|2|0|5|0|2|2|0|2|1|1|1|0|2|2|0|1|1|1|1|0|0|1|0|1|0|0|1</HistCounts>
      </HistItem>
    </Histograms>
    <Metadata>
      <MDI key="RepresentationType">ATHEMATIC</MDI>
      <MDI key="STATISTICS_COVARIANCES">7.154918777919349e-06</MDI>
      <MDI key="STATISTICS_EXCLUDEDVALUES"></MDI>
      <MDI key="STATISTICS_MAXIMUM">1.0348563194275</MDI>
      <MDI key="STATISTICS_MEAN">1.0279110208154</MDI>
      <MDI key="STATISTICS_MINIMUM">1.0218794345856</MDI>
      <MDI key="STATISTICS_SKIPFACTORX">1</MDI>
      <MDI key="STATISTICS_SKIPFACTORY">1</MDI>
      <MDI key="STATISTICS_STDDEV">0.0026748679926156</MDI>
    </Metadata>
  </PAMRasterBand>
</PAMDataset>
