<PAMDataset>
  <Metadata>
    <MDI key="DataType">Generic</MDI>
  </Metadata>
  <PAMRasterBand band="1">
    <Histograms>
      <HistItem>
        <HistMin>0.9722086787223816</HistMin>
        <HistMax>0.9898612499237061</HistMax>
        <BucketCount>256</BucketCount>
        <IncludeOutOfRange>1</IncludeOutOfRange>
        <Approximate>0</Approximate>
        <HistCounts>1|0|1|0|0|2|0|1|0|0|4|0|4|1|0|5|0|3|1|2|2|0|6|1|4|2|3|4|2|2|3|6|3|3|4|5|7|3|6|2|7|4|5|8|1|8|3|8|5|3|8|3|8|6|3|10|2|9|5|6|9|2|9|5|8|9|4|8|5|11|7|6|8|6|8|7|10|8|9|7|8|10|9|9|5|10|7|7|10|9|10|9|7|11|12|8|11|6|9|15|6|13|7|13|10|11|14|5|16|5|14|11|10|13|3|20|8|11|11|8|16|6|16|11|12|9|9|11|14|9|10|12|9|11|9|15|10|10|9|16|12|6|12|12|12|12|8|15|8|14|3|15|11|6|12|7|9|11|11|8|10|9|12|5|13|6|9|10|9|10|5|10|5|11|7|8|7|5|7|4|9|3|10|4|8|5|8|6|6|6|5|10|1|7|4|5|6|5|5|4|7|1|6|5|3|5|3|4|5|3|4|4|3|4|3|6|1|6|2|5|2|5|2|3|3|3|3|4|1|3|2|4|2|3|1|4|1|3|1|3|2|2|2|1|2|1|1|2|2|0|1|0|1|0|0|1</HistCounts>
      </HistItem>
    </Histograms>
    <Metadata>
      <MDI key="RepresentationType">ATHEMATIC</MDI>
      <MDI key="STATISTICS_COVARIANCES">1.388095889069473e-05</MDI>
      <MDI key="STATISTICS_EXCLUDEDVALUES"></MDI>
      <MDI key="STATISTICS_MAXIMUM">0.98986124992371</MDI>
      <MDI key="STATISTICS_MEAN">0.9808777287975</MDI>
      <MDI key="STATISTICS_MINIMUM">0.97220867872238</MDI>
      <MDI key="STATISTICS_SKIPFACTORX">1</MDI>
      <MDI key="STATISTICS_SKIPFACTORY">1</MDI>
      <MDI key="STATISTICS_STDDEV">0.0037257158896908</MDI>
    </Metadata>
  </PAMRasterBand>
</PAMDataset>
