<PAMDataset>
  <Metadata>
    <MDI key="DataType">Generic</MDI>
  </Metadata>
  <PAMRasterBand band="1">
    <Histograms>
      <HistItem>
        <HistMin>0.8631535172462463</HistMin>
        <HistMax>0.8994887471199036</HistMax>
        <BucketCount>256</BucketCount>
        <IncludeOutOfRange>1</IncludeOutOfRange>
        <Approximate>0</Approximate>
        <HistCounts>1|1|0|1|1|1|0|0|1|1|1|1|0|2|2|1|1|2|2|2|1|2|1|1|1|3|3|1|2|2|2|4|2|3|4|3|1|3|2|4|3|2|4|2|5|2|4|4|5|2|4|4|4|4|4|5|3|5|5|4|4|6|4|5|5|4|5|6|2|8|7|4|8|5|5|9|6|4|8|6|8|6|7|7|7|9|7|9|7|9|9|9|8|9|7|11|6|11|9|10|5|12|11|6|8|13|8|9|7|12|8|10|9|14|7|10|12|12|8|10|11|12|8|11|13|9|11|11|14|10|10|12|14|9|11|14|12|10|11|13|13|10|10|12|14|12|7|12|13|12|8|11|11|14|8|10|12|12|11|11|8|11|11|11|12|8|7|14|11|11|8|11|9|11|8|9|9|11|10|7|12|7|8|7|10|11|7|6|8|10|8|9|3|10|7|9|9|6|5|7|9|5|11|3|7|6|9|4|10|2|7|4|10|3|5|3|7|3|6|4|5|2|5|3|4|3|3|1|5|3|2|2|2|2|3|2|1|2|2|2|2|2|0|2|2|1|0|1|2|0|0|1|1|0|0|1</HistCounts>
      </HistItem>
    </Histograms>
    <Metadata>
      <MDI key="RepresentationType">ATHEMATIC</MDI>
      <MDI key="STATISTICS_COVARIANCES">5.530338510727543e-05</MDI>
      <MDI key="STATISTICS_EXCLUDEDVALUES"></MDI>
      <MDI key="STATISTICS_MAXIMUM">0.8994887471199</MDI>
      <MDI key="STATISTICS_MEAN">0.8824297792092</MDI>
      <MDI key="STATISTICS_MINIMUM">0.86315351724625</MDI>
      <MDI key="STATISTICS_SKIPFACTORX">1</MDI>
      <MDI key="STATISTICS_SKIPFACTORY">1</MDI>
      <MDI key="STATISTICS_STDDEV">0.0074366245775402</MDI>
    </Metadata>
  </PAMRasterBand>
</PAMDataset>
