<PAMDataset>
  <Metadata>
    <MDI key="DataType">Generic</MDI>
  </Metadata>
  <PAMRasterBand band="1">
    <Histograms>
      <HistItem>
        <HistMin>4.217376232147217</HistMin>
        <HistMax>4.34372091293335</HistMax>
        <BucketCount>256</BucketCount>
        <IncludeOutOfRange>1</IncludeOutOfRange>
        <Approximate>0</Approximate>
        <HistCounts>1|1|2|1|2|2|3|1|2|2|2|3|1|3|3|3|2|4|4|4|4|6|3|5|6|3|7|4|7|7|5|7|5|6|7|5|7|7|8|7|6|9|10|8|8|7|9|7|6|11|7|11|9|9|7|8|9|11|9|10|10|9|9|7|10|9|7|10|9|14|11|11|12|13|12|9|12|10|8|9|10|9|9|12|13|11|12|11|10|13|10|7|10|7|10|8|11|7|13|8|10|11|11|10|11|10|4|13|5|6|9|7|8|11|8|9|9|9|7|9|10|6|7|10|7|7|11|9|6|8|9|11|8|8|11|8|8|8|8|8|8|5|10|9|8|8|8|8|9|9|8|8|9|8|7|10|6|6|7|8|4|12|4|10|5|8|7|9|5|12|3|11|4|7|4|5|3|7|5|5|6|7|1|7|4|3|9|2|8|5|5|9|4|4|6|1|8|0|6|6|0|10|1|8|1|1|5|1|7|1|4|5|4|8|0|4|4|0|6|0|1|4|4|3|3|2|3|4|3|4|1|0|4|1|3|1|1|4|1|3|0|0|1|0|2|1|0|2|0|1|1|0|1|0|0|1</HistCounts>
      </HistItem>
    </Histograms>
    <Metadata>
      <MDI key="RepresentationType">ATHEMATIC</MDI>
      <MDI key="STATISTICS_COVARIANCES">0.0008031933659736346</MDI>
      <MDI key="STATISTICS_EXCLUDEDVALUES"></MDI>
      <MDI key="STATISTICS_MAXIMUM">4.3437209129333</MDI>
      <MDI key="STATISTICS_MEAN">4.27303802073</MDI>
      <MDI key="STATISTICS_MINIMUM">4.2173762321472</MDI>
      <MDI key="STATISTICS_SKIPFACTORX">1</MDI>
      <MDI key="STATISTICS_SKIPFACTORY">1</MDI>
      <MDI key="STATISTICS_STDDEV">0.028340666293749</MDI>
    </Metadata>
  </PAMRasterBand>
</PAMDataset>
