<PAMDataset>
  <Metadata>
    <MDI key="DataType">Generic</MDI>
  </Metadata>
  <PAMRasterBand band="1">
    <Histograms>
      <HistItem>
        <HistMin>4.273844242095947</HistMin>
        <HistMax>4.517135620117188</HistMax>
        <BucketCount>256</BucketCount>
        <IncludeOutOfRange>1</IncludeOutOfRange>
        <Approximate>0</Approximate>
        <HistCounts>1|1|2|2|3|0|3|2|4|3|4|4|5|6|5|5|3|7|5|5|6|5|7|8|9|7|7|8|5|9|6|6|8|9|8|9|9|8|10|12|12|14|5|10|13|15|14|4|15|16|9|9|16|16|9|10|14|8|14|12|10|9|10|12|12|13|11|10|13|12|8|7|10|9|7|8|8|9|11|12|10|11|10|9|10|7|7|10|7|8|6|8|9|10|11|10|13|12|11|9|11|10|8|4|10|6|5|4|10|9|9|11|11|8|9|13|11|8|10|11|6|6|4|4|4|5|5|9|9|8|9|9|9|9|8|9|9|7|9|10|6|5|3|0|0|0|5|9|7|8|7|10|9|6|10|6|11|6|8|7|8|8|7|8|4|2|1|2|1|5|5|9|5|8|6|8|6|6|8|5|9|7|4|9|4|7|5|5|7|1|3|0|0|0|6|0|8|0|8|4|6|5|4|3|4|3|6|5|4|2|5|4|2|4|1|1|2|0|0|0|1|2|2|2|2|2|3|2|4|2|1|2|1|2|1|2|1|1|1|1|1|1|1|0|0|0|0|0|0|0|0|1|0|1|0|1</HistCounts>
      </HistItem>
    </Histograms>
    <Metadata>
      <MDI key="RepresentationType">ATHEMATIC</MDI>
      <MDI key="STATISTICS_COVARIANCES">0.002990146165802077</MDI>
      <MDI key="STATISTICS_EXCLUDEDVALUES"></MDI>
      <MDI key="STATISTICS_MAXIMUM">4.5171356201172</MDI>
      <MDI key="STATISTICS_MEAN">4.3715005129576</MDI>
      <MDI key="STATISTICS_MINIMUM">4.2738442420959</MDI>
      <MDI key="STATISTICS_SKIPFACTORX">1</MDI>
      <MDI key="STATISTICS_SKIPFACTORY">1</MDI>
      <MDI key="STATISTICS_STDDEV">0.054682228976168</MDI>
    </Metadata>
  </PAMRasterBand>
</PAMDataset>
