<PAMDataset>
  <Metadata>
    <MDI key="DataType">Generic</MDI>
  </Metadata>
  <PAMRasterBand band="1">
    <Histograms>
      <HistItem>
        <HistMin>4.074097633361816</HistMin>
        <HistMax>4.100954055786133</HistMax>
        <BucketCount>256</BucketCount>
        <IncludeOutOfRange>1</IncludeOutOfRange>
        <Approximate>0</Approximate>
        <HistCounts>1|0|2|0|2|0|1|2|1|3|0|2|3|1|4|1|2|3|3|5|4|0|4|6|2|6|3|0|6|6|4|6|3|6|5|3|6|2|5|2|6|4|3|8|1|5|5|2|6|3|4|5|4|8|2|5|6|4|7|3|3|9|5|6|3|4|8|5|10|2|5|10|6|7|7|7|10|8|11|5|8|8|10|10|7|7|9|12|7|8|7|9|6|10|9|5|18|6|12|12|6|18|6|9|16|9|15|7|10|16|7|15|9|10|12|9|14|13|7|12|17|8|12|12|10|22|5|7|17|10|17|5|7|16|6|20|4|7|16|4|19|1|5|19|2|21|2|6|19|3|10|13|3|18|6|11|14|2|12|10|3|14|10|9|14|4|9|9|5|12|9|2|19|3|8|11|3|8|9|2|11|7|7|13|0|10|9|0|12|7|0|16|0|1|17|1|0|16|0|14|0|1|12|1|0|11|0|0|13|1|0|12|1|0|10|1|0|10|1|0|9|0|0|11|0|0|7|0|7|0|0|6|0|0|5|0|0|6|0|0|5|0|0|4|0|0|2|0|0|2|0|0|2|0|0|1</HistCounts>
      </HistItem>
    </Histograms>
    <Metadata>
      <MDI key="RepresentationType">ATHEMATIC</MDI>
      <MDI key="STATISTICS_COVARIANCES">3.265564142859168e-05</MDI>
      <MDI key="STATISTICS_EXCLUDEDVALUES"></MDI>
      <MDI key="STATISTICS_MAXIMUM">4.1009540557861</MDI>
      <MDI key="STATISTICS_MEAN">4.0873118019104</MDI>
      <MDI key="STATISTICS_MINIMUM">4.0740976333618</MDI>
      <MDI key="STATISTICS_SKIPFACTORX">1</MDI>
      <MDI key="STATISTICS_SKIPFACTORY">1</MDI>
      <MDI key="STATISTICS_STDDEV">0.0057145114776848</MDI>
    </Metadata>
  </PAMRasterBand>
</PAMDataset>
