<PAMDataset>
  <Metadata>
    <MDI key="DataType">Generic</MDI>
  </Metadata>
  <PAMRasterBand band="1">
    <Histograms>
      <HistItem>
        <HistMin>0.9592605233192444</HistMin>
        <HistMax>0.9765607118606567</HistMax>
        <BucketCount>256</BucketCount>
        <IncludeOutOfRange>1</IncludeOutOfRange>
        <Approximate>0</Approximate>
        <HistCounts>1|1|0|1|1|0|2|1|0|2|1|1|1|0|2|1|2|2|1|1|1|4|0|3|2|0|4|1|0|4|1|3|2|2|4|2|4|3|3|4|2|4|2|3|4|3|3|5|3|6|2|3|7|2|6|2|1|8|3|5|2|3|8|3|0|7|3|10|2|1|7|1|10|2|2|8|3|9|4|4|8|5|3|8|4|9|6|4|9|4|12|6|5|11|6|17|4|6|14|8|2|17|6|18|7|6|16|8|19|5|8|15|9|22|5|7|20|7|7|22|7|19|7|4|29|4|19|6|6|24|6|22|4|7|21|5|3|24|6|20|6|5|24|5|18|3|7|21|6|18|5|8|18|7|3|20|5|18|5|2|23|3|16|3|6|19|5|15|4|7|17|4|1|18|3|17|2|3|20|2|15|1|4|19|3|14|3|5|17|2|4|12|4|15|2|5|14|5|12|3|4|12|5|9|3|5|11|4|5|10|3|9|3|5|10|2|7|3|4|7|3|7|4|4|5|4|3|7|2|2|4|1|5|2|3|3|0|5|0|3|1|0|3|0|1|1|0|2|0|1|1|0|1|0|0|1</HistCounts>
      </HistItem>
    </Histograms>
    <Metadata>
      <MDI key="RepresentationType">ATHEMATIC</MDI>
      <MDI key="STATISTICS_COVARIANCES">1.249932839218676e-05</MDI>
      <MDI key="STATISTICS_EXCLUDEDVALUES"></MDI>
      <MDI key="STATISTICS_MAXIMUM">0.97656071186066</MDI>
      <MDI key="STATISTICS_MEAN">0.9685049738735</MDI>
      <MDI key="STATISTICS_MINIMUM">0.95926052331924</MDI>
      <MDI key="STATISTICS_SKIPFACTORX">1</MDI>
      <MDI key="STATISTICS_SKIPFACTORY">1</MDI>
      <MDI key="STATISTICS_STDDEV">0.0035354389249691</MDI>
    </Metadata>
  </PAMRasterBand>
</PAMDataset>
