<PAMDataset>
  <Metadata>
    <MDI key="DataType">Generic</MDI>
  </Metadata>
  <PAMRasterBand band="1">
    <Histograms>
      <HistItem>
        <HistMin>4.096138954162598</HistMin>
        <HistMax>4.13076639175415</HistMax>
        <BucketCount>256</BucketCount>
        <IncludeOutOfRange>1</IncludeOutOfRange>
        <Approximate>0</Approximate>
        <HistCounts>2|0|2|0|1|1|1|2|3|3|2|3|4|1|3|3|1|6|2|3|5|3|5|3|4|2|4|3|3|5|4|7|1|5|6|8|6|1|8|6|5|5|7|7|9|7|3|9|5|8|4|6|8|5|10|3|7|12|7|7|6|8|11|8|8|7|11|9|3|13|7|12|7|1|13|10|12|3|5|14|7|11|2|8|11|9|2|12|9|11|10|4|14|12|12|9|7|11|14|10|9|8|18|4|11|15|4|22|3|7|22|4|22|5|4|25|3|16|12|4|16|11|3|15|10|17|14|2|20|10|11|9|8|12|14|3|9|14|7|8|14|8|6|14|10|0|13|11|0|23|1|1|24|0|10|14|0|18|2|0|20|0|6|14|0|6|16|0|5|14|0|5|14|2|5|9|5|6|7|5|9|2|5|9|0|7|6|0|8|6|0|7|8|0|7|6|0|8|6|4|4|7|4|4|6|5|8|0|5|8|0|3|9|0|3|6|0|4|7|0|4|6|0|4|4|0|2|5|0|0|6|1|2|5|1|2|4|0|1|3|0|0|3|0|0|2|0|0|3|0|0|2|0|0|0|1</HistCounts>
      </HistItem>
    </Histograms>
    <Metadata>
      <MDI key="RepresentationType">ATHEMATIC</MDI>
      <MDI key="STATISTICS_COVARIANCES">5.656586100879196e-05</MDI>
      <MDI key="STATISTICS_EXCLUDEDVALUES"></MDI>
      <MDI key="STATISTICS_MAXIMUM">4.1307663917542</MDI>
      <MDI key="STATISTICS_MEAN">4.1121777933836</MDI>
      <MDI key="STATISTICS_MINIMUM">4.0961389541626</MDI>
      <MDI key="STATISTICS_SKIPFACTORX">1</MDI>
      <MDI key="STATISTICS_SKIPFACTORY">1</MDI>
      <MDI key="STATISTICS_STDDEV">0.0075210279223516</MDI>
    </Metadata>
  </PAMRasterBand>
</PAMDataset>
