<PAMDataset>
  <PAMRasterBand band="1">
    <Histograms>
      <HistItem>
        <HistMin>1.052133321762085</HistMin>
        <HistMax>1.0636066198349</HistMax>
        <BucketCount>256</BucketCount>
        <IncludeOutOfRange>1</IncludeOutOfRange>
        <Approximate>0</Approximate>
        <HistCounts>1|0|1|0|1|1|0|1|1|2|1|1|2|1|3|2|1|3|2|2|3|1|3|3|4|3|1|5|2|5|5|8|3|7|3|4|5|4|6|5|6|3|7|6|5|7|4|8|4|9|6|6|7|7|8|6|8|6|7|6|6|9|9|10|7|9|9|7|10|10|6|9|5|11|9|11|9|8|10|7|11|8|10|10|12|12|10|11|7|11|10|9|13|8|13|16|11|8|11|8|13|8|12|10|11|11|10|14|8|12|9|14|12|12|8|10|12|8|13|10|12|12|13|13|8|13|15|20|9|12|11|14|9|13|10|14|8|9|16|7|10|10|11|9|9|10|11|9|7|10|11|12|11|5|10|8|7|11|10|11|10|7|7|8|9|8|6|8|5|12|9|6|6|6|6|8|6|7|5|4|6|6|6|5|5|5|5|4|5|5|5|6|4|4|4|3|5|3|4|3|4|2|3|3|3|4|4|3|3|4|3|3|4|3|4|4|2|2|4|2|2|2|1|3|2|1|2|2|1|2|1|1|2|1|2|1|1|1|1|1|2|1|0|1|1|1|0|1|0|1|1|0|1|0|0|1</HistCounts>
      </HistItem>
    </Histograms>
    <Metadata>
      <MDI key="RepresentationType">ATHEMATIC</MDI>
      <MDI key="STATISTICS_COVARIANCES">5.375336823684677e-06</MDI>
      <MDI key="STATISTICS_EXCLUDEDVALUES"></MDI>
      <MDI key="STATISTICS_MAXIMUM">1.0636066198349</MDI>
      <MDI key="STATISTICS_MEAN">1.0574289496243</MDI>
      <MDI key="STATISTICS_MINIMUM">1.0521333217621</MDI>
      <MDI key="STATISTICS_SKIPFACTORX">1</MDI>
      <MDI key="STATISTICS_SKIPFACTORY">1</MDI>
      <MDI key="STATISTICS_STDDEV">0.0023184772639999</MDI>
    </Metadata>
  </PAMRasterBand>
</PAMDataset>
