<PAMDataset>
  <Metadata>
    <MDI key="DataType">Generic</MDI>
  </Metadata>
  <PAMRasterBand band="1">
    <Histograms>
      <HistItem>
        <HistMin>1.018494367599487</HistMin>
        <HistMax>1.033504366874695</HistMax>
        <BucketCount>256</BucketCount>
        <IncludeOutOfRange>1</IncludeOutOfRange>
        <Approximate>0</Approximate>
        <HistCounts>1|0|1|0|1|1|0|1|1|0|2|1|1|1|0|2|1|4|0|2|1|3|2|1|1|2|4|1|2|2|3|4|3|4|3|6|3|3|6|3|4|4|9|3|7|5|5|7|5|9|5|7|7|5|9|6|6|6|8|7|8|8|7|9|8|6|8|5|10|11|4|6|11|4|10|11|4|12|9|7|8|14|2|10|12|9|7|14|11|3|15|8|9|11|8|8|11|13|5|15|8|9|14|8|17|8|14|9|13|15|8|12|13|11|9|15|12|10|12|11|11|15|6|12|15|10|5|15|11|9|10|8|12|12|10|9|13|11|8|10|12|12|10|10|9|9|13|10|10|13|10|8|12|9|10|13|7|12|8|11|11|9|9|8|9|7|9|8|6|7|9|6|5|6|5|8|6|4|7|6|5|7|8|5|5|5|8|8|3|8|5|7|7|6|5|6|4|6|8|2|4|8|2|5|4|7|3|6|6|2|6|3|5|2|5|1|3|4|4|2|0|5|1|4|1|3|2|2|3|1|4|0|3|2|1|2|1|2|2|2|1|3|1|2|1|1|1|1|0|1|1|0|0|0|0|1</HistCounts>
      </HistItem>
    </Histograms>
    <Metadata>
      <MDI key="RepresentationType">ATHEMATIC</MDI>
      <MDI key="STATISTICS_COVARIANCES">9.482286786864637e-06</MDI>
      <MDI key="STATISTICS_EXCLUDEDVALUES"></MDI>
      <MDI key="STATISTICS_MAXIMUM">1.0335043668747</MDI>
      <MDI key="STATISTICS_MEAN">1.0257607313991</MDI>
      <MDI key="STATISTICS_MINIMUM">1.0184943675995</MDI>
      <MDI key="STATISTICS_SKIPFACTORX">1</MDI>
      <MDI key="STATISTICS_SKIPFACTORY">1</MDI>
      <MDI key="STATISTICS_STDDEV">0.0030793321981989</MDI>
    </Metadata>
  </PAMRasterBand>
</PAMDataset>
