<PAMDataset>
  <Metadata>
    <MDI key="DataType">Generic</MDI>
  </Metadata>
  <PAMRasterBand band="1">
    <Histograms>
      <HistItem>
        <HistMin>0.8905442953109741</HistMin>
        <HistMax>0.9183287024497986</HistMax>
        <BucketCount>256</BucketCount>
        <IncludeOutOfRange>1</IncludeOutOfRange>
        <Approximate>0</Approximate>
        <HistCounts>1|0|0|1|1|0|1|1|1|2|1|1|1|1|2|0|3|1|0|2|2|1|1|1|4|2|1|3|3|1|5|1|4|3|1|6|3|2|4|1|7|5|2|6|6|1|7|2|6|7|0|9|7|1|8|2|8|9|3|5|9|4|7|6|3|11|5|7|6|5|9|6|8|7|6|10|11|6|8|4|7|10|6|7|9|7|9|11|5|9|9|11|7|8|8|10|8|9|6|12|11|10|8|6|10|13|7|10|8|11|10|11|7|13|10|14|8|7|12|12|10|12|7|12|11|12|6|15|10|14|10|9|12|12|12|11|9|12|12|10|12|15|9|15|9|9|12|12|11|11|11|11|11|9|9|12|10|10|10|12|12|9|8|10|14|6|13|2|15|11|12|3|11|12|8|7|12|7|11|8|6|9|12|4|7|8|9|6|7|2|12|7|7|4|8|6|7|3|8|6|6|5|2|8|7|3|2|6|5|5|5|4|6|3|5|3|4|4|3|2|3|4|4|2|2|4|4|3|3|3|3|2|2|3|2|3|0|3|3|2|2|1|3|2|0|2|1|0|1|1|1|0|1|0|0|1</HistCounts>
      </HistItem>
    </Histograms>
    <Metadata>
      <MDI key="RepresentationType">ATHEMATIC</MDI>
      <MDI key="STATISTICS_COVARIANCES">3.317021299933966e-05</MDI>
      <MDI key="STATISTICS_EXCLUDEDVALUES"></MDI>
      <MDI key="STATISTICS_MAXIMUM">0.9183287024498</MDI>
      <MDI key="STATISTICS_MEAN">0.90473272290081</MDI>
      <MDI key="STATISTICS_MINIMUM">0.89054429531097</MDI>
      <MDI key="STATISTICS_SKIPFACTORX">1</MDI>
      <MDI key="STATISTICS_SKIPFACTORY">1</MDI>
      <MDI key="STATISTICS_STDDEV">0.0057593587316072</MDI>
    </Metadata>
  </PAMRasterBand>
</PAMDataset>
