<PAMDataset>
  <PAMRasterBand band="1">
    <Histograms>
      <HistItem>
        <HistMin>0.02439366653561592</HistMin>
        <HistMax>6.269988536834717</HistMax>
        <BucketCount>256</BucketCount>
        <IncludeOutOfRange>1</IncludeOutOfRange>
        <Approximate>0</Approximate>
        <HistCounts>11|25|39|36|46|46|48|51|55|56|60|54|30|24|18|5|9|7|6|0|0|0|0|0|1|0|0|0|0|0|0|1|0|0|0|0|0|0|0|0|0|0|1|0|1|0|0|0|0|0|0|0|0|0|0|0|0|0|0|1|0|0|0|0|0|0|1|0|0|0|0|0|0|0|0|0|1|0|7|8|8|6|0|1|1|0|0|0|0|0|0|0|0|0|0|0|0|0|0|0|0|1|0|0|0|0|0|0|0|0|0|1|0|0|1|1|0|0|0|0|0|0|0|0|0|0|0|0|0|0|0|0|0|0|0|0|1|0|0|0|0|4|7|10|6|1|1|0|0|0|0|0|0|0|0|0|0|0|0|0|0|0|0|1|1|0|0|0|0|0|0|0|0|1|0|0|0|0|0|0|0|0|0|0|1|0|0|0|0|0|0|0|0|0|0|0|0|1|0|0|0|2|0|1|4|3|11|7|1|0|0|0|0|0|0|0|5|11|10|25|23|20|26|15|30|23|10|32|33|2|30|30|13|20|32|19|23|25|17|26|28|23|23|27|27|23|31|29|23|30|29|25|19|21|9|1</HistCounts>
      </HistItem>
    </Histograms>
    <Metadata>
      <MDI key="RepresentationType">ATHEMATIC</MDI>
      <MDI key="STATISTICS_COVARIANCES">7.277961185324835</MDI>
      <MDI key="STATISTICS_EXCLUDEDVALUES"></MDI>
      <MDI key="STATISTICS_MAXIMUM">6.2699885368347</MDI>
      <MDI key="STATISTICS_MEAN">3.466896231299</MDI>
      <MDI key="STATISTICS_MINIMUM">0.024393666535616</MDI>
      <MDI key="STATISTICS_SKIPFACTORX">1</MDI>
      <MDI key="STATISTICS_SKIPFACTORY">1</MDI>
      <MDI key="STATISTICS_STDDEV">2.6977696686939</MDI>
    </Metadata>
  </PAMRasterBand>
</PAMDataset>
