<PAMDataset>
  <Metadata>
    <MDI key="DataType">Generic</MDI>
  </Metadata>
  <PAMRasterBand band="1">
    <Histograms>
      <HistItem>
        <HistMin>0.919322669506073</HistMin>
        <HistMax>0.9454444646835327</HistMax>
        <BucketCount>256</BucketCount>
        <IncludeOutOfRange>1</IncludeOutOfRange>
        <Approximate>0</Approximate>
        <HistCounts>1|0|0|0|1|1|0|1|1|1|1|1|2|1|1|0|1|4|1|0|3|2|4|0|2|4|2|2|3|3|4|2|0|4|6|3|0|3|5|4|3|3|4|6|2|5|5|5|2|3|6|6|3|4|6|6|3|5|7|6|3|4|7|8|3|6|5|7|7|6|5|6|8|1|11|5|10|2|6|10|7|5|6|9|6|7|8|9|9|8|5|13|7|8|7|8|10|8|8|10|10|9|7|11|10|11|7|9|10|11|10|8|13|8|13|9|11|10|10|9|10|13|9|13|8|10|13|10|11|9|12|10|14|7|14|13|10|11|13|11|12|8|15|11|13|6|13|11|13|10|12|11|11|10|11|13|7|12|10|13|8|14|7|12|6|10|10|10|8|10|9|10|8|9|7|9|10|7|11|7|11|7|9|8|7|10|8|9|5|11|5|6|10|8|7|8|7|7|7|7|4|8|6|6|7|7|5|6|5|4|7|2|7|2|7|2|5|3|6|3|5|3|5|2|6|1|6|2|4|3|4|2|4|1|4|1|4|0|4|0|3|0|4|0|2|0|3|0|1|0|2|0|0|1|0|1</HistCounts>
      </HistItem>
    </Histograms>
    <Metadata>
      <MDI key="RepresentationType">ATHEMATIC</MDI>
      <MDI key="STATISTICS_COVARIANCES">2.977804329817871e-05</MDI>
      <MDI key="STATISTICS_EXCLUDEDVALUES"></MDI>
      <MDI key="STATISTICS_MAXIMUM">0.94544446468353</MDI>
      <MDI key="STATISTICS_MEAN">0.93296247437596</MDI>
      <MDI key="STATISTICS_MINIMUM">0.91932266950607</MDI>
      <MDI key="STATISTICS_SKIPFACTORX">1</MDI>
      <MDI key="STATISTICS_SKIPFACTORY">1</MDI>
      <MDI key="STATISTICS_STDDEV">0.0054569261767206</MDI>
    </Metadata>
  </PAMRasterBand>
</PAMDataset>
