<PAMDataset>
  <Metadata>
    <MDI key="DataType">Generic</MDI>
  </Metadata>
  <PAMRasterBand band="1">
    <Histograms>
      <HistItem>
        <HistMin>0.5071313381195068</HistMin>
        <HistMax>0.7310094237327576</HistMax>
        <BucketCount>256</BucketCount>
        <IncludeOutOfRange>1</IncludeOutOfRange>
        <Approximate>0</Approximate>
        <HistCounts>1|0|1|0|0|0|1|0|1|0|0|0|0|0|0|0|0|1|1|2|0|3|0|1|0|3|0|3|0|2|1|3|1|2|1|1|3|2|2|3|2|3|4|4|4|1|5|0|5|2|5|2|2|4|3|7|3|6|3|6|3|4|5|2|5|3|5|3|5|6|5|7|8|6|8|4|6|5|5|6|5|6|6|7|8|8|8|7|7|4|5|4|7|5|8|6|7|8|8|6|9|6|8|6|4|8|6|5|7|7|8|7|8|7|9|6|8|5|9|6|8|8|7|9|8|9|7|6|8|7|8|8|8|9|8|6|9|7|8|8|10|8|9|7|8|9|5|10|7|13|1|14|4|14|4|11|11|5|13|8|13|5|10|9|9|9|8|11|8|11|9|12|7|10|10|12|10|9|11|11|10|8|11|9|9|13|10|10|13|8|14|10|9|12|9|11|10|15|10|13|10|10|14|9|11|16|14|10|10|11|11|12|8|10|12|10|11|9|8|10|8|8|8|6|10|8|8|7|6|10|5|5|7|6|7|5|5|5|6|4|3|6|3|2|4|2|3|4|1|2|2|0|1|1|0|1</HistCounts>
      </HistItem>
    </Histograms>
    <Metadata>
      <MDI key="RepresentationType">ATHEMATIC</MDI>
      <MDI key="STATISTICS_COVARIANCES">0.002442280512717273</MDI>
      <MDI key="STATISTICS_EXCLUDEDVALUES"></MDI>
      <MDI key="STATISTICS_MAXIMUM">0.73100942373276</MDI>
      <MDI key="STATISTICS_MEAN">0.64056554868817</MDI>
      <MDI key="STATISTICS_MINIMUM">0.50713133811951</MDI>
      <MDI key="STATISTICS_SKIPFACTORX">1</MDI>
      <MDI key="STATISTICS_SKIPFACTORY">1</MDI>
      <MDI key="STATISTICS_STDDEV">0.049419434564929</MDI>
    </Metadata>
  </PAMRasterBand>
</PAMDataset>
