<PAMDataset>
  <Metadata>
    <MDI key="DataType">Generic</MDI>
  </Metadata>
  <PAMRasterBand band="1">
    <Histograms>
      <HistItem>
        <HistMin>0.7464553117752075</HistMin>
        <HistMax>0.8301028609275818</HistMax>
        <BucketCount>256</BucketCount>
        <IncludeOutOfRange>1</IncludeOutOfRange>
        <Approximate>0</Approximate>
        <HistCounts>1|0|0|1|0|0|1|1|1|1|1|0|1|1|1|0|2|2|0|3|2|1|2|2|1|1|2|2|2|3|3|2|3|3|3|1|3|4|2|1|5|3|2|2|7|2|2|3|4|3|4|3|1|8|3|0|7|7|2|4|7|5|1|7|5|2|7|5|4|8|5|2|7|7|3|7|8|3|5|10|6|5|8|6|4|6|8|6|5|8|7|7|8|12|8|5|9|10|5|8|11|9|7|11|6|8|9|6|11|10|8|9|9|11|10|9|10|11|7|8|11|10|8|11|9|7|10|11|5|10|12|8|8|11|11|8|11|13|9|10|13|8|10|9|10|8|11|10|10|10|9|12|10|10|9|12|10|13|10|9|13|12|7|11|12|6|12|12|10|14|9|12|14|11|11|11|12|16|2|11|14|3|15|10|4|23|0|8|18|1|15|10|0|23|0|1|20|0|7|15|1|21|0|3|15|1|8|9|2|13|4|6|9|2|8|6|3|8|3|7|7|3|8|5|5|6|3|4|5|4|5|3|4|4|3|4|1|5|2|3|4|1|4|1|2|3|0|3|0|1|2|0|2|0|1|1</HistCounts>
      </HistItem>
    </Histograms>
    <Metadata>
      <MDI key="RepresentationType">ATHEMATIC</MDI>
      <MDI key="STATISTICS_COVARIANCES">0.0003163248727910843</MDI>
      <MDI key="STATISTICS_EXCLUDEDVALUES"></MDI>
      <MDI key="STATISTICS_MAXIMUM">0.83010286092758</MDI>
      <MDI key="STATISTICS_MEAN">0.79276561073959</MDI>
      <MDI key="STATISTICS_MINIMUM">0.74645531177521</MDI>
      <MDI key="STATISTICS_SKIPFACTORX">1</MDI>
      <MDI key="STATISTICS_SKIPFACTORY">1</MDI>
      <MDI key="STATISTICS_STDDEV">0.017785524248419</MDI>
    </Metadata>
  </PAMRasterBand>
</PAMDataset>
