<PAMDataset>
  <Metadata>
    <MDI key="DataType">Generic</MDI>
  </Metadata>
  <PAMRasterBand band="1">
    <Histograms>
      <HistItem>
        <HistMin>1.034155011177063</HistMin>
        <HistMax>1.045790314674377</HistMax>
        <BucketCount>256</BucketCount>
        <IncludeOutOfRange>1</IncludeOutOfRange>
        <Approximate>0</Approximate>
        <HistCounts>1|1|0|2|0|1|1|1|2|3|1|2|0|1|3|4|1|3|2|1|4|2|2|4|2|4|2|3|5|4|3|2|5|2|7|5|5|6|6|5|6|7|5|7|3|8|6|5|7|7|3|5|10|5|7|6|7|7|6|6|7|10|3|10|5|6|9|9|6|7|11|3|11|8|7|9|10|9|8|10|11|12|8|10|9|7|13|10|10|11|9|12|9|12|10|11|12|10|13|11|9|13|17|11|12|9|12|11|10|6|11|11|8|13|13|6|11|10|11|9|14|10|10|11|10|10|11|10|12|10|11|11|9|10|10|13|10|12|12|9|14|10|12|14|10|14|17|7|10|13|8|13|10|10|8|9|11|7|10|7|10|6|8|7|6|9|8|13|7|6|7|7|7|8|5|6|7|7|5|7|4|6|8|4|6|5|6|7|4|9|6|4|4|5|3|6|4|4|3|8|2|3|6|2|3|3|2|3|3|2|3|2|2|2|3|2|2|3|2|3|2|1|2|2|2|3|1|1|3|1|2|2|2|4|2|1|3|2|1|2|2|1|1|1|1|2|1|1|1|0|1|1|1|0|0|1</HistCounts>
      </HistItem>
    </Histograms>
    <Metadata>
      <MDI key="RepresentationType">ATHEMATIC</MDI>
      <MDI key="STATISTICS_COVARIANCES">5.760162146113683e-06</MDI>
      <MDI key="STATISTICS_EXCLUDEDVALUES"></MDI>
      <MDI key="STATISTICS_MAXIMUM">1.0457903146744</MDI>
      <MDI key="STATISTICS_MEAN">1.0395991887152</MDI>
      <MDI key="STATISTICS_MINIMUM">1.0341550111771</MDI>
      <MDI key="STATISTICS_SKIPFACTORX">1</MDI>
      <MDI key="STATISTICS_SKIPFACTORY">1</MDI>
      <MDI key="STATISTICS_STDDEV">0.0024000337802026</MDI>
    </Metadata>
  </PAMRasterBand>
</PAMDataset>
