<PAMDataset>
  <Metadata>
    <MDI key="DataType">Generic</MDI>
  </Metadata>
  <PAMRasterBand band="1">
    <Histograms>
      <HistItem>
        <HistMin>4.194984436035156</HistMin>
        <HistMax>4.295080184936523</HistMax>
        <BucketCount>256</BucketCount>
        <IncludeOutOfRange>1</IncludeOutOfRange>
        <Approximate>0</Approximate>
        <HistCounts>1|1|1|1|0|0|3|2|4|3|4|4|3|4|2|2|5|2|3|3|5|5|6|7|5|6|8|3|7|4|5|7|7|6|8|7|8|6|8|5|7|4|11|7|9|8|8|10|9|7|10|8|9|7|8|9|9|10|8|10|9|12|10|10|10|9|11|11|11|11|12|8|13|12|10|13|10|9|13|10|12|12|10|11|11|10|10|11|11|10|9|8|10|12|10|8|12|11|10|9|9|9|10|10|10|10|9|9|6|11|10|8|9|10|11|9|9|7|9|9|12|13|9|6|10|11|8|11|8|10|9|9|10|7|7|10|10|10|8|8|10|10|8|7|8|9|9|7|8|10|7|6|9|8|7|9|7|8|9|7|9|7|6|6|6|5|5|5|6|5|5|5|8|7|5|6|6|6|4|5|6|9|3|5|3|5|4|5|5|6|3|5|4|6|4|4|3|5|3|2|4|4|2|5|2|2|2|5|3|2|5|3|3|3|3|4|3|3|2|4|2|1|2|2|0|0|3|0|1|2|2|1|2|1|2|2|0|3|0|2|1|0|2|0|1|1|0|1|0|0|1|0|0|0|0|1</HistCounts>
      </HistItem>
    </Histograms>
    <Metadata>
      <MDI key="RepresentationType">ATHEMATIC</MDI>
      <MDI key="STATISTICS_COVARIANCES">0.0004633910826985829</MDI>
      <MDI key="STATISTICS_EXCLUDEDVALUES"></MDI>
      <MDI key="STATISTICS_MAXIMUM">4.2950801849365</MDI>
      <MDI key="STATISTICS_MEAN">4.2376258990169</MDI>
      <MDI key="STATISTICS_MINIMUM">4.1949844360352</MDI>
      <MDI key="STATISTICS_SKIPFACTORX">1</MDI>
      <MDI key="STATISTICS_SKIPFACTORY">1</MDI>
      <MDI key="STATISTICS_STDDEV">0.021526520450332</MDI>
    </Metadata>
  </PAMRasterBand>
</PAMDataset>
