<PAMDataset>
  <Metadata>
    <MDI key="DataType">Generic</MDI>
  </Metadata>
  <PAMRasterBand band="1">
    <Histograms>
      <HistItem>
        <HistMin>1.030895471572876</HistMin>
        <HistMax>1.04543399810791</HistMax>
        <BucketCount>256</BucketCount>
        <IncludeOutOfRange>1</IncludeOutOfRange>
        <Approximate>0</Approximate>
        <HistCounts>1|0|1|0|1|0|0|2|1|3|1|2|1|3|0|4|1|0|4|1|2|1|5|3|0|3|3|3|3|4|3|2|3|2|4|2|5|2|4|3|2|5|4|3|4|6|1|3|8|3|5|7|6|4|5|7|7|6|7|9|4|6|7|8|6|7|8|9|7|5|10|8|9|6|9|6|6|12|5|11|9|8|7|9|10|10|9|7|12|8|10|9|12|8|9|9|7|14|10|9|11|8|9|15|8|10|10|5|13|10|11|10|11|10|10|11|12|8|14|10|11|15|9|10|14|11|9|13|8|11|9|11|11|12|10|9|10|10|6|14|10|8|12|11|6|9|10|12|8|12|9|6|12|12|11|7|13|12|8|9|15|7|6|14|10|8|7|11|9|8|10|7|10|6|5|11|3|10|9|4|6|9|4|3|8|7|2|7|6|7|5|8|5|6|4|9|8|6|6|6|8|5|8|5|4|4|6|7|4|7|2|5|5|2|7|3|3|2|4|3|1|5|2|2|3|4|2|3|3|3|2|4|1|3|1|5|2|2|3|2|2|3|2|2|2|3|1|3|1|1|1|2|1|0|0|1</HistCounts>
      </HistItem>
    </Histograms>
    <Metadata>
      <MDI key="RepresentationType">ATHEMATIC</MDI>
      <MDI key="STATISTICS_COVARIANCES">9.607467218414132e-06</MDI>
      <MDI key="STATISTICS_EXCLUDEDVALUES"></MDI>
      <MDI key="STATISTICS_MAXIMUM">1.0454339981079</MDI>
      <MDI key="STATISTICS_MEAN">1.038180013448</MDI>
      <MDI key="STATISTICS_MINIMUM">1.0308954715729</MDI>
      <MDI key="STATISTICS_SKIPFACTORX">1</MDI>
      <MDI key="STATISTICS_SKIPFACTORY">1</MDI>
      <MDI key="STATISTICS_STDDEV">0.0030995914599208</MDI>
    </Metadata>
  </PAMRasterBand>
</PAMDataset>
