<PAMDataset>
  <PAMRasterBand band="1">
    <Histograms>
      <HistItem>
        <HistMin>0.9307025074958801</HistMin>
        <HistMax>0.9521427154541016</HistMax>
        <BucketCount>256</BucketCount>
        <IncludeOutOfRange>1</IncludeOutOfRange>
        <Approximate>0</Approximate>
        <HistCounts>1|0|0|0|1|0|1|0|1|1|1|1|0|1|2|2|1|1|2|3|3|0|2|2|3|5|0|3|2|6|4|0|5|4|5|3|2|5|4|7|4|3|6|6|5|5|4|6|7|5|4|4|7|8|6|5|6|8|6|8|6|7|7|7|4|6|9|8|7|8|6|10|7|7|8|9|7|3|8|8|11|8|7|9|9|10|6|9|9|11|7|3|11|10|10|9|9|10|11|9|9|10|11|8|6|9|10|13|8|12|11|13|10|9|12|11|12|10|7|10|13|9|16|9|14|11|13|11|11|13|12|9|13|11|11|16|9|15|10|14|11|14|12|12|11|10|10|11|12|12|12|8|13|10|11|9|9|12|8|8|9|9|10|11|8|7|10|8|7|7|11|6|8|3|10|7|6|8|6|8|6|5|7|4|10|4|6|6|4|7|4|9|3|8|3|5|7|6|4|4|6|5|4|4|4|6|6|3|4|5|4|6|1|7|1|6|3|3|3|4|5|1|6|3|5|3|2|4|2|4|2|4|3|1|4|0|7|0|2|1|0|3|0|2|0|3|0|1|0|0|2|0|0|0|0|1</HistCounts>
      </HistItem>
    </Histograms>
    <Metadata>
      <MDI key="RepresentationType">ATHEMATIC</MDI>
      <MDI key="STATISTICS_COVARIANCES">1.984275689693538e-05</MDI>
      <MDI key="STATISTICS_EXCLUDEDVALUES"></MDI>
      <MDI key="STATISTICS_MAXIMUM">0.9521427154541</MDI>
      <MDI key="STATISTICS_MEAN">0.94131751120091</MDI>
      <MDI key="STATISTICS_MINIMUM">0.93070250749588</MDI>
      <MDI key="STATISTICS_SKIPFACTORX">1</MDI>
      <MDI key="STATISTICS_SKIPFACTORY">1</MDI>
      <MDI key="STATISTICS_STDDEV">0.0044545209503307</MDI>
    </Metadata>
  </PAMRasterBand>
</PAMDataset>
