<PAMDataset>
  <PAMRasterBand band="1">
    <Histograms>
      <HistItem>
        <HistMin>0.902698278427124</HistMin>
        <HistMax>0.9286428093910217</HistMax>
        <BucketCount>256</BucketCount>
        <IncludeOutOfRange>1</IncludeOutOfRange>
        <Approximate>0</Approximate>
        <HistCounts>2|0|0|2|1|0|0|1|0|2|0|0|2|2|1|1|2|1|3|2|0|2|2|2|2|0|2|3|2|1|2|2|2|5|1|1|4|3|2|3|2|2|6|2|2|3|3|4|4|2|3|4|2|5|4|3|5|4|5|3|4|5|5|3|4|6|6|5|4|5|8|4|9|4|5|10|6|5|6|6|8|10|4|6|8|10|6|8|6|10|12|5|9|6|10|11|7|8|11|13|10|8|7|12|8|10|9|10|11|12|9|10|11|13|9|8|9|16|9|11|9|8|11|14|12|8|13|13|12|12|13|11|13|11|6|14|17|11|9|10|12|11|15|10|13|12|10|9|16|11|10|10|8|12|16|7|10|11|10|9|13|9|11|10|10|7|17|9|9|9|9|10|12|10|7|10|8|7|15|8|9|8|8|7|14|7|8|7|9|8|13|7|8|9|6|7|12|7|4|8|6|7|6|8|4|10|5|5|7|7|7|0|7|4|10|0|5|4|5|4|5|3|5|2|2|2|4|3|0|5|1|5|0|4|1|2|1|2|3|1|0|2|2|1|0|1|2|1|0|0|2|0|0|0|0|1</HistCounts>
      </HistItem>
    </Histograms>
    <Metadata>
      <MDI key="RepresentationType">ATHEMATIC</MDI>
      <MDI key="STATISTICS_COVARIANCES">2.724587142268052e-05</MDI>
      <MDI key="STATISTICS_EXCLUDEDVALUES"></MDI>
      <MDI key="STATISTICS_MAXIMUM">0.92864280939102</MDI>
      <MDI key="STATISTICS_MEAN">0.9164517788589</MDI>
      <MDI key="STATISTICS_MINIMUM">0.90269827842712</MDI>
      <MDI key="STATISTICS_SKIPFACTORX">1</MDI>
      <MDI key="STATISTICS_SKIPFACTORY">1</MDI>
      <MDI key="STATISTICS_STDDEV">0.0052197577934882</MDI>
    </Metadata>
  </PAMRasterBand>
</PAMDataset>
