<PAMDataset>
  <Metadata>
    <MDI key="DataType">Generic</MDI>
  </Metadata>
  <PAMRasterBand band="1">
    <Histograms>
      <HistItem>
        <HistMin>0.7469136714935303</HistMin>
        <HistMax>0.8291365504264832</HistMax>
        <BucketCount>256</BucketCount>
        <IncludeOutOfRange>1</IncludeOutOfRange>
        <Approximate>0</Approximate>
        <HistCounts>1|0|0|1|0|0|1|2|1|0|1|1|0|2|1|0|3|2|0|1|3|1|1|2|2|2|2|2|1|2|3|3|2|3|3|2|1|4|4|0|3|5|2|2|3|6|2|3|3|3|5|4|3|3|4|6|2|5|4|5|4|5|5|3|5|7|3|7|4|5|4|7|5|6|5|4|9|5|6|8|6|6|9|4|8|8|7|6|6|6|7|8|6|8|9|5|8|10|7|9|9|9|4|10|10|9|7|10|9|8|9|12|8|8|11|7|9|8|9|10|8|13|9|8|9|12|8|10|9|10|9|10|10|9|11|8|11|9|9|13|8|9|14|10|11|12|8|10|10|10|8|14|9|8|12|12|8|9|14|7|7|16|10|9|15|9|6|14|10|8|14|7|8|16|10|7|12|10|11|8|15|7|9|19|1|9|16|5|8|11|10|16|1|7|14|0|7|18|3|17|2|3|17|0|7|11|3|11|6|4|13|1|7|9|2|13|4|4|9|2|7|8|4|8|4|5|7|3|7|4|3|7|3|4|5|4|3|3|3|2|5|1|3|1|1|3|0|2|1|1|1|0|1|0|0|1</HistCounts>
      </HistItem>
    </Histograms>
    <Metadata>
      <MDI key="RepresentationType">ATHEMATIC</MDI>
      <MDI key="STATISTICS_COVARIANCES">0.0003083266300700979</MDI>
      <MDI key="STATISTICS_EXCLUDEDVALUES"></MDI>
      <MDI key="STATISTICS_MAXIMUM">0.82913655042648</MDI>
      <MDI key="STATISTICS_MEAN">0.79249649751931</MDI>
      <MDI key="STATISTICS_MINIMUM">0.74691367149353</MDI>
      <MDI key="STATISTICS_SKIPFACTORX">1</MDI>
      <MDI key="STATISTICS_SKIPFACTORY">1</MDI>
      <MDI key="STATISTICS_STDDEV">0.017559232046707</MDI>
    </Metadata>
  </PAMRasterBand>
</PAMDataset>
