<PAMDataset>
  <PAMRasterBand band="1">
    <Histograms>
      <HistItem>
        <HistMin>4.45072603225708</HistMin>
        <HistMax>5.226748943328857</HistMax>
        <BucketCount>256</BucketCount>
        <IncludeOutOfRange>1</IncludeOutOfRange>
        <Approximate>0</Approximate>
        <HistCounts>3|3|3|5|5|0|0|7|6|8|10|10|12|15|10|7|9|12|12|18|18|19|17|19|18|12|6|3|12|15|14|16|16|15|15|17|12|7|6|6|9|9|17|10|17|11|13|14|14|11|8|4|4|7|9|9|8|11|11|12|11|12|11|10|10|8|6|6|5|7|7|7|9|9|6|14|9|8|11|9|10|8|8|6|8|8|7|7|4|6|7|7|9|6|6|10|8|7|8|7|9|6|6|8|6|7|5|6|6|5|7|9|3|5|7|6|6|6|6|8|5|5|6|4|7|6|4|7|7|7|6|3|3|6|4|7|5|5|4|5|6|6|6|5|6|6|4|3|6|4|4|4|7|4|3|4|6|5|5|5|5|3|3|6|8|3|3|4|3|4|5|8|4|3|6|5|4|2|7|5|5|4|2|3|6|4|3|4|3|4|4|4|4|4|5|3|4|4|5|3|3|5|4|4|4|6|4|3|4|5|5|3|3|2|6|3|6|4|3|1|4|4|4|5|4|3|1|3|3|3|3|2|1|3|2|4|3|5|3|2|1|2|1|0|0|2|0|0|0|0|0|0|1|2|1|1</HistCounts>
      </HistItem>
    </Histograms>
    <Metadata>
      <MDI key="RepresentationType">ATHEMATIC</MDI>
      <MDI key="STATISTICS_COVARIANCES">0.0397494180110475</MDI>
      <MDI key="STATISTICS_EXCLUDEDVALUES"></MDI>
      <MDI key="STATISTICS_MAXIMUM">5.2267489433289</MDI>
      <MDI key="STATISTICS_MEAN">4.7387644255161</MDI>
      <MDI key="STATISTICS_MINIMUM">4.4507260322571</MDI>
      <MDI key="STATISTICS_SKIPFACTORX">1</MDI>
      <MDI key="STATISTICS_SKIPFACTORY">1</MDI>
      <MDI key="STATISTICS_STDDEV">0.19937256082783</MDI>
    </Metadata>
  </PAMRasterBand>
</PAMDataset>
