<PAMDataset>
  <Metadata>
    <MDI key="DataType">Generic</MDI>
  </Metadata>
  <PAMRasterBand band="1">
    <Histograms>
      <HistItem>
        <HistMin>0.986788272857666</HistMin>
        <HistMax>1.00248396396637</HistMax>
        <BucketCount>256</BucketCount>
        <IncludeOutOfRange>1</IncludeOutOfRange>
        <Approximate>0</Approximate>
        <HistCounts>1|0|1|0|1|0|0|1|1|1|1|0|2|0|2|3|0|2|0|5|0|1|3|2|3|2|1|1|4|2|2|3|1|3|1|3|4|1|5|2|2|4|2|4|3|3|4|2|5|2|4|4|2|6|2|3|7|2|5|3|4|6|2|6|4|6|4|3|6|4|8|3|4|7|5|7|4|5|5|4|7|6|7|5|5|7|5|9|5|6|8|3|9|6|8|7|4|11|5|10|6|3|12|4|12|5|8|10|7|11|6|12|6|12|9|8|10|12|8|8|13|12|9|8|13|13|11|13|11|12|19|13|11|12|13|11|14|14|13|12|10|15|10|15|8|13|13|13|15|8|14|10|13|13|12|12|7|13|13|8|17|6|8|12|11|11|6|13|9|7|12|9|10|5|7|11|8|11|7|8|9|8|9|7|9|8|7|8|9|12|4|7|9|6|12|5|7|7|8|11|10|8|7|7|8|8|9|5|5|9|7|7|5|5|6|7|8|5|5|7|5|6|4|7|3|5|5|3|6|4|4|3|7|3|2|4|3|2|2|4|2|1|3|1|1|2|1|1|0|0|2|0|0|0|0|1</HistCounts>
      </HistItem>
    </Histograms>
    <Metadata>
      <MDI key="RepresentationType">ATHEMATIC</MDI>
      <MDI key="STATISTICS_COVARIANCES">1.065214344240165e-05</MDI>
      <MDI key="STATISTICS_EXCLUDEDVALUES"></MDI>
      <MDI key="STATISTICS_MAXIMUM">1.0024839639664</MDI>
      <MDI key="STATISTICS_MEAN">0.99540655571967</MDI>
      <MDI key="STATISTICS_MINIMUM">0.98678827285767</MDI>
      <MDI key="STATISTICS_SKIPFACTORX">1</MDI>
      <MDI key="STATISTICS_SKIPFACTORY">1</MDI>
      <MDI key="STATISTICS_STDDEV">0.0032637621608202</MDI>
    </Metadata>
  </PAMRasterBand>
</PAMDataset>
