<PAMDataset>
  <PAMRasterBand band="1">
    <Histograms>
      <HistItem>
        <HistMin>1.02989399433136</HistMin>
        <HistMax>1.041783213615417</HistMax>
        <BucketCount>256</BucketCount>
        <IncludeOutOfRange>1</IncludeOutOfRange>
        <Approximate>0</Approximate>
        <HistCounts>1|0|1|0|1|1|0|1|1|1|1|2|1|1|4|0|3|0|2|3|1|2|3|1|3|0|1|4|3|2|4|3|2|4|3|3|5|4|4|4|2|3|6|5|8|5|4|5|4|5|6|7|6|5|5|7|4|7|11|6|6|8|5|8|5|11|8|8|6|8|3|10|8|11|6|6|10|9|9|6|13|5|14|5|10|13|4|16|8|11|14|8|10|8|12|6|12|12|7|13|12|11|14|10|11|13|10|11|10|9|11|12|10|11|10|10|16|10|10|8|11|11|9|14|9|12|12|15|11|10|11|12|14|8|14|14|11|13|14|9|12|13|9|13|9|17|11|8|13|8|12|13|8|11|6|10|7|11|9|9|13|9|9|9|8|9|7|10|8|8|7|6|10|8|11|9|7|6|8|6|8|9|5|11|4|4|10|5|5|10|4|6|6|4|3|5|4|4|5|2|6|2|4|5|5|2|4|3|2|5|2|3|4|2|3|1|3|2|6|2|4|1|2|2|3|2|3|3|1|3|1|1|3|4|1|3|1|2|1|1|0|1|1|0|1|0|0|0|0|0|1|0|0|0|0|1</HistCounts>
      </HistItem>
    </Histograms>
    <Metadata>
      <MDI key="RepresentationType">ATHEMATIC</MDI>
      <MDI key="STATISTICS_COVARIANCES">5.588548011125477e-06</MDI>
      <MDI key="STATISTICS_EXCLUDEDVALUES"></MDI>
      <MDI key="STATISTICS_MAXIMUM">1.0417832136154</MDI>
      <MDI key="STATISTICS_MEAN">1.035629305318</MDI>
      <MDI key="STATISTICS_MINIMUM">1.0298939943314</MDI>
      <MDI key="STATISTICS_SKIPFACTORX">1</MDI>
      <MDI key="STATISTICS_SKIPFACTORY">1</MDI>
      <MDI key="STATISTICS_STDDEV">0.0023640110006355</MDI>
    </Metadata>
  </PAMRasterBand>
</PAMDataset>
