<PAMDataset>
  <Metadata>
    <MDI key="DataType">Generic</MDI>
  </Metadata>
  <PAMRasterBand band="1">
    <Histograms>
      <HistItem>
        <HistMin>4.182735919952393</HistMin>
        <HistMax>4.272084712982178</HistMax>
        <BucketCount>256</BucketCount>
        <IncludeOutOfRange>1</IncludeOutOfRange>
        <Approximate>0</Approximate>
        <HistCounts>1|0|2|0|3|0|2|1|1|2|2|2|3|2|4|3|4|5|3|5|5|4|6|1|7|5|5|6|5|8|7|7|6|6|5|9|5|8|5|8|7|9|9|8|6|7|9|9|8|7|9|10|7|11|9|6|12|8|10|8|10|7|12|11|7|10|9|12|12|10|11|14|8|13|11|9|10|8|10|14|8|8|11|11|11|12|11|9|12|9|9|10|12|7|10|10|10|9|11|11|10|10|9|10|10|9|8|9|10|8|8|9|10|9|10|9|10|9|11|9|9|9|10|9|10|9|6|8|9|9|10|7|9|10|8|9|9|9|11|6|9|10|6|8|10|9|8|6|10|12|8|5|10|10|7|5|9|7|8|6|9|8|9|7|7|8|5|8|9|7|6|5|8|7|3|8|7|4|5|6|6|6|5|5|4|4|5|5|4|6|4|4|4|4|4|3|4|3|4|4|5|5|4|4|4|3|5|2|3|3|3|2|3|3|2|1|2|2|3|2|2|3|4|2|2|2|2|3|3|1|2|2|2|0|2|1|0|2|0|0|1|2|1|1|1|1|1|1|0|1|1|0|1|0|0|1</HistCounts>
      </HistItem>
    </Histograms>
    <Metadata>
      <MDI key="RepresentationType">ATHEMATIC</MDI>
      <MDI key="STATISTICS_COVARIANCES">0.0003758052959645531</MDI>
      <MDI key="STATISTICS_EXCLUDEDVALUES"></MDI>
      <MDI key="STATISTICS_MAXIMUM">4.2720847129822</MDI>
      <MDI key="STATISTICS_MEAN">4.2214527130127</MDI>
      <MDI key="STATISTICS_MINIMUM">4.1827359199524</MDI>
      <MDI key="STATISTICS_SKIPFACTORX">1</MDI>
      <MDI key="STATISTICS_SKIPFACTORY">1</MDI>
      <MDI key="STATISTICS_STDDEV">0.019385698232577</MDI>
    </Metadata>
  </PAMRasterBand>
</PAMDataset>
