<PAMDataset>
  <Metadata>
    <MDI key="DataType">Generic</MDI>
  </Metadata>
  <PAMRasterBand band="1">
    <Histograms>
      <HistItem>
        <HistMin>4.056141376495361</HistMin>
        <HistMax>4.079717636108398</HistMax>
        <BucketCount>256</BucketCount>
        <IncludeOutOfRange>1</IncludeOutOfRange>
        <Approximate>0</Approximate>
        <HistCounts>1|0|1|0|2|0|0|3|0|3|0|5|0|0|6|1|7|0|4|0|1|4|0|5|0|6|0|1|5|0|5|1|3|1|2|3|2|4|1|3|2|1|2|4|1|4|3|2|6|3|2|4|4|2|2|6|2|7|6|5|4|3|6|4|7|3|2|10|3|12|2|10|5|1|12|2|12|3|10|4|4|12|6|11|4|12|3|3|15|5|14|2|15|4|12|13|2|14|8|7|9|13|12|3|19|3|15|8|4|19|2|21|4|19|12|0|18|9|22|4|21|7|7|23|3|24|7|22|3|3|26|3|23|4|7|16|7|10|17|8|17|7|10|15|10|15|11|8|21|4|17|15|4|17|6|18|9|4|17|3|18|4|13|11|4|19|3|4|18|3|5|19|2|19|4|0|20|3|11|8|3|13|5|9|6|2|11|8|6|9|5|10|5|1|10|6|1|15|1|1|17|1|0|15|0|14|1|0|12|1|0|10|0|0|12|0|3|7|0|9|1|0|11|0|8|1|3|6|1|7|0|0|5|1|0|4|1|0|5|0|5|0|0|4|0|0|3|0|0|1|0|0|1|0|0|1</HistCounts>
      </HistItem>
    </Histograms>
    <Metadata>
      <MDI key="RepresentationType">ATHEMATIC</MDI>
      <MDI key="STATISTICS_COVARIANCES">2.307186326392434e-05</MDI>
      <MDI key="STATISTICS_EXCLUDEDVALUES"></MDI>
      <MDI key="STATISTICS_MAXIMUM">4.0797176361084</MDI>
      <MDI key="STATISTICS_MEAN">4.0683217361569</MDI>
      <MDI key="STATISTICS_MINIMUM">4.0561413764954</MDI>
      <MDI key="STATISTICS_SKIPFACTORX">1</MDI>
      <MDI key="STATISTICS_SKIPFACTORY">1</MDI>
      <MDI key="STATISTICS_STDDEV">0.0048033179432476</MDI>
    </Metadata>
  </PAMRasterBand>
</PAMDataset>
