<PAMDataset>
  <Metadata>
    <MDI key="DataType">Generic</MDI>
  </Metadata>
  <PAMRasterBand band="1">
    <Histograms>
      <HistItem>
        <HistMin>4.159702777862549</HistMin>
        <HistMax>4.228080272674561</HistMax>
        <BucketCount>256</BucketCount>
        <IncludeOutOfRange>1</IncludeOutOfRange>
        <Approximate>0</Approximate>
        <HistCounts>1|0|2|0|2|0|1|1|0|3|0|3|1|2|3|1|4|1|3|2|3|4|4|2|5|2|4|4|4|4|3|3|5|5|5|5|6|7|6|5|6|4|7|6|6|5|10|5|8|4|5|9|5|8|7|7|8|8|6|11|3|8|10|8|10|9|7|9|6|9|8|10|13|7|12|8|10|10|6|9|10|12|9|11|11|9|12|13|7|12|10|12|8|12|6|13|8|13|13|11|13|11|10|9|11|9|9|7|11|10|12|12|13|10|8|9|10|7|11|11|9|8|9|10|9|12|9|11|10|10|12|8|12|6|9|9|9|9|7|10|12|10|9|11|12|8|7|11|9|7|9|9|7|8|8|8|7|12|8|7|10|7|8|8|7|6|6|7|6|7|10|8|6|9|6|5|7|9|5|6|7|6|6|5|6|5|6|5|7|8|5|5|5|5|5|6|6|6|3|6|5|5|4|5|6|2|6|2|6|3|5|4|3|2|5|3|2|4|4|3|2|5|4|1|3|4|2|2|3|3|2|2|2|3|1|1|0|2|0|1|2|2|1|2|1|0|3|1|0|1|1|0|1|0|1|1</HistCounts>
      </HistItem>
    </Histograms>
    <Metadata>
      <MDI key="RepresentationType">ATHEMATIC</MDI>
      <MDI key="STATISTICS_COVARIANCES">0.0002173137454924455</MDI>
      <MDI key="STATISTICS_EXCLUDEDVALUES"></MDI>
      <MDI key="STATISTICS_MAXIMUM">4.2280802726746</MDI>
      <MDI key="STATISTICS_MEAN">4.1916742894053</MDI>
      <MDI key="STATISTICS_MINIMUM">4.1597027778625</MDI>
      <MDI key="STATISTICS_SKIPFACTORX">1</MDI>
      <MDI key="STATISTICS_SKIPFACTORY">1</MDI>
      <MDI key="STATISTICS_STDDEV">0.014741565232106</MDI>
    </Metadata>
  </PAMRasterBand>
</PAMDataset>
