<PAMDataset>
  <Metadata>
    <MDI key="DataType">Generic</MDI>
  </Metadata>
  <PAMRasterBand band="1">
    <Histograms>
      <HistItem>
        <HistMin>1.009345173835754</HistMin>
        <HistMax>1.022549629211426</HistMax>
        <BucketCount>256</BucketCount>
        <IncludeOutOfRange>1</IncludeOutOfRange>
        <Approximate>0</Approximate>
        <HistCounts>1|0|0|0|0|0|1|0|1|1|0|1|0|2|2|0|2|0|2|1|0|4|0|3|1|0|4|0|4|2|0|3|0|5|1|2|3|1|5|1|2|3|2|4|2|3|4|2|4|2|3|6|2|3|3|2|7|2|4|3|2|2|8|6|4|5|2|6|7|4|4|4|5|7|4|7|2|6|8|1|11|4|6|9|3|9|5|10|8|2|9|7|8|10|6|9|11|9|7|8|9|12|10|6|10|10|9|11|7|14|11|8|18|5|15|11|5|20|6|15|15|7|19|6|17|7|13|17|12|15|8|10|16|8|20|7|8|15|7|19|8|11|11|8|16|10|9|12|9|15|11|10|9|15|10|11|12|6|13|11|12|10|6|15|7|15|7|8|17|9|7|13|6|13|13|7|15|6|11|11|6|14|10|6|10|11|9|14|9|4|7|7|10|9|9|4|7|9|8|7|4|6|7|9|4|6|5|4|9|4|5|7|2|4|4|5|7|3|4|3|4|8|2|4|5|3|5|4|1|5|4|4|3|1|6|1|3|2|3|4|1|2|1|2|1|0|1|1|0|0|1|0|1|0|0|1</HistCounts>
      </HistItem>
    </Histograms>
    <Metadata>
      <MDI key="RepresentationType">ATHEMATIC</MDI>
      <MDI key="STATISTICS_COVARIANCES">6.869965388562351e-06</MDI>
      <MDI key="STATISTICS_EXCLUDEDVALUES"></MDI>
      <MDI key="STATISTICS_MAXIMUM">1.0225496292114</MDI>
      <MDI key="STATISTICS_MEAN">1.0165023051947</MDI>
      <MDI key="STATISTICS_MINIMUM">1.0093451738358</MDI>
      <MDI key="STATISTICS_SKIPFACTORX">1</MDI>
      <MDI key="STATISTICS_SKIPFACTORY">1</MDI>
      <MDI key="STATISTICS_STDDEV">0.0026210618818644</MDI>
    </Metadata>
  </PAMRasterBand>
</PAMDataset>
