<PAMDataset>
  <Metadata>
    <MDI key="DataType">Generic</MDI>
  </Metadata>
  <PAMRasterBand band="1">
    <Histograms>
      <HistItem>
        <HistMin>0.899625837802887</HistMin>
        <HistMax>0.9273881316184998</HistMax>
        <BucketCount>256</BucketCount>
        <IncludeOutOfRange>1</IncludeOutOfRange>
        <Approximate>0</Approximate>
        <HistCounts>1|0|1|0|1|0|1|1|1|1|1|2|1|2|1|2|3|1|3|2|2|3|4|0|5|1|5|4|5|3|3|4|5|3|5|5|5|3|7|2|7|5|7|4|4|5|5|6|5|4|8|4|7|3|8|5|8|5|6|5|7|6|7|4|9|6|8|3|8|7|8|8|5|6|9|8|6|4|12|6|9|4|10|7|10|6|8|8|11|7|5|9|9|8|9|7|10|11|10|4|12|11|13|5|9|10|12|8|10|9|13|12|7|11|10|15|9|9|9|15|11|8|10|15|13|9|10|12|15|11|6|19|9|16|6|13|15|15|9|12|9|17|7|11|12|14|8|13|10|12|10|8|11|11|11|8|7|11|8|10|9|9|9|8|8|9|8|7|7|7|9|6|8|7|7|7|7|9|4|8|5|8|8|5|6|7|8|4|7|6|6|5|5|8|6|3|6|7|7|4|5|6|5|4|5|4|7|2|7|4|6|4|3|7|2|6|2|5|4|3|5|4|4|4|2|3|3|2|4|2|4|1|4|1|4|2|2|2|2|2|1|0|4|0|3|0|4|0|2|0|2|0|1|0|0|1</HistCounts>
      </HistItem>
    </Histograms>
    <Metadata>
      <MDI key="RepresentationType">ATHEMATIC</MDI>
      <MDI key="STATISTICS_COVARIANCES">3.528633043917022e-05</MDI>
      <MDI key="STATISTICS_EXCLUDEDVALUES"></MDI>
      <MDI key="STATISTICS_MAXIMUM">0.9273881316185</MDI>
      <MDI key="STATISTICS_MEAN">0.91340108655393</MDI>
      <MDI key="STATISTICS_MINIMUM">0.89962583780289</MDI>
      <MDI key="STATISTICS_SKIPFACTORX">1</MDI>
      <MDI key="STATISTICS_SKIPFACTORY">1</MDI>
      <MDI key="STATISTICS_STDDEV">0.0059402298305007</MDI>
    </Metadata>
  </PAMRasterBand>
</PAMDataset>
