<PAMDataset>
  <Metadata>
    <MDI key="DataType">Generic</MDI>
  </Metadata>
  <PAMRasterBand band="1">
    <Histograms>
      <HistItem>
        <HistMin>4.14455509185791</HistMin>
        <HistMax>4.201996326446533</HistMax>
        <BucketCount>256</BucketCount>
        <IncludeOutOfRange>1</IncludeOutOfRange>
        <Approximate>0</Approximate>
        <HistCounts>2|0|3|0|4|0|4|0|0|4|0|6|0|1|5|0|7|0|5|4|2|6|0|5|4|4|6|2|4|6|4|6|2|5|6|5|7|4|3|9|4|10|4|4|9|3|11|3|8|9|3|12|7|7|10|4|8|8|8|10|4|10|8|9|8|10|10|8|13|5|11|7|8|13|10|7|8|13|8|11|12|10|11|7|13|8|12|11|8|15|8|12|12|9|11|13|9|9|10|10|11|11|9|10|14|9|11|13|9|11|9|9|9|12|12|8|14|10|7|14|9|11|10|13|6|12|8|10|9|10|13|7|10|10|10|10|11|7|10|10|8|9|8|11|6|11|10|9|9|9|9|4|10|7|7|7|9|7|7|11|8|4|9|5|7|6|8|6|6|9|10|5|7|6|6|5|8|5|5|7|6|5|7|5|5|4|4|5|4|6|5|5|6|7|3|4|5|4|4|4|4|3|3|5|5|4|3|4|3|2|4|2|3|3|3|4|4|2|3|4|2|2|2|4|3|3|2|3|2|2|2|3|1|2|2|2|0|1|3|1|1|1|1|2|1|1|1|1|0|1|2|1|0|1|1|1</HistCounts>
      </HistItem>
    </Histograms>
    <Metadata>
      <MDI key="RepresentationType">ATHEMATIC</MDI>
      <MDI key="STATISTICS_COVARIANCES">0.0001545487517033242</MDI>
      <MDI key="STATISTICS_EXCLUDEDVALUES"></MDI>
      <MDI key="STATISTICS_MAXIMUM">4.2019963264465</MDI>
      <MDI key="STATISTICS_MEAN">4.1705878701806</MDI>
      <MDI key="STATISTICS_MINIMUM">4.1445550918579</MDI>
      <MDI key="STATISTICS_SKIPFACTORX">1</MDI>
      <MDI key="STATISTICS_SKIPFACTORY">1</MDI>
      <MDI key="STATISTICS_STDDEV">0.012431763821088</MDI>
    </Metadata>
  </PAMRasterBand>
</PAMDataset>
