<PAMDataset>
  <PAMRasterBand band="1">
    <Histograms>
      <HistItem>
        <HistMin>0.9468753337860107</HistMin>
        <HistMax>0.967431902885437</HistMax>
        <BucketCount>256</BucketCount>
        <IncludeOutOfRange>1</IncludeOutOfRange>
        <Approximate>0</Approximate>
        <HistCounts>1|0|1|0|1|1|0|1|1|2|0|1|1|1|2|0|3|1|2|1|1|3|1|3|2|3|1|2|1|2|4|2|3|1|4|3|4|1|5|2|5|5|4|6|5|3|2|6|4|8|3|4|4|6|4|4|4|6|5|4|4|5|5|5|5|5|6|5|8|3|8|7|3|8|4|10|2|12|4|8|5|7|8|9|8|2|10|7|6|7|11|8|7|7|11|6|11|7|6|10|7|10|6|15|6|12|4|16|7|12|8|6|16|7|13|7|17|8|15|7|17|6|16|6|8|16|6|17|7|21|3|18|3|21|5|14|7|7|18|3|18|7|18|6|14|6|16|8|14|5|9|14|5|15|6|17|6|15|3|17|4|18|5|5|14|2|20|3|13|4|18|4|11|3|17|6|3|12|3|15|3|12|3|16|3|13|3|15|3|2|15|2|13|2|14|4|12|2|15|3|11|2|3|11|1|11|3|11|2|12|2|10|2|11|1|1|11|1|8|2|9|3|6|2|7|1|6|2|0|5|1|6|0|3|2|4|0|4|1|4|1|4|2|2|1|1|1|1|0|0|2|0|0|0|0|1</HistCounts>
      </HistItem>
    </Histograms>
    <Metadata>
      <MDI key="RepresentationType">ATHEMATIC</MDI>
      <MDI key="STATISTICS_COVARIANCES">1.868021942975469e-05</MDI>
      <MDI key="STATISTICS_EXCLUDEDVALUES"></MDI>
      <MDI key="STATISTICS_MAXIMUM">0.96743190288544</MDI>
      <MDI key="STATISTICS_MEAN">0.95770280331373</MDI>
      <MDI key="STATISTICS_MINIMUM">0.94687533378601</MDI>
      <MDI key="STATISTICS_SKIPFACTORX">1</MDI>
      <MDI key="STATISTICS_SKIPFACTORY">1</MDI>
      <MDI key="STATISTICS_STDDEV">0.0043220619419155</MDI>
    </Metadata>
  </PAMRasterBand>
</PAMDataset>
