<PAMDataset>
  <PAMRasterBand band="1">
    <Histograms>
      <HistItem>
        <HistMin>4.121146202087402</HistMin>
        <HistMax>4.167681694030762</HistMax>
        <BucketCount>256</BucketCount>
        <IncludeOutOfRange>1</IncludeOutOfRange>
        <Approximate>0</Approximate>
        <HistCounts>1|0|2|0|1|0|2|0|2|2|0|5|0|4|1|2|3|0|4|0|4|0|6|1|0|6|0|6|0|2|6|1|8|0|9|2|2|6|2|7|0|5|6|6|3|8|3|5|8|2|12|0|4|11|4|13|0|16|1|0|17|0|11|6|0|19|0|10|9|5|17|0|11|12|4|17|3|12|8|4|14|7|8|14|4|18|5|6|16|6|18|8|8|15|9|7|18|10|16|3|9|17|6|13|18|7|19|5|9|19|8|11|11|10|18|6|8|18|9|11|15|7|12|13|10|11|13|11|6|14|9|8|16|10|13|10|7|12|12|6|17|9|6|17|7|7|13|9|6|14|9|5|13|8|6|13|4|12|8|5|11|8|6|10|9|7|6|10|5|8|9|5|9|6|6|6|9|7|4|10|7|3|11|4|4|9|3|4|8|4|4|7|6|4|5|7|4|7|6|2|5|5|4|5|3|3|4|5|4|4|3|4|3|3|4|2|2|4|4|2|4|3|2|3|2|2|2|4|2|1|5|1|1|3|0|1|2|1|1|2|1|1|2|0|3|1|0|1|1|0|0|0|0|0|0|1</HistCounts>
      </HistItem>
    </Histograms>
    <Metadata>
      <MDI key="RepresentationType">ATHEMATIC</MDI>
      <MDI key="STATISTICS_COVARIANCES">9.145981764454368e-05</MDI>
      <MDI key="STATISTICS_EXCLUDEDVALUES"></MDI>
      <MDI key="STATISTICS_MAXIMUM">4.1676816940308</MDI>
      <MDI key="STATISTICS_MEAN">4.1432236546278</MDI>
      <MDI key="STATISTICS_MINIMUM">4.1211462020874</MDI>
      <MDI key="STATISTICS_SKIPFACTORX">1</MDI>
      <MDI key="STATISTICS_SKIPFACTORY">1</MDI>
      <MDI key="STATISTICS_STDDEV">0.0095634626388429</MDI>
    </Metadata>
  </PAMRasterBand>
</PAMDataset>
