<PAMDataset>
  <Metadata>
    <MDI key="DataType">Generic</MDI>
  </Metadata>
  <PAMRasterBand band="1">
    <Histograms>
      <HistItem>
        <HistMin>0.9850521683692932</HistMin>
        <HistMax>1.00095009803772</HistMax>
        <BucketCount>256</BucketCount>
        <IncludeOutOfRange>1</IncludeOutOfRange>
        <Approximate>0</Approximate>
        <HistCounts>1|0|1|0|1|1|0|1|1|1|1|1|1|1|1|2|1|1|2|1|2|2|3|4|2|3|1|5|3|5|1|7|3|4|4|3|5|4|5|5|5|5|5|4|4|5|7|5|7|9|7|6|5|9|3|11|5|6|7|6|8|2|11|5|7|7|3|11|6|7|8|5|7|7|8|7|10|7|7|10|6|13|3|10|9|8|9|3|13|4|13|11|9|10|4|16|4|12|10|7|12|8|14|6|11|12|10|14|9|14|7|13|9|10|13|10|13|4|18|9|11|12|8|14|7|9|13|9|12|12|12|8|12|10|10|11|11|11|10|9|13|7|9|11|11|8|11|14|9|10|10|10|15|5|14|9|10|12|8|8|9|11|9|8|8|8|11|10|9|5|9|7|11|5|8|6|9|8|6|8|5|7|7|7|5|6|5|5|8|5|6|6|5|4|7|3|6|4|6|4|5|3|4|6|5|2|4|5|4|5|4|4|1|7|3|2|4|3|5|3|5|1|6|2|6|3|2|2|6|2|1|3|3|4|2|2|4|2|1|3|2|2|1|1|3|4|2|2|2|0|4|0|1|1|0|1</HistCounts>
      </HistItem>
    </Histograms>
    <Metadata>
      <MDI key="RepresentationType">ATHEMATIC</MDI>
      <MDI key="STATISTICS_COVARIANCES">1.16418080007287e-05</MDI>
      <MDI key="STATISTICS_EXCLUDEDVALUES"></MDI>
      <MDI key="STATISTICS_MAXIMUM">1.0009500980377</MDI>
      <MDI key="STATISTICS_MEAN">0.99291653487831</MDI>
      <MDI key="STATISTICS_MINIMUM">0.98505216836929</MDI>
      <MDI key="STATISTICS_SKIPFACTORX">1</MDI>
      <MDI key="STATISTICS_SKIPFACTORY">1</MDI>
      <MDI key="STATISTICS_STDDEV">0.0034120093787574</MDI>
    </Metadata>
  </PAMRasterBand>
</PAMDataset>
