<PAMDataset>
  <Metadata>
    <MDI key="DataType">Generic</MDI>
  </Metadata>
  <PAMRasterBand band="1">
    <Histograms>
      <HistItem>
        <HistMin>0.793688178062439</HistMin>
        <HistMax>0.8571488261222839</HistMax>
        <BucketCount>256</BucketCount>
        <IncludeOutOfRange>1</IncludeOutOfRange>
        <Approximate>0</Approximate>
        <HistCounts>2|0|0|2|2|0|0|2|2|0|1|2|2|0|3|1|2|1|4|0|3|2|4|1|1|6|1|1|4|5|0|1|4|5|0|2|7|2|1|3|7|0|2|5|7|0|4|12|0|1|5|9|0|3|13|0|0|4|13|0|2|15|0|1|4|12|0|2|14|3|1|9|11|1|5|12|4|3|8|9|3|8|7|6|7|7|5|10|7|6|7|10|6|7|10|7|4|12|6|5|11|8|5|12|7|8|13|7|8|13|9|5|14|9|7|13|9|10|11|8|11|13|8|9|17|9|8|14|9|11|13|8|10|18|5|10|13|11|10|10|13|9|13|11|11|9|12|13|7|11|14|7|14|13|6|12|15|9|11|14|10|10|11|11|10|12|9|9|12|8|11|8|8|11|9|10|9|8|9|9|11|8|8|10|8|10|8|7|10|8|7|7|6|9|7|9|7|7|4|7|8|6|6|5|6|7|5|7|4|6|5|5|6|6|4|5|6|3|4|7|3|5|6|2|4|5|3|2|5|4|2|6|2|2|5|2|3|3|2|1|3|3|1|4|1|2|2|0|1|2|0|0|2|0|0|1</HistCounts>
      </HistItem>
    </Histograms>
    <Metadata>
      <MDI key="RepresentationType">ATHEMATIC</MDI>
      <MDI key="STATISTICS_COVARIANCES">0.000183952119617436</MDI>
      <MDI key="STATISTICS_EXCLUDEDVALUES"></MDI>
      <MDI key="STATISTICS_MAXIMUM">0.85714882612228</MDI>
      <MDI key="STATISTICS_MEAN">0.8273232709989</MDI>
      <MDI key="STATISTICS_MINIMUM">0.79368817806244</MDI>
      <MDI key="STATISTICS_SKIPFACTORX">1</MDI>
      <MDI key="STATISTICS_SKIPFACTORY">1</MDI>
      <MDI key="STATISTICS_STDDEV">0.013562894957104</MDI>
    </Metadata>
  </PAMRasterBand>
</PAMDataset>
