<PAMDataset>
  <Metadata>
    <MDI key="DataType">Generic</MDI>
  </Metadata>
  <PAMRasterBand band="1">
    <Histograms>
      <HistItem>
        <HistMin>0.7889577746391296</HistMin>
        <HistMax>0.8498535752296448</HistMax>
        <BucketCount>256</BucketCount>
        <IncludeOutOfRange>1</IncludeOutOfRange>
        <Approximate>0</Approximate>
        <HistCounts>1|0|0|1|1|0|1|1|1|0|2|2|0|1|2|2|1|3|2|1|2|2|2|2|2|3|2|1|2|2|3|1|2|3|2|1|3|5|2|2|5|2|4|4|3|3|4|6|3|2|5|6|3|0|8|4|2|5|7|6|1|6|8|3|2|12|6|1|7|7|4|1|11|7|1|7|10|4|1|14|8|0|6|17|0|2|13|9|1|6|19|1|0|25|0|0|16|10|1|4|20|3|0|19|9|0|17|10|3|13|11|4|9|13|7|4|15|9|6|17|9|6|15|9|6|14|10|6|15|10|4|13|13|5|13|12|7|13|12|7|14|10|11|10|14|9|9|12|12|7|14|12|9|13|9|10|11|10|10|12|12|8|13|12|8|13|8|11|11|9|11|11|10|11|10|10|10|9|9|11|9|9|10|10|7|10|10|8|7|8|9|10|7|11|8|7|9|8|10|6|7|10|6|7|7|6|8|7|5|4|7|6|7|6|5|5|6|5|4|5|5|4|6|3|6|4|3|5|2|3|5|1|3|5|1|3|4|2|2|3|2|1|3|1|2|3|0|2|2|1|1|2|0|0|1|1</HistCounts>
      </HistItem>
    </Histograms>
    <Metadata>
      <MDI key="RepresentationType">ATHEMATIC</MDI>
      <MDI key="STATISTICS_COVARIANCES">0.0001668906424354051</MDI>
      <MDI key="STATISTICS_EXCLUDEDVALUES"></MDI>
      <MDI key="STATISTICS_MAXIMUM">0.84985357522964</MDI>
      <MDI key="STATISTICS_MEAN">0.82190511085093</MDI>
      <MDI key="STATISTICS_MINIMUM">0.78895777463913</MDI>
      <MDI key="STATISTICS_SKIPFACTORX">1</MDI>
      <MDI key="STATISTICS_SKIPFACTORY">1</MDI>
      <MDI key="STATISTICS_STDDEV">0.012918616119206</MDI>
    </Metadata>
  </PAMRasterBand>
</PAMDataset>
