<PAMDataset>
  <Metadata>
    <MDI key="DataType">Generic</MDI>
  </Metadata>
  <PAMRasterBand band="1">
    <Histograms>
      <HistItem>
        <HistMin>0.959613561630249</HistMin>
        <HistMax>0.9796229004859924</HistMax>
        <BucketCount>256</BucketCount>
        <IncludeOutOfRange>1</IncludeOutOfRange>
        <Approximate>0</Approximate>
        <HistCounts>1|0|0|0|2|0|1|0|3|0|0|2|0|3|0|3|0|2|1|1|4|0|4|2|4|2|3|2|5|2|2|4|3|4|2|6|1|5|3|2|7|1|6|3|7|1|7|1|10|0|3|6|3|9|2|8|2|10|1|3|10|2|9|2|12|2|8|3|9|5|1|9|4|12|2|10|5|12|3|7|11|5|10|5|14|3|13|4|14|5|5|11|5|14|8|11|6|15|5|5|15|6|16|6|15|6|15|7|17|9|4|17|8|17|8|12|9|16|5|5|17|8|14|8|19|4|16|7|19|5|4|17|7|16|5|15|6|17|6|8|15|6|15|8|16|3|15|9|15|7|4|19|8|13|7|14|7|12|7|5|14|3|16|6|14|2|14|6|9|10|3|14|7|9|7|10|6|8|7|4|10|2|15|4|9|2|13|6|5|7|4|11|5|8|6|6|4|8|7|4|6|4|10|4|5|6|7|6|2|8|2|10|1|9|1|8|2|9|2|2|7|3|7|2|5|3|4|3|5|1|4|3|5|1|6|1|6|2|6|0|4|0|2|0|2|1|2|0|1|0|1|1|0|1|0|1</HistCounts>
      </HistItem>
    </Histograms>
    <Metadata>
      <MDI key="RepresentationType">ATHEMATIC</MDI>
      <MDI key="STATISTICS_COVARIANCES">1.814485231463194e-05</MDI>
      <MDI key="STATISTICS_EXCLUDEDVALUES"></MDI>
      <MDI key="STATISTICS_MAXIMUM">0.97962290048599</MDI>
      <MDI key="STATISTICS_MEAN">0.96990731053054</MDI>
      <MDI key="STATISTICS_MINIMUM">0.95961356163025</MDI>
      <MDI key="STATISTICS_SKIPFACTORX">1</MDI>
      <MDI key="STATISTICS_SKIPFACTORY">1</MDI>
      <MDI key="STATISTICS_STDDEV">0.0042596774895093</MDI>
    </Metadata>
  </PAMRasterBand>
</PAMDataset>
