<PAMDataset>
  <Metadata>
    <MDI key="DataType">Generic</MDI>
  </Metadata>
  <PAMRasterBand band="1">
    <Histograms>
      <HistItem>
        <HistMin>0.910581111907959</HistMin>
        <HistMax>0.9352157711982727</HistMax>
        <BucketCount>256</BucketCount>
        <IncludeOutOfRange>1</IncludeOutOfRange>
        <Approximate>0</Approximate>
        <HistCounts>1|0|1|0|1|0|0|1|1|1|0|1|1|2|1|0|2|2|1|1|1|2|2|3|0|1|3|2|3|1|3|3|3|3|0|3|4|3|2|3|3|4|5|0|4|5|3|5|3|4|5|4|0|4|4|6|5|5|6|5|5|3|4|6|6|4|4|5|7|5|2|4|7|5|6|2|8|6|8|4|6|5|8|6|4|8|10|7|5|9|3|10|8|5|13|7|12|5|8|10|7|12|7|12|10|11|7|12|7|11|13|6|10|16|11|8|8|13|12|9|8|13|18|11|5|16|11|12|12|8|17|13|10|14|11|12|11|12|13|10|12|16|9|16|7|13|11|12|13|9|16|6|16|8|10|9|10|10|15|11|10|13|8|8|11|8|11|11|4|14|10|12|6|11|10|7|12|6|11|10|8|8|10|10|7|14|4|12|7|10|8|7|7|5|12|5|9|7|9|9|4|7|7|12|2|7|7|5|8|4|8|3|9|2|9|4|5|3|4|6|1|7|1|8|0|4|3|4|2|2|3|1|4|2|2|1|3|1|2|0|1|2|1|1|0|3|0|1|0|0|2|0|0|0|0|1</HistCounts>
      </HistItem>
    </Histograms>
    <Metadata>
      <MDI key="RepresentationType">ATHEMATIC</MDI>
      <MDI key="STATISTICS_COVARIANCES">2.465170666102384e-05</MDI>
      <MDI key="STATISTICS_EXCLUDEDVALUES"></MDI>
      <MDI key="STATISTICS_MAXIMUM">0.93521577119827</MDI>
      <MDI key="STATISTICS_MEAN">0.92369679559022</MDI>
      <MDI key="STATISTICS_MINIMUM">0.91058111190796</MDI>
      <MDI key="STATISTICS_SKIPFACTORX">1</MDI>
      <MDI key="STATISTICS_SKIPFACTORY">1</MDI>
      <MDI key="STATISTICS_STDDEV">0.0049650485054049</MDI>
    </Metadata>
  </PAMRasterBand>
</PAMDataset>
