<PAMDataset>
  <Metadata>
    <MDI key="DataType">Generic</MDI>
  </Metadata>
  <PAMRasterBand band="1">
    <Histograms>
      <HistItem>
        <HistMin>0.7133942842483521</HistMin>
        <HistMax>0.8149266839027405</HistMax>
        <BucketCount>256</BucketCount>
        <IncludeOutOfRange>1</IncludeOutOfRange>
        <Approximate>0</Approximate>
        <HistCounts>1|0|0|1|1|0|1|1|0|2|1|0|2|0|2|3|0|1|2|1|2|2|1|3|1|2|2|0|4|3|0|4|2|0|3|3|0|5|4|0|5|5|1|2|4|3|1|4|3|2|6|3|2|4|4|4|4|3|6|5|3|6|5|3|5|6|4|5|7|5|6|5|7|5|5|4|9|5|5|5|9|4|7|6|7|6|8|9|6|6|8|7|7|8|6|8|8|8|7|10|6|9|8|7|7|10|7|7|9|7|9|7|9|10|8|9|9|11|8|9|9|8|11|9|5|13|8|7|9|8|10|13|4|13|12|5|12|14|5|11|12|7|10|12|8|10|8|10|7|11|10|10|9|10|9|13|9|10|12|8|10|9|12|8|10|11|8|11|10|9|15|8|11|12|9|8|12|11|11|12|13|12|10|8|12|10|11|10|9|12|11|9|10|7|11|9|12|11|8|9|7|8|9|6|10|10|4|11|5|6|9|4|9|6|9|6|6|6|7|7|4|6|4|7|5|2|9|1|10|3|1|9|1|8|0|1|7|1|7|0|7|0|0|5|1|6|0|2|2|1|3|0|2|0|0|1</HistCounts>
      </HistItem>
    </Histograms>
    <Metadata>
      <MDI key="RepresentationType">ATHEMATIC</MDI>
      <MDI key="STATISTICS_COVARIANCES">0.0004823427047470093</MDI>
      <MDI key="STATISTICS_EXCLUDEDVALUES"></MDI>
      <MDI key="STATISTICS_MAXIMUM">0.81492668390274</MDI>
      <MDI key="STATISTICS_MEAN">0.77032938253134</MDI>
      <MDI key="STATISTICS_MINIMUM">0.71339428424835</MDI>
      <MDI key="STATISTICS_SKIPFACTORX">1</MDI>
      <MDI key="STATISTICS_SKIPFACTORY">1</MDI>
      <MDI key="STATISTICS_STDDEV">0.021962301900006</MDI>
    </Metadata>
  </PAMRasterBand>
</PAMDataset>
