<PAMDataset>
  <Metadata>
    <MDI key="DataType">Generic</MDI>
  </Metadata>
  <PAMRasterBand band="1">
    <Histograms>
      <HistItem>
        <HistMin>1.000824809074402</HistMin>
        <HistMax>1.014927744865417</HistMax>
        <BucketCount>256</BucketCount>
        <IncludeOutOfRange>1</IncludeOutOfRange>
        <Approximate>0</Approximate>
        <HistCounts>1|0|0|1|0|1|1|1|0|1|2|0|1|0|1|4|0|1|2|0|4|2|1|2|0|5|1|0|4|1|2|3|1|3|4|2|1|3|4|3|2|3|4|1|3|3|4|5|3|3|5|6|2|6|4|6|7|3|5|8|4|6|8|3|6|6|6|9|6|6|10|5|13|3|6|11|3|11|10|7|7|11|6|13|4|13|9|5|14|11|6|12|11|6|13|5|13|16|3|13|8|7|16|4|15|7|9|15|9|10|10|12|9|10|10|11|14|8|12|11|12|12|13|9|12|9|11|16|9|13|10|11|12|14|12|13|7|11|17|12|16|10|12|13|9|17|14|9|11|13|12|10|16|9|12|7|12|14|9|12|8|10|9|13|9|13|5|10|11|7|13|9|5|6|10|8|11|5|3|11|4|12|7|3|9|1|11|10|2|9|6|5|8|8|3|7|2|7|11|0|8|8|1|10|6|1|10|1|6|6|1|9|3|3|7|0|6|4|2|4|2|4|3|3|1|3|1|2|6|0|3|2|0|2|1|0|3|0|1|1|2|0|1|0|1|2|0|1|0|0|1|0|1|0|0|1</HistCounts>
      </HistItem>
    </Histograms>
    <Metadata>
      <MDI key="RepresentationType">ATHEMATIC</MDI>
      <MDI key="STATISTICS_COVARIANCES">7.700500811653343e-06</MDI>
      <MDI key="STATISTICS_EXCLUDEDVALUES"></MDI>
      <MDI key="STATISTICS_MAXIMUM">1.0149277448654</MDI>
      <MDI key="STATISTICS_MEAN">1.0079646972567</MDI>
      <MDI key="STATISTICS_MINIMUM">1.0008248090744</MDI>
      <MDI key="STATISTICS_SKIPFACTORX">1</MDI>
      <MDI key="STATISTICS_SKIPFACTORY">1</MDI>
      <MDI key="STATISTICS_STDDEV">0.0027749776236311</MDI>
    </Metadata>
  </PAMRasterBand>
</PAMDataset>
