<PAMDataset>
  <PAMRasterBand band="1">
    <Histograms>
      <HistItem>
        <HistMin>1.041261196136475</HistMin>
        <HistMax>1.053650736808777</HistMax>
        <BucketCount>256</BucketCount>
        <IncludeOutOfRange>1</IncludeOutOfRange>
        <Approximate>0</Approximate>
        <HistCounts>1|0|1|0|1|1|0|1|1|1|1|1|0|2|0|1|2|4|1|2|1|2|2|2|2|1|4|2|1|2|2|3|3|1|3|3|3|2|4|2|3|2|4|4|4|4|1|4|3|3|3|3|5|3|5|3|6|3|3|6|4|6|3|3|5|4|5|3|4|5|8|3|5|4|4|6|7|5|3|10|6|8|7|6|7|6|5|10|9|8|8|6|8|10|4|12|12|9|6|9|9|8|9|11|9|9|10|9|11|10|8|8|11|7|19|9|8|11|9|7|13|9|12|17|10|10|10|9|15|13|11|17|14|11|13|14|13|12|10|10|20|11|14|9|9|13|8|11|9|19|11|8|10|9|8|10|11|11|16|7|9|8|11|13|7|9|8|14|11|10|8|12|9|8|10|14|11|10|8|7|8|11|9|10|11|9|7|9|10|6|9|6|6|13|5|10|7|6|8|3|8|4|15|5|7|3|7|7|6|7|6|8|5|5|3|6|5|2|5|5|6|5|3|4|4|4|3|3|3|3|1|4|1|1|2|1|2|3|1|1|2|1|1|3|1|2|1|1|1|1|0|1|0|0|0|1</HistCounts>
      </HistItem>
    </Histograms>
    <Metadata>
      <MDI key="RepresentationType">ATHEMATIC</MDI>
      <MDI key="STATISTICS_COVARIANCES">6.317425477339454e-06</MDI>
      <MDI key="STATISTICS_EXCLUDEDVALUES"></MDI>
      <MDI key="STATISTICS_MAXIMUM">1.0536507368088</MDI>
      <MDI key="STATISTICS_MEAN">1.0478856769204</MDI>
      <MDI key="STATISTICS_MINIMUM">1.0412611961365</MDI>
      <MDI key="STATISTICS_SKIPFACTORX">1</MDI>
      <MDI key="STATISTICS_SKIPFACTORY">1</MDI>
      <MDI key="STATISTICS_STDDEV">0.0025134489207739</MDI>
    </Metadata>
  </PAMRasterBand>
</PAMDataset>
