<PAMDataset>
  <PAMRasterBand band="1">
    <Histograms>
      <HistItem>
        <HistMin>4.248151302337646</HistMin>
        <HistMax>4.410095691680908</HistMax>
        <BucketCount>256</BucketCount>
        <IncludeOutOfRange>1</IncludeOutOfRange>
        <Approximate>0</Approximate>
        <HistCounts>1|1|1|2|2|1|1|2|1|1|2|3|4|4|4|4|4|3|4|3|6|3|4|5|4|8|3|6|5|6|5|5|6|5|7|5|4|6|7|12|4|10|11|9|7|10|7|7|9|11|12|13|9|15|10|11|14|12|12|7|8|10|7|13|11|12|11|13|10|10|12|11|11|7|9|9|10|7|10|11|10|11|10|8|10|7|11|6|8|7|7|10|8|9|13|4|12|6|12|10|6|14|5|8|8|7|8|6|13|10|11|10|11|6|11|7|9|6|12|3|14|1|10|5|8|7|11|7|10|8|12|8|8|7|9|7|8|5|8|4|6|2|10|3|10|6|10|7|10|7|10|7|9|9|8|5|6|6|6|4|4|3|6|3|6|6|7|8|6|8|8|9|7|10|3|9|9|6|7|6|6|3|4|3|5|5|4|5|4|7|10|5|6|7|5|9|6|7|5|4|6|6|5|5|3|3|6|1|3|4|2|5|3|2|3|4|6|4|4|4|5|4|5|4|4|3|3|3|4|1|1|1|1|2|2|1|3|2|3|1|1|1|1|2|3|1|1|1|1|1|2|0|1|0|0|1</HistCounts>
      </HistItem>
    </Histograms>
    <Metadata>
      <MDI key="RepresentationType">ATHEMATIC</MDI>
      <MDI key="STATISTICS_COVARIANCES">0.001415966331367362</MDI>
      <MDI key="STATISTICS_EXCLUDEDVALUES"></MDI>
      <MDI key="STATISTICS_MAXIMUM">4.4100956916809</MDI>
      <MDI key="STATISTICS_MEAN">4.3199508884549</MDI>
      <MDI key="STATISTICS_MINIMUM">4.2481513023376</MDI>
      <MDI key="STATISTICS_SKIPFACTORX">1</MDI>
      <MDI key="STATISTICS_SKIPFACTORY">1</MDI>
      <MDI key="STATISTICS_STDDEV">0.037629328074885</MDI>
    </Metadata>
  </PAMRasterBand>
</PAMDataset>
