<PAMDataset>
  <Metadata>
    <MDI key="DataType">Generic</MDI>
  </Metadata>
  <PAMRasterBand band="1">
    <Histograms>
      <HistItem>
        <HistMin>0.5969867706298828</HistMin>
        <HistMax>0.7657539248466492</HistMax>
        <BucketCount>256</BucketCount>
        <IncludeOutOfRange>1</IncludeOutOfRange>
        <Approximate>0</Approximate>
        <HistCounts>1|0|1|0|0|1|0|1|0|0|1|1|1|0|1|1|1|2|1|3|2|1|3|1|1|4|0|3|1|1|5|0|4|3|2|3|3|2|4|1|5|1|2|5|2|3|2|4|5|2|4|4|4|4|4|3|3|4|3|3|5|2|7|4|5|3|3|7|4|7|1|7|5|4|8|2|11|1|7|6|3|10|0|13|0|9|7|5|10|3|9|7|7|8|5|9|7|5|8|6|9|9|5|9|6|7|9|4|10|7|7|7|8|8|5|10|9|8|8|7|6|9|9|8|9|8|9|8|12|6|8|9|10|6|7|12|7|8|9|10|8|7|8|7|11|7|12|10|7|11|7|6|10|9|7|12|8|9|10|10|10|10|7|11|8|12|10|9|10|7|10|10|10|12|11|12|8|13|8|15|5|14|9|12|8|12|11|12|11|11|10|14|9|13|12|11|11|10|12|10|10|10|9|12|9|9|11|9|9|12|8|9|8|7|10|7|9|8|7|11|5|8|8|6|8|5|8|5|4|7|4|7|7|5|5|4|4|4|4|4|4|2|4|2|3|1|3|1|2|2|1|2|0|1|0|1</HistCounts>
      </HistItem>
    </Histograms>
    <Metadata>
      <MDI key="RepresentationType">ATHEMATIC</MDI>
      <MDI key="STATISTICS_COVARIANCES">0.001394176622429803</MDI>
      <MDI key="STATISTICS_EXCLUDEDVALUES"></MDI>
      <MDI key="STATISTICS_MAXIMUM">0.76575392484665</MDI>
      <MDI key="STATISTICS_MEAN">0.69472895495594</MDI>
      <MDI key="STATISTICS_MINIMUM">0.59698677062988</MDI>
      <MDI key="STATISTICS_SKIPFACTORX">1</MDI>
      <MDI key="STATISTICS_SKIPFACTORY">1</MDI>
      <MDI key="STATISTICS_STDDEV">0.037338674620691</MDI>
    </Metadata>
  </PAMRasterBand>
</PAMDataset>
