<PAMDataset>
  <Metadata>
    <MDI key="DataType">Generic</MDI>
  </Metadata>
  <PAMRasterBand band="1">
    <Histograms>
      <HistItem>
        <HistMin>4.279009819030762</HistMin>
        <HistMax>4.520259380340576</HistMax>
        <BucketCount>256</BucketCount>
        <IncludeOutOfRange>1</IncludeOutOfRange>
        <Approximate>0</Approximate>
        <HistCounts>1|1|3|2|3|3|2|2|2|0|3|4|4|5|5|4|5|5|7|5|6|5|5|7|5|7|9|8|10|8|9|12|5|6|8|9|14|4|7|14|13|4|14|14|16|6|11|13|8|14|12|4|9|12|9|11|14|12|9|11|11|10|9|9|7|7|9|11|13|12|14|14|11|11|11|8|10|8|7|6|10|7|9|13|10|12|14|9|13|11|9|9|6|9|4|4|7|6|8|14|12|10|8|11|9|9|10|9|8|7|4|1|4|3|5|6|8|11|11|9|9|9|9|9|12|8|7|9|9|7|5|2|2|2|3|8|10|8|6|9|12|7|9|9|8|11|6|9|7|10|8|5|8|1|3|1|3|3|9|7|5|10|8|8|9|4|10|7|7|9|5|8|7|7|7|5|2|7|1|2|4|4|2|6|1|9|2|12|0|10|1|9|5|5|4|4|5|5|6|4|4|4|4|4|1|1|1|2|3|4|3|3|3|5|4|6|4|2|4|1|4|2|4|1|3|2|4|3|4|2|1|1|1|1|1|0|1|1|3|2|2|1|2|0|2|0|2|0|1|1|0|1|0|1|0|1</HistCounts>
      </HistItem>
    </Histograms>
    <Metadata>
      <MDI key="RepresentationType">ATHEMATIC</MDI>
      <MDI key="STATISTICS_COVARIANCES">0.00313651728505505</MDI>
      <MDI key="STATISTICS_EXCLUDEDVALUES"></MDI>
      <MDI key="STATISTICS_MAXIMUM">4.5202593803406</MDI>
      <MDI key="STATISTICS_MEAN">4.3787230610847</MDI>
      <MDI key="STATISTICS_MINIMUM">4.2790098190308</MDI>
      <MDI key="STATISTICS_SKIPFACTORX">1</MDI>
      <MDI key="STATISTICS_SKIPFACTORY">1</MDI>
      <MDI key="STATISTICS_STDDEV">0.056004618426118</MDI>
    </Metadata>
  </PAMRasterBand>
</PAMDataset>
