<PAMDataset>
  <Metadata>
    <MDI key="DataType">Generic</MDI>
  </Metadata>
  <PAMRasterBand band="1">
    <Histograms>
      <HistItem>
        <HistMin>0.6793344616889954</HistMin>
        <HistMax>0.7993877530097961</HistMax>
        <BucketCount>256</BucketCount>
        <IncludeOutOfRange>1</IncludeOutOfRange>
        <Approximate>0</Approximate>
        <HistCounts>1|0|1|0|0|2|0|0|2|0|1|1|0|1|1|2|1|2|1|2|1|1|3|1|1|4|0|4|2|2|3|2|4|2|1|3|3|4|5|2|2|4|1|3|4|2|4|5|5|2|5|4|4|3|4|7|2|5|4|4|4|6|3|5|4|4|5|5|4|6|5|5|8|5|4|5|7|4|7|5|6|8|4|4|8|6|7|6|7|9|5|6|9|7|7|9|4|8|9|9|7|7|10|8|8|3|9|8|13|5|9|8|9|9|9|10|5|8|11|9|9|7|9|7|7|8|10|9|10|10|7|8|8|9|10|9|9|9|10|11|9|9|8|10|9|8|10|8|10|10|8|10|8|11|10|8|11|10|11|9|11|8|9|14|7|10|12|7|12|9|13|12|8|12|11|11|10|13|12|13|9|10|11|8|13|7|15|10|9|14|8|12|8|10|10|9|11|5|11|7|8|9|7|10|9|10|7|8|7|6|9|3|11|7|6|10|5|5|9|6|7|9|4|8|3|5|6|6|5|8|3|6|4|3|4|3|5|3|5|3|2|3|3|5|2|2|3|0|4|0|3|0|2|0|0|1</HistCounts>
      </HistItem>
    </Histograms>
    <Metadata>
      <MDI key="RepresentationType">ATHEMATIC</MDI>
      <MDI key="STATISTICS_COVARIANCES">0.000696370799366013</MDI>
      <MDI key="STATISTICS_EXCLUDEDVALUES"></MDI>
      <MDI key="STATISTICS_MAXIMUM">0.7993877530098</MDI>
      <MDI key="STATISTICS_MEAN">0.74709901381284</MDI>
      <MDI key="STATISTICS_MINIMUM">0.679334461689</MDI>
      <MDI key="STATISTICS_SKIPFACTORX">1</MDI>
      <MDI key="STATISTICS_SKIPFACTORY">1</MDI>
      <MDI key="STATISTICS_STDDEV">0.026388838537647</MDI>
    </Metadata>
  </PAMRasterBand>
</PAMDataset>
