<PAMDataset>
  <Metadata>
    <MDI key="DataType">Generic</MDI>
  </Metadata>
  <PAMRasterBand band="1">
    <Histograms>
      <HistItem>
        <HistMin>4.051671981811523</HistMin>
        <HistMax>4.073263168334961</HistMax>
        <BucketCount>256</BucketCount>
        <IncludeOutOfRange>1</IncludeOutOfRange>
        <Approximate>0</Approximate>
        <HistCounts>1|0|2|0|2|1|0|4|0|5|0|3|0|2|2|0|5|0|7|0|1|7|0|8|0|4|6|3|6|1|6|4|5|5|6|4|4|4|7|5|7|0|15|0|9|6|1|12|2|2|14|3|12|4|2|12|2|10|3|2|12|0|10|5|5|3|9|7|7|6|2|13|2|10|6|0|16|0|14|2|0|16|1|5|12|5|12|1|5|11|6|13|6|3|13|8|14|3|11|13|12|3|13|8|13|8|6|13|8|11|12|4|14|4|12|13|10|13|7|12|17|11|20|3|16|13|11|13|2|18|8|2|19|10|17|8|1|16|7|16|5|1|19|6|21|7|1|20|4|1|19|2|16|1|2|22|1|19|0|1|17|1|16|0|0|17|0|1|23|1|22|1|1|21|1|18|1|0|17|2|18|3|2|19|1|0|17|1|9|8|0|10|9|6|10|4|6|12|1|5|8|5|0|12|1|3|11|2|12|2|2|10|1|10|0|1|10|1|0|11|2|10|0|1|9|1|8|0|0|6|0|1|6|0|1|7|0|1|6|0|2|3|0|3|0|1|3|0|1|3|1|0|2|1|0|1</HistCounts>
      </HistItem>
    </Histograms>
    <Metadata>
      <MDI key="RepresentationType">ATHEMATIC</MDI>
      <MDI key="STATISTICS_COVARIANCES">2.337166929788354e-05</MDI>
      <MDI key="STATISTICS_EXCLUDEDVALUES"></MDI>
      <MDI key="STATISTICS_MAXIMUM">4.073263168335</MDI>
      <MDI key="STATISTICS_MEAN">4.0623871138692</MDI>
      <MDI key="STATISTICS_MINIMUM">4.0516719818115</MDI>
      <MDI key="STATISTICS_SKIPFACTORX">1</MDI>
      <MDI key="STATISTICS_SKIPFACTORY">1</MDI>
      <MDI key="STATISTICS_STDDEV">0.0048344254361696</MDI>
    </Metadata>
  </PAMRasterBand>
</PAMDataset>
