<PAMDataset>
  <PAMRasterBand band="1">
    <Histograms>
      <HistItem>
        <HistMin>0.9515062570571899</HistMin>
        <HistMax>0.9704110622406006</HistMax>
        <BucketCount>256</BucketCount>
        <IncludeOutOfRange>1</IncludeOutOfRange>
        <Approximate>0</Approximate>
        <HistCounts>1|0|2|0|1|2|0|2|2|2|1|2|2|1|4|2|4|2|1|6|2|6|3|5|2|2|5|3|7|3|7|3|3|7|4|9|2|7|4|3|8|5|8|3|8|5|2|7|8|9|4|9|3|6|10|5|8|2|9|9|2|12|5|13|5|4|10|5|13|4|9|6|7|11|5|11|4|18|4|3|13|4|16|3|14|5|4|15|4|14|6|9|12|1|17|6|13|5|3|17|6|17|3|17|5|5|14|4|22|2|16|6|6|18|4|18|5|20|8|6|17|5|26|4|20|4|7|21|6|19|7|11|17|4|23|6|19|6|4|21|8|18|4|19|5|7|16|2|23|2|20|3|7|17|5|15|2|20|2|2|16|3|16|2|12|5|1|14|5|9|4|3|9|4|13|1|11|2|4|12|2|9|3|11|0|4|9|2|9|4|7|3|2|6|2|11|1|6|2|2|10|1|8|1|10|1|0|8|0|9|0|1|6|1|6|0|7|0|1|5|1|6|1|4|0|2|5|1|2|2|3|2|1|2|2|3|0|2|2|1|0|2|2|1|0|2|1|1|0|1|1|0|0|0|0|1</HistCounts>
      </HistItem>
    </Histograms>
    <Metadata>
      <MDI key="RepresentationType">ATHEMATIC</MDI>
      <MDI key="STATISTICS_COVARIANCES">1.59294604043144e-05</MDI>
      <MDI key="STATISTICS_EXCLUDEDVALUES"></MDI>
      <MDI key="STATISTICS_MAXIMUM">0.9704110622406</MDI>
      <MDI key="STATISTICS_MEAN">0.96036179848015</MDI>
      <MDI key="STATISTICS_MINIMUM">0.95150625705719</MDI>
      <MDI key="STATISTICS_SKIPFACTORX">1</MDI>
      <MDI key="STATISTICS_SKIPFACTORY">1</MDI>
      <MDI key="STATISTICS_STDDEV">0.0039911728106303</MDI>
    </Metadata>
  </PAMRasterBand>
</PAMDataset>
