<PAMDataset>
  <Metadata>
    <MDI key="DataType">Generic</MDI>
  </Metadata>
  <PAMRasterBand band="1">
    <Histograms>
      <HistItem>
        <HistMin>0.8723429441452026</HistMin>
        <HistMax>0.9076604247093201</HistMax>
        <BucketCount>256</BucketCount>
        <IncludeOutOfRange>1</IncludeOutOfRange>
        <Approximate>0</Approximate>
        <HistCounts>1|0|0|1|1|0|0|1|1|1|0|1|1|2|0|1|2|1|2|1|1|2|2|0|3|2|4|2|3|2|2|3|2|5|2|1|3|4|1|5|3|3|5|3|3|3|5|5|3|3|3|4|5|3|3|7|4|4|5|4|5|6|5|2|5|4|7|4|5|3|7|6|4|6|8|4|4|6|9|3|7|5|5|8|8|7|3|8|9|4|7|9|6|6|10|6|6|8|9|6|6|10|8|8|6|10|7|7|7|11|10|9|9|10|7|12|9|9|9|11|10|8|12|9|14|10|12|9|13|12|14|10|11|16|10|14|8|16|16|8|14|9|17|13|11|10|13|10|13|11|10|7|15|12|9|9|10|12|11|12|9|8|12|10|7|8|12|11|5|14|6|9|11|10|9|8|8|10|6|10|7|9|8|12|5|9|5|12|5|10|5|11|6|7|8|7|7|6|9|7|6|7|8|5|7|6|8|7|5|6|6|7|4|8|4|7|6|9|3|7|5|6|5|5|4|5|5|6|5|4|4|6|5|3|5|4|3|4|3|4|3|3|2|3|2|2|2|2|1|1|1|2|1|0|0|1</HistCounts>
      </HistItem>
    </Histograms>
    <Metadata>
      <MDI key="RepresentationType">ATHEMATIC</MDI>
      <MDI key="STATISTICS_COVARIANCES">5.689564975197721e-05</MDI>
      <MDI key="STATISTICS_EXCLUDEDVALUES"></MDI>
      <MDI key="STATISTICS_MAXIMUM">0.90766042470932</MDI>
      <MDI key="STATISTICS_MEAN">0.89166203800589</MDI>
      <MDI key="STATISTICS_MINIMUM">0.8723429441452</MDI>
      <MDI key="STATISTICS_SKIPFACTORX">1</MDI>
      <MDI key="STATISTICS_SKIPFACTORY">1</MDI>
      <MDI key="STATISTICS_STDDEV">0.0075429205054791</MDI>
    </Metadata>
  </PAMRasterBand>
</PAMDataset>
