<PAMDataset>
  <PAMRasterBand band="1">
    <Histograms>
      <HistItem>
        <HistMin>0.8415464758872986</HistMin>
        <HistMax>0.8858581781387329</HistMax>
        <BucketCount>256</BucketCount>
        <IncludeOutOfRange>1</IncludeOutOfRange>
        <Approximate>0</Approximate>
        <HistCounts>1|0|0|1|1|0|0|1|1|0|1|2|1|0|1|2|2|1|1|2|1|2|1|2|1|2|1|2|3|2|1|3|2|3|2|2|2|4|2|1|4|3|3|1|3|4|2|4|4|3|4|5|4|3|6|3|3|5|5|4|3|5|6|4|5|6|4|5|3|8|5|4|4|7|4|6|5|7|7|4|4|8|5|4|5|7|7|5|6|8|8|4|8|9|9|1|9|13|7|0|12|9|9|4|10|10|11|5|10|13|7|7|13|9|7|8|10|11|8|7|13|10|12|11|11|11|14|9|11|9|12|10|11|11|13|11|11|11|12|12|13|10|10|12|11|7|13|12|9|13|13|13|10|12|14|11|6|13|10|11|11|12|10|9|10|11|12|10|12|8|10|10|10|8|11|8|13|7|9|11|7|10|9|10|6|10|9|7|10|8|10|9|9|9|6|9|9|8|5|6|10|8|6|8|7|10|8|5|6|7|8|7|7|6|5|8|8|7|5|3|7|8|6|6|4|5|3|6|6|5|3|3|5|3|3|4|3|2|3|3|2|3|1|2|2|2|0|1|1|1|0|1|1|0|0|1</HistCounts>
      </HistItem>
    </Histograms>
    <Metadata>
      <MDI key="RepresentationType">ATHEMATIC</MDI>
      <MDI key="STATISTICS_COVARIANCES">8.583680791908809e-05</MDI>
      <MDI key="STATISTICS_EXCLUDEDVALUES"></MDI>
      <MDI key="STATISTICS_MAXIMUM">0.88585817813873</MDI>
      <MDI key="STATISTICS_MEAN">0.86604700963944</MDI>
      <MDI key="STATISTICS_MINIMUM">0.8415464758873</MDI>
      <MDI key="STATISTICS_SKIPFACTORX">1</MDI>
      <MDI key="STATISTICS_SKIPFACTORY">1</MDI>
      <MDI key="STATISTICS_STDDEV">0.0092648155901285</MDI>
    </Metadata>
  </PAMRasterBand>
</PAMDataset>
