<PAMDataset>
  <Metadata>
    <MDI key="DataType">Generic</MDI>
  </Metadata>
  <PAMRasterBand band="1">
    <Histograms>
      <HistItem>
        <HistMin>1.029579520225525</HistMin>
        <HistMax>1.043029189109802</HistMax>
        <BucketCount>256</BucketCount>
        <IncludeOutOfRange>1</IncludeOutOfRange>
        <Approximate>0</Approximate>
        <HistCounts>1|0|0|0|1|0|1|0|2|0|2|0|1|1|1|2|3|1|2|1|3|1|2|2|3|3|2|1|4|1|2|4|2|4|1|3|4|1|4|3|1|7|2|3|4|2|6|4|2|6|3|5|3|4|5|5|6|4|6|5|5|5|4|5|7|4|7|6|6|6|5|7|2|6|5|3|9|2|5|7|4|6|7|3|9|5|6|6|8|5|7|8|8|7|9|5|9|12|7|11|7|12|11|14|8|7|14|10|11|10|11|11|11|11|9|13|10|11|6|13|7|11|16|5|11|12|6|14|8|12|15|8|12|10|10|18|7|11|9|13|17|13|10|13|20|9|12|11|10|19|11|13|8|11|18|10|13|8|9|12|8|12|7|7|12|7|11|7|6|13|8|8|9|9|8|10|7|8|11|6|10|8|7|10|13|5|11|10|12|8|8|10|13|7|8|7|8|12|6|7|4|8|10|6|5|4|6|8|6|5|6|8|3|5|3|4|9|2|5|3|3|4|3|6|2|4|1|4|3|2|4|2|2|1|2|2|1|2|1|1|2|0|3|1|0|1|1|1|1|0|2|0|1|0|0|1</HistCounts>
      </HistItem>
    </Histograms>
    <Metadata>
      <MDI key="RepresentationType">ATHEMATIC</MDI>
      <MDI key="STATISTICS_COVARIANCES">7.544668355994643e-06</MDI>
      <MDI key="STATISTICS_EXCLUDEDVALUES"></MDI>
      <MDI key="STATISTICS_MAXIMUM">1.0430291891098</MDI>
      <MDI key="STATISTICS_MEAN">1.0366978920251</MDI>
      <MDI key="STATISTICS_MINIMUM">1.0295795202255</MDI>
      <MDI key="STATISTICS_SKIPFACTORX">1</MDI>
      <MDI key="STATISTICS_SKIPFACTORY">1</MDI>
      <MDI key="STATISTICS_STDDEV">0.002746755969502</MDI>
    </Metadata>
  </PAMRasterBand>
</PAMDataset>
