<PAMDataset>
  <Metadata>
    <MDI key="DataType">Generic</MDI>
  </Metadata>
  <PAMRasterBand band="1">
    <Histograms>
      <HistItem>
        <HistMin>0.8722245097160339</HistMin>
        <HistMax>0.9076861143112183</HistMax>
        <BucketCount>256</BucketCount>
        <IncludeOutOfRange>1</IncludeOutOfRange>
        <Approximate>0</Approximate>
        <HistCounts>1|0|0|1|1|0|0|1|1|1|0|1|1|2|0|1|2|1|2|0|2|2|1|2|2|2|1|2|2|2|2|3|2|3|4|1|3|3|3|2|4|2|4|4|4|3|3|4|4|3|4|3|4|5|2|8|1|7|5|4|6|4|7|8|3|5|6|7|5|6|8|5|6|8|5|9|6|7|6|8|5|6|9|9|4|8|10|9|4|8|9|7|11|7|7|6|12|10|4|9|11|10|5|11|10|8|9|10|11|10|10|9|10|10|12|9|11|8|11|13|14|7|11|11|14|10|11|12|14|9|12|12|13|9|12|12|16|11|11|10|17|16|6|13|12|13|11|9|13|14|10|11|10|14|9|12|8|13|9|12|10|9|10|13|10|9|10|10|9|12|9|7|9|12|13|8|6|11|11|11|10|5|11|8|9|10|5|7|9|10|6|6|7|9|4|10|4|7|4|9|3|6|4|9|2|5|4|7|3|5|5|7|2|6|5|5|2|6|5|3|4|4|6|3|4|2|4|4|4|1|3|3|4|3|3|1|3|3|3|1|2|2|1|1|2|1|1|1|1|1|0|1|1|0|0|1</HistCounts>
      </HistItem>
    </Histograms>
    <Metadata>
      <MDI key="RepresentationType">ATHEMATIC</MDI>
      <MDI key="STATISTICS_COVARIANCES">5.193018151807586e-05</MDI>
      <MDI key="STATISTICS_EXCLUDEDVALUES"></MDI>
      <MDI key="STATISTICS_MAXIMUM">0.90768611431122</MDI>
      <MDI key="STATISTICS_MEAN">0.8909218603</MDI>
      <MDI key="STATISTICS_MINIMUM">0.87222450971603</MDI>
      <MDI key="STATISTICS_SKIPFACTORX">1</MDI>
      <MDI key="STATISTICS_SKIPFACTORY">1</MDI>
      <MDI key="STATISTICS_STDDEV">0.0072062598841615</MDI>
    </Metadata>
  </PAMRasterBand>
</PAMDataset>
