<PAMDataset>
  <Metadata>
    <MDI key="DataType">Generic</MDI>
  </Metadata>
  <PAMRasterBand band="1">
    <Histograms>
      <HistItem>
        <HistMin>4.125915050506592</HistMin>
        <HistMax>4.170344829559326</HistMax>
        <BucketCount>256</BucketCount>
        <IncludeOutOfRange>1</IncludeOutOfRange>
        <Approximate>0</Approximate>
        <HistCounts>1|0|2|0|2|1|0|2|0|3|0|3|1|0|6|0|6|2|0|7|0|9|0|2|7|0|9|0|2|8|1|11|0|3|10|0|5|7|2|12|0|4|10|1|13|0|7|9|2|15|0|7|10|3|15|0|3|15|2|11|6|4|18|1|11|9|5|11|8|6|11|7|9|11|8|10|7|8|10|12|2|12|10|10|16|5|11|13|7|11|14|2|17|9|8|16|3|8|18|6|12|17|6|15|15|10|12|11|8|13|9|10|13|6|13|10|11|10|9|14|9|8|13|11|8|13|11|9|15|8|9|12|7|12|12|10|10|11|11|7|13|12|6|13|11|7|8|8|7|9|9|8|8|8|8|9|10|8|6|10|9|4|10|6|8|8|5|10|7|5|11|5|5|8|3|9|7|4|7|7|5|7|6|7|7|6|6|8|4|4|6|5|3|6|4|4|6|4|4|5|5|4|2|6|4|2|4|3|3|4|4|3|5|2|4|4|4|3|3|3|2|4|1|4|1|1|3|3|2|3|3|2|2|2|3|2|1|2|2|0|1|1|1|0|1|2|0|0|2|0|0|2|0|0|0|1</HistCounts>
      </HistItem>
    </Histograms>
    <Metadata>
      <MDI key="RepresentationType">ATHEMATIC</MDI>
      <MDI key="STATISTICS_COVARIANCES">8.880294871700361e-05</MDI>
      <MDI key="STATISTICS_EXCLUDEDVALUES"></MDI>
      <MDI key="STATISTICS_MAXIMUM">4.1703448295593</MDI>
      <MDI key="STATISTICS_MEAN">4.1464942294359</MDI>
      <MDI key="STATISTICS_MINIMUM">4.1259150505066</MDI>
      <MDI key="STATISTICS_SKIPFACTORX">1</MDI>
      <MDI key="STATISTICS_SKIPFACTORY">1</MDI>
      <MDI key="STATISTICS_STDDEV">0.0094235316477955</MDI>
    </Metadata>
  </PAMRasterBand>
</PAMDataset>
