<PAMDataset>
  <Metadata>
    <MDI key="DataType">Generic</MDI>
  </Metadata>
  <PAMRasterBand band="1">
    <Histograms>
      <HistItem>
        <HistMin>4.091198921203613</HistMin>
        <HistMax>4.123728275299072</HistMax>
        <BucketCount>256</BucketCount>
        <IncludeOutOfRange>1</IncludeOutOfRange>
        <Approximate>0</Approximate>
        <HistCounts>1|1|0|0|1|2|1|1|3|1|4|0|3|2|0|4|1|4|0|3|4|2|5|1|6|2|0|7|2|7|4|4|6|3|4|4|3|5|1|3|8|2|4|6|2|3|6|4|7|3|4|8|6|3|6|6|4|10|3|10|6|1|11|7|1|13|4|7|7|5|13|0|17|3|5|15|2|15|3|4|17|3|10|9|10|15|1|8|14|7|13|4|12|13|1|24|4|5|20|4|15|7|11|16|5|11|14|10|11|9|17|10|7|23|4|16|11|5|25|2|8|24|1|9|23|2|28|1|6|24|1|9|21|0|9|21|3|21|4|7|19|4|4|20|4|22|2|2|23|1|4|20|1|6|17|1|24|1|0|25|1|0|25|1|1|22|0|12|10|1|12|9|0|11|10|0|10|11|3|7|9|1|10|8|2|15|1|3|15|0|2|14|0|3|15|0|4|10|0|5|10|0|5|5|4|5|5|3|4|6|1|5|4|2|6|3|3|4|5|3|3|5|1|1|6|1|1|6|0|3|5|0|2|4|0|2|3|0|1|3|0|0|3|0|0|4|0|0|3|0|0|2|0|0|0|1</HistCounts>
      </HistItem>
    </Histograms>
    <Metadata>
      <MDI key="RepresentationType">ATHEMATIC</MDI>
      <MDI key="STATISTICS_COVARIANCES">4.677751251509988e-05</MDI>
      <MDI key="STATISTICS_EXCLUDEDVALUES"></MDI>
      <MDI key="STATISTICS_MAXIMUM">4.1237282752991</MDI>
      <MDI key="STATISTICS_MEAN">4.106939856112</MDI>
      <MDI key="STATISTICS_MINIMUM">4.0911989212036</MDI>
      <MDI key="STATISTICS_SKIPFACTORX">1</MDI>
      <MDI key="STATISTICS_SKIPFACTORY">1</MDI>
      <MDI key="STATISTICS_STDDEV">0.0068394087840324</MDI>
    </Metadata>
  </PAMRasterBand>
</PAMDataset>
