<PAMDataset>
  <Metadata>
    <MDI key="DataType">Generic</MDI>
  </Metadata>
  <PAMRasterBand band="1">
    <Histograms>
      <HistItem>
        <HistMin>0.8875429034233093</HistMin>
        <HistMax>0.9201670289039612</HistMax>
        <BucketCount>256</BucketCount>
        <IncludeOutOfRange>1</IncludeOutOfRange>
        <Approximate>0</Approximate>
        <HistCounts>1|0|1|0|1|1|1|0|1|1|1|1|1|1|1|2|1|2|1|1|3|1|1|2|3|2|1|2|4|0|4|4|3|1|5|3|4|1|4|5|3|1|5|4|4|3|4|6|2|4|5|6|3|4|5|7|3|5|6|2|8|5|5|4|6|7|5|3|7|7|7|2|8|9|1|6|9|7|2|9|8|8|2|8|9|8|4|9|8|6|7|11|9|5|8|10|11|5|8|11|11|7|6|10|11|9|6|10|11|9|10|11|8|11|10|10|8|12|10|10|9|14|8|11|11|13|10|11|14|11|10|14|13|11|8|15|12|12|9|15|15|10|10|12|14|9|9|16|11|8|7|15|13|8|10|12|10|9|9|13|9|8|7|12|10|8|10|13|9|9|9|10|8|8|9|9|10|5|11|7|11|5|11|7|9|7|8|9|6|8|8|8|4|6|12|5|7|7|9|4|7|8|6|5|6|8|4|5|7|7|4|5|5|4|5|5|8|3|3|5|4|4|4|5|4|3|4|6|2|4|4|5|2|3|3|5|1|3|3|2|2|2|2|2|2|1|1|1|1|1|2|1|1|0|0|1</HistCounts>
      </HistItem>
    </Histograms>
    <Metadata>
      <MDI key="RepresentationType">ATHEMATIC</MDI>
      <MDI key="STATISTICS_COVARIANCES">4.716594923113236e-05</MDI>
      <MDI key="STATISTICS_EXCLUDEDVALUES"></MDI>
      <MDI key="STATISTICS_MAXIMUM">0.92016702890396</MDI>
      <MDI key="STATISTICS_MEAN">0.90479999504983</MDI>
      <MDI key="STATISTICS_MINIMUM">0.88754290342331</MDI>
      <MDI key="STATISTICS_SKIPFACTORX">1</MDI>
      <MDI key="STATISTICS_SKIPFACTORY">1</MDI>
      <MDI key="STATISTICS_STDDEV">0.0068677470273105</MDI>
    </Metadata>
  </PAMRasterBand>
</PAMDataset>
