<PAMDataset>
  <Metadata>
    <MDI key="DataType">Generic</MDI>
  </Metadata>
  <PAMRasterBand band="1">
    <Histograms>
      <HistItem>
        <HistMin>0.8583479523658752</HistMin>
        <HistMax>0.8701190948486328</HistMax>
        <BucketCount>256</BucketCount>
        <IncludeOutOfRange>1</IncludeOutOfRange>
        <Approximate>0</Approximate>
        <HistCounts>1|0|0|0|0|0|1|0|0|0|0|1|0|0|0|0|0|0|0|1|0|0|1|0|1|0|0|1|0|0|0|0|0|0|0|1|1|0|0|0|0|1|1|0|1|2|2|1|3|2|1|1|3|0|3|4|3|2|6|5|4|2|3|2|2|2|3|4|2|5|3|7|4|6|8|4|9|5|10|2|10|7|6|10|7|5|8|5|4|3|10|7|5|11|7|12|15|9|6|13|16|7|10|6|6|10|13|19|14|5|10|7|19|11|13|13|10|6|9|17|17|16|13|12|12|9|19|6|11|11|18|24|22|14|18|8|9|14|22|21|19|12|16|14|24|18|16|10|18|13|19|19|16|19|18|17|10|23|18|22|13|11|13|10|24|12|11|10|14|10|7|10|9|10|4|13|12|10|10|6|6|16|6|8|5|7|5|6|7|12|9|6|11|6|11|2|3|2|4|4|4|3|5|1|4|6|6|7|2|2|4|1|5|3|4|1|2|1|7|2|0|2|0|3|1|4|0|1|0|1|0|0|0|0|0|2|1|0|0|0|1|0|1|0|2|0|0|0|0|0|0|0|0|0|0|1</HistCounts>
      </HistItem>
    </Histograms>
    <Metadata>
      <MDI key="RepresentationType">ATHEMATIC</MDI>
      <MDI key="STATISTICS_COVARIANCES">3.383768568973676e-06</MDI>
      <MDI key="STATISTICS_EXCLUDEDVALUES"></MDI>
      <MDI key="STATISTICS_MAXIMUM">0.87011909484863</MDI>
      <MDI key="STATISTICS_MEAN">0.86467713870108</MDI>
      <MDI key="STATISTICS_MINIMUM">0.85834795236588</MDI>
      <MDI key="STATISTICS_SKIPFACTORX">1</MDI>
      <MDI key="STATISTICS_SKIPFACTORY">1</MDI>
      <MDI key="STATISTICS_STDDEV">0.0018395022612037</MDI>
    </Metadata>
  </PAMRasterBand>
</PAMDataset>
