<PAMDataset>
  <PAMRasterBand band="1">
    <Histograms>
      <HistItem>
        <HistMin>0.8136684918482239</HistMin>
        <HistMax>0.829728384189007</HistMax>
        <BucketCount>256</BucketCount>
        <IncludeOutOfRange>1</IncludeOutOfRange>
        <Approximate>0</Approximate>
        <HistCounts>1|0|0|0|0|0|0|0|0|0|0|0|0|0|0|0|0|0|1|0|0|0|0|0|0|0|1|0|2|0|0|1|0|0|0|1|1|1|1|2|2|0|3|2|1|0|0|0|2|2|2|1|4|2|4|3|5|1|3|4|2|3|6|8|4|8|5|11|8|4|9|4|7|14|4|13|7|13|5|8|9|12|10|6|8|5|8|12|13|14|8|13|11|13|17|30|10|16|15|20|18|19|17|24|12|6|20|15|21|19|14|17|12|14|22|23|19|21|25|13|14|18|22|15|23|19|7|18|11|18|19|14|17|12|19|10|17|23|7|16|17|17|13|11|22|14|15|10|10|16|11|17|12|16|9|10|7|7|14|12|11|12|10|8|6|10|8|6|7|3|5|10|7|12|6|3|3|5|4|3|4|4|3|2|5|5|5|4|0|4|3|4|3|4|2|3|2|3|3|1|1|0|3|0|1|1|1|0|2|2|0|0|0|1|2|2|1|1|0|0|0|0|1|0|0|0|0|0|0|1|0|0|0|0|0|0|0|0|0|0|0|0|0|0|0|0|0|0|0|0|0|0|0|0|0|1</HistCounts>
      </HistItem>
    </Histograms>
    <Metadata>
      <MDI key="RepresentationType">ATHEMATIC</MDI>
      <MDI key="STATISTICS_COVARIANCES">4.901747728625376e-06</MDI>
      <MDI key="STATISTICS_EXCLUDEDVALUES"></MDI>
      <MDI key="STATISTICS_MAXIMUM">0.82972838418901</MDI>
      <MDI key="STATISTICS_MEAN">0.82132082815426</MDI>
      <MDI key="STATISTICS_MINIMUM">0.81366849184822</MDI>
      <MDI key="STATISTICS_SKIPFACTORX">1</MDI>
      <MDI key="STATISTICS_SKIPFACTORY">1</MDI>
      <MDI key="STATISTICS_STDDEV">0.0022139890985787</MDI>
    </Metadata>
  </PAMRasterBand>
</PAMDataset>
