<PAMDataset>
  <Metadata>
    <MDI key="DataType">Generic</MDI>
  </Metadata>
  <PAMRasterBand band="1">
    <Histograms>
      <HistItem>
        <HistMin>0.8207982778549194</HistMin>
        <HistMax>0.8370136022567749</HistMax>
        <BucketCount>256</BucketCount>
        <IncludeOutOfRange>1</IncludeOutOfRange>
        <Approximate>0</Approximate>
        <HistCounts>1|0|0|0|0|0|0|0|0|0|1|1|0|0|0|0|0|0|0|0|0|0|1|0|0|0|0|0|0|0|0|0|2|1|4|1|2|1|1|0|0|0|1|0|2|5|0|0|0|0|2|0|0|0|0|0|0|2|0|1|1|1|4|1|0|3|3|0|1|2|0|3|3|1|1|2|1|1|1|0|1|4|0|1|3|1|2|5|0|0|3|2|2|2|0|0|2|3|3|2|3|0|0|2|1|3|5|3|2|5|2|6|3|2|0|5|3|3|8|6|4|6|10|5|4|5|8|6|14|6|5|8|4|9|19|7|7|11|15|11|10|11|12|8|12|16|12|15|12|12|14|17|12|12|16|16|21|15|16|16|18|21|19|24|22|20|12|18|32|25|24|22|29|21|16|11|26|15|10|20|17|14|23|20|22|13|21|30|13|19|19|24|13|17|10|18|12|12|25|13|14|12|19|12|12|11|20|6|3|9|6|7|6|10|5|5|6|5|2|9|2|3|4|5|4|11|3|4|5|1|1|2|3|0|3|1|1|2|0|0|4|0|0|0|2|0|1|0|2|0|0|1|0|0|0|1</HistCounts>
      </HistItem>
    </Histograms>
    <Metadata>
      <MDI key="RepresentationType">ATHEMATIC</MDI>
      <MDI key="STATISTICS_COVARIANCES">5.665037471825735e-06</MDI>
      <MDI key="STATISTICS_EXCLUDEDVALUES"></MDI>
      <MDI key="STATISTICS_MAXIMUM">0.83701360225677</MDI>
      <MDI key="STATISTICS_MEAN">0.83132097397</MDI>
      <MDI key="STATISTICS_MINIMUM">0.82079827785492</MDI>
      <MDI key="STATISTICS_SKIPFACTORX">1</MDI>
      <MDI key="STATISTICS_SKIPFACTORY">1</MDI>
      <MDI key="STATISTICS_STDDEV">0.0023801339188848</MDI>
    </Metadata>
  </PAMRasterBand>
</PAMDataset>
