<PAMDataset>
  <Metadata>
    <MDI key="DataType">Generic</MDI>
  </Metadata>
  <PAMRasterBand band="1">
    <Histograms>
      <HistItem>
        <HistMin>0.8575074672698975</HistMin>
        <HistMax>0.8681785464286804</HistMax>
        <BucketCount>256</BucketCount>
        <IncludeOutOfRange>1</IncludeOutOfRange>
        <Approximate>0</Approximate>
        <HistCounts>1|0|0|0|0|0|0|0|0|0|0|0|0|0|0|0|1|1|1|0|0|0|2|1|0|1|2|0|0|2|0|1|0|0|2|2|0|2|0|1|1|2|0|1|1|2|2|2|1|4|3|1|3|2|1|1|2|1|3|2|1|5|6|2|2|3|2|8|11|1|5|2|6|7|7|8|9|4|7|10|5|6|13|3|5|10|8|5|8|5|5|12|6|10|10|11|11|18|10|12|13|9|14|21|12|9|16|5|18|19|13|17|25|7|10|9|17|26|16|6|15|18|28|14|18|16|23|12|23|18|13|11|19|9|20|17|12|11|13|21|18|18|17|13|17|11|14|18|19|10|13|14|22|12|15|10|14|19|23|7|5|11|17|16|14|12|5|10|5|7|6|7|5|7|6|14|8|12|8|8|5|7|8|8|4|5|10|6|8|10|4|6|1|3|3|3|3|3|7|2|3|6|2|2|2|3|3|5|2|0|1|0|4|2|3|1|1|3|2|2|0|0|0|2|0|1|0|1|1|0|0|0|0|0|0|0|0|4|1|1|0|1|0|0|0|0|0|0|0|0|0|0|0|0|0|1</HistCounts>
      </HistItem>
    </Histograms>
    <Metadata>
      <MDI key="RepresentationType">ATHEMATIC</MDI>
      <MDI key="STATISTICS_COVARIANCES">2.641579518884127e-06</MDI>
      <MDI key="STATISTICS_EXCLUDEDVALUES"></MDI>
      <MDI key="STATISTICS_MAXIMUM">0.86817854642868</MDI>
      <MDI key="STATISTICS_MEAN">0.86297535125166</MDI>
      <MDI key="STATISTICS_MINIMUM">0.8575074672699</MDI>
      <MDI key="STATISTICS_SKIPFACTORX">1</MDI>
      <MDI key="STATISTICS_SKIPFACTORY">1</MDI>
      <MDI key="STATISTICS_STDDEV">0.0016252936715819</MDI>
    </Metadata>
  </PAMRasterBand>
</PAMDataset>
