<PAMDataset>
  <Metadata>
    <MDI key="DataType">Generic</MDI>
  </Metadata>
  <PAMRasterBand band="1">
    <Histograms>
      <HistItem>
        <HistMin>0.8529749512672424</HistMin>
        <HistMax>0.864011287689209</HistMax>
        <BucketCount>256</BucketCount>
        <IncludeOutOfRange>1</IncludeOutOfRange>
        <Approximate>0</Approximate>
        <HistCounts>2|0|0|0|0|1|0|0|1|0|0|0|1|0|3|1|0|1|1|0|3|1|1|1|2|1|1|0|2|2|2|8|2|3|0|4|4|1|4|4|4|1|3|8|7|2|4|6|6|5|8|5|7|8|5|6|7|5|3|8|7|5|7|8|11|3|4|6|8|4|8|12|7|11|5|8|9|8|15|13|6|5|7|5|9|13|8|11|13|6|13|16|16|13|9|13|4|14|17|13|15|17|11|7|18|14|10|9|17|12|15|17|19|19|15|15|20|10|13|16|21|9|15|11|13|13|15|18|21|13|11|10|18|15|20|11|10|13|8|18|16|16|17|8|15|8|11|12|9|23|12|10|8|9|15|18|12|9|12|10|15|12|8|4|8|3|4|10|6|2|4|3|2|6|10|7|3|6|6|5|7|4|7|4|0|3|5|5|7|4|5|3|2|1|1|5|2|5|4|2|0|1|1|3|1|1|2|3|1|5|5|4|0|1|2|1|0|0|0|2|0|1|1|0|0|0|1|0|0|0|0|1|0|1|0|0|2|0|0|0|0|0|0|0|0|0|0|0|0|0|2|0|0|0|0|1</HistCounts>
      </HistItem>
    </Histograms>
    <Metadata>
      <MDI key="RepresentationType">ATHEMATIC</MDI>
      <MDI key="STATISTICS_COVARIANCES">3.43721908898841e-06</MDI>
      <MDI key="STATISTICS_EXCLUDEDVALUES"></MDI>
      <MDI key="STATISTICS_MAXIMUM">0.86401128768921</MDI>
      <MDI key="STATISTICS_MEAN">0.8580653147772</MDI>
      <MDI key="STATISTICS_MINIMUM">0.85297495126724</MDI>
      <MDI key="STATISTICS_SKIPFACTORX">1</MDI>
      <MDI key="STATISTICS_SKIPFACTORY">1</MDI>
      <MDI key="STATISTICS_STDDEV">0.00185397386416</MDI>
    </Metadata>
  </PAMRasterBand>
</PAMDataset>
