<PAMDataset>
  <Metadata>
    <MDI key="DataType">Generic</MDI>
  </Metadata>
  <PAMRasterBand band="1">
    <Histograms>
      <HistItem>
        <HistMin>0.8601785898208618</HistMin>
        <HistMax>0.8693430423736572</HistMax>
        <BucketCount>256</BucketCount>
        <IncludeOutOfRange>1</IncludeOutOfRange>
        <Approximate>0</Approximate>
        <HistCounts>1|0|0|0|0|0|0|0|1|0|0|1|1|0|0|0|0|1|0|0|3|1|0|0|1|1|3|0|2|2|2|1|3|1|1|3|1|4|0|4|1|3|4|4|1|6|3|4|6|3|6|4|5|11|3|6|6|9|4|11|10|6|9|6|8|9|9|9|10|7|12|13|10|21|23|21|6|13|13|11|19|16|8|12|13|16|18|16|28|23|22|13|14|14|17|20|18|16|15|13|21|12|20|15|17|10|14|13|19|14|21|13|15|11|15|14|10|23|20|19|15|13|15|15|18|20|18|8|15|10|16|21|13|15|11|15|11|11|17|17|15|13|6|11|5|8|8|9|6|4|10|7|7|12|7|5|9|3|9|9|10|10|6|8|5|3|4|7|4|3|7|2|1|4|0|6|2|1|4|2|2|2|4|0|0|1|1|1|2|1|4|2|1|1|0|1|1|3|1|0|2|0|1|1|2|1|0|1|1|0|0|0|0|0|0|0|0|0|1|0|1|0|0|0|0|0|0|0|0|0|0|0|1|0|0|1|0|0|0|0|0|0|0|0|0|0|0|1|0|0|0|0|0|0|0|1</HistCounts>
      </HistItem>
    </Histograms>
    <Metadata>
      <MDI key="RepresentationType">ATHEMATIC</MDI>
      <MDI key="STATISTICS_COVARIANCES">1.708909424744759e-06</MDI>
      <MDI key="STATISTICS_EXCLUDEDVALUES"></MDI>
      <MDI key="STATISTICS_MAXIMUM">0.86934304237366</MDI>
      <MDI key="STATISTICS_MEAN">0.86406379368156</MDI>
      <MDI key="STATISTICS_MINIMUM">0.86017858982086</MDI>
      <MDI key="STATISTICS_SKIPFACTORX">1</MDI>
      <MDI key="STATISTICS_SKIPFACTORY">1</MDI>
      <MDI key="STATISTICS_STDDEV">0.0013072526246846</MDI>
    </Metadata>
  </PAMRasterBand>
</PAMDataset>
