<PAMDataset>
  <Metadata>
    <MDI key="DataType">Generic</MDI>
  </Metadata>
  <PAMRasterBand band="1">
    <Histograms>
      <HistItem>
        <HistMin>0.7804484963417053</HistMin>
        <HistMax>0.809306800365448</HistMax>
        <BucketCount>256</BucketCount>
        <IncludeOutOfRange>1</IncludeOutOfRange>
        <Approximate>0</Approximate>
        <HistCounts>2|0|0|0|0|0|0|0|0|0|0|0|0|0|0|1|1|2|1|1|0|0|1|0|2|3|0|0|1|0|0|2|3|1|2|6|3|1|3|2|2|1|3|7|4|2|2|1|3|2|0|5|5|3|1|4|2|1|5|5|8|6|6|3|4|3|3|5|9|3|4|7|4|5|10|16|5|6|7|1|10|10|11|11|10|12|10|10|3|10|14|12|6|10|16|9|11|9|7|12|18|14|8|21|20|15|8|11|11|16|17|19|20|14|15|12|19|13|14|21|21|15|16|17|10|7|10|23|13|17|13|13|10|12|9|9|8|6|7|15|14|3|15|8|14|9|8|6|12|14|8|10|13|8|11|7|5|14|10|11|10|8|10|11|14|3|9|8|14|4|10|7|14|9|4|12|4|9|12|8|5|7|7|3|9|6|2|4|9|12|6|6|8|3|6|8|9|6|3|6|1|6|2|7|10|3|1|2|3|4|4|3|7|8|5|2|3|0|2|2|7|3|3|4|2|3|2|1|2|1|1|0|0|3|2|1|1|0|1|1|1|0|0|2|1|1|0|0|1|0|1|1|1|1|0|1</HistCounts>
      </HistItem>
    </Histograms>
    <Metadata>
      <MDI key="RepresentationType">ATHEMATIC</MDI>
      <MDI key="STATISTICS_COVARIANCES">2.773059752828622e-05</MDI>
      <MDI key="STATISTICS_EXCLUDEDVALUES"></MDI>
      <MDI key="STATISTICS_MAXIMUM">0.80930680036545</MDI>
      <MDI key="STATISTICS_MEAN">0.79514568317682</MDI>
      <MDI key="STATISTICS_MINIMUM">0.78044849634171</MDI>
      <MDI key="STATISTICS_SKIPFACTORX">1</MDI>
      <MDI key="STATISTICS_SKIPFACTORY">1</MDI>
      <MDI key="STATISTICS_STDDEV">0.0052659849532909</MDI>
    </Metadata>
  </PAMRasterBand>
</PAMDataset>
