<PAMDataset>
  <Metadata>
    <MDI key="DataType">Generic</MDI>
  </Metadata>
  <PAMRasterBand band="1">
    <Histograms>
      <HistItem>
        <HistMin>0.825660765171051</HistMin>
        <HistMax>0.8388416767120361</HistMax>
        <BucketCount>256</BucketCount>
        <IncludeOutOfRange>1</IncludeOutOfRange>
        <Approximate>0</Approximate>
        <HistCounts>1|0|0|1|0|0|0|0|0|0|0|0|0|1|0|2|1|0|0|1|0|1|4|0|2|1|2|1|2|2|2|1|2|6|2|3|5|5|4|10|9|6|4|9|6|7|7|4|6|10|11|9|14|8|8|7|10|9|21|11|11|13|14|19|11|13|12|19|15|21|25|20|14|21|15|16|14|13|12|14|23|25|18|25|12|19|26|30|12|18|24|11|26|33|19|15|7|29|16|19|16|20|10|28|17|11|18|19|9|24|17|16|12|12|19|11|12|11|5|12|18|8|8|4|3|7|16|5|12|5|3|13|15|12|3|4|3|7|7|7|1|5|4|5|7|7|3|3|3|3|2|0|8|1|3|3|7|2|7|3|1|3|2|0|0|3|3|5|2|6|2|2|2|4|2|3|1|4|5|1|1|2|1|1|4|1|1|0|2|1|2|1|0|0|1|0|3|1|2|1|3|0|3|2|2|1|2|1|1|2|0|0|1|1|1|0|0|1|1|0|2|0|1|0|0|0|0|0|0|1|0|0|0|0|0|0|0|0|0|0|1|1|0|0|0|0|0|0|0|0|1|0|0|0|1|1</HistCounts>
      </HistItem>
    </Histograms>
    <Metadata>
      <MDI key="RepresentationType">ATHEMATIC</MDI>
      <MDI key="STATISTICS_COVARIANCES">3.840917190049674e-06</MDI>
      <MDI key="STATISTICS_EXCLUDEDVALUES"></MDI>
      <MDI key="STATISTICS_MAXIMUM">0.83884167671204</MDI>
      <MDI key="STATISTICS_MEAN">0.83064573075622</MDI>
      <MDI key="STATISTICS_MINIMUM">0.82566076517105</MDI>
      <MDI key="STATISTICS_SKIPFACTORX">1</MDI>
      <MDI key="STATISTICS_SKIPFACTORY">1</MDI>
      <MDI key="STATISTICS_STDDEV">0.0019598258060475</MDI>
    </Metadata>
  </PAMRasterBand>
</PAMDataset>
