<PAMDataset>
  <Metadata>
    <MDI key="DataType">Generic</MDI>
  </Metadata>
  <PAMRasterBand band="1">
    <Histograms>
      <HistItem>
        <HistMin>0.8340516686439514</HistMin>
        <HistMax>0.8473147749900818</HistMax>
        <BucketCount>256</BucketCount>
        <IncludeOutOfRange>1</IncludeOutOfRange>
        <Approximate>0</Approximate>
        <HistCounts>1|0|0|0|0|0|0|0|0|0|2|0|0|1|0|0|1|1|0|1|1|1|1|2|1|1|0|0|1|0|0|0|1|1|1|3|1|2|1|2|1|1|2|2|2|2|4|1|3|1|4|2|2|6|2|5|4|4|5|3|2|5|5|9|5|4|5|2|9|4|1|3|9|12|14|7|6|9|7|9|11|5|4|8|10|13|11|13|10|9|6|14|8|9|19|13|13|18|22|13|4|12|14|20|9|9|10|10|10|17|15|17|11|14|13|11|18|16|13|17|23|15|13|15|13|16|15|14|21|12|10|18|16|19|18|19|15|21|22|21|24|8|15|9|21|25|19|12|11|12|23|12|9|8|8|13|11|13|15|11|10|12|18|12|11|13|4|6|6|11|9|3|8|12|12|8|6|6|5|4|6|4|2|3|4|5|7|3|3|2|5|1|5|3|2|1|5|4|4|4|1|0|1|3|1|0|2|1|0|5|1|0|1|0|3|0|1|1|1|0|4|2|0|0|1|0|0|0|0|1|1|0|1|0|0|0|0|0|0|0|0|0|0|0|2|0|0|0|0|0|1|0|0|1|0|1</HistCounts>
      </HistItem>
    </Histograms>
    <Metadata>
      <MDI key="RepresentationType">ATHEMATIC</MDI>
      <MDI key="STATISTICS_COVARIANCES">4.122086997245257e-06</MDI>
      <MDI key="STATISTICS_EXCLUDEDVALUES"></MDI>
      <MDI key="STATISTICS_MAXIMUM">0.84731477499008</MDI>
      <MDI key="STATISTICS_MEAN">0.84053700726479</MDI>
      <MDI key="STATISTICS_MINIMUM">0.83405166864395</MDI>
      <MDI key="STATISTICS_SKIPFACTORX">1</MDI>
      <MDI key="STATISTICS_SKIPFACTORY">1</MDI>
      <MDI key="STATISTICS_STDDEV">0.0020302923428032</MDI>
    </Metadata>
  </PAMRasterBand>
</PAMDataset>
