<PAMDataset>
  <Metadata>
    <MDI key="DataType">Generic</MDI>
  </Metadata>
  <PAMRasterBand band="1">
    <Histograms>
      <HistItem>
        <HistMin>0.8191405534744263</HistMin>
        <HistMax>0.8323321938514709</HistMax>
        <BucketCount>256</BucketCount>
        <IncludeOutOfRange>1</IncludeOutOfRange>
        <Approximate>0</Approximate>
        <HistCounts>1|0|0|0|0|1|0|0|1|0|0|2|0|0|0|0|0|0|0|2|1|2|5|0|2|1|3|0|0|1|1|5|1|5|3|2|2|7|1|3|7|6|0|5|5|5|2|5|5|5|6|7|7|1|6|6|2|12|3|11|9|9|13|15|8|6|8|12|9|16|8|9|18|6|20|21|15|9|13|13|12|15|19|13|10|16|17|23|22|9|15|18|16|14|14|14|14|9|10|20|12|30|28|10|16|9|21|21|11|12|18|17|17|24|19|15|12|16|12|18|12|19|20|10|12|6|13|12|9|12|3|6|11|20|16|3|8|8|9|14|10|19|8|2|10|16|15|5|7|3|13|4|5|5|10|7|8|7|8|11|4|4|6|4|6|8|5|3|4|5|3|3|6|9|2|2|1|2|4|4|4|3|3|5|4|8|4|4|5|4|0|3|3|3|2|0|2|2|2|2|2|1|1|1|0|0|1|0|0|0|0|6|3|0|1|0|0|1|0|1|0|0|0|0|0|1|1|1|0|0|1|0|0|0|0|0|0|0|0|0|0|0|0|0|0|0|0|0|0|0|0|0|0|0|0|1</HistCounts>
      </HistItem>
    </Histograms>
    <Metadata>
      <MDI key="RepresentationType">ATHEMATIC</MDI>
      <MDI key="STATISTICS_COVARIANCES">4.252165538099453e-06</MDI>
      <MDI key="STATISTICS_EXCLUDEDVALUES"></MDI>
      <MDI key="STATISTICS_MAXIMUM">0.83233219385147</MDI>
      <MDI key="STATISTICS_MEAN">0.82474952526391</MDI>
      <MDI key="STATISTICS_MINIMUM">0.81914055347443</MDI>
      <MDI key="STATISTICS_SKIPFACTORX">1</MDI>
      <MDI key="STATISTICS_SKIPFACTORY">1</MDI>
      <MDI key="STATISTICS_STDDEV">0.0020620779660574</MDI>
    </Metadata>
  </PAMRasterBand>
</PAMDataset>
