<PAMDataset>
  <Metadata>
    <MDI key="DataType">Generic</MDI>
  </Metadata>
  <PAMRasterBand band="1">
    <Histograms>
      <HistItem>
        <HistMin>0.8431382179260254</HistMin>
        <HistMax>0.8540918827056885</HistMax>
        <BucketCount>256</BucketCount>
        <IncludeOutOfRange>1</IncludeOutOfRange>
        <Approximate>0</Approximate>
        <HistCounts>1|0|0|1|0|0|0|0|0|0|0|0|1|0|0|0|0|0|0|0|0|0|1|0|1|0|0|0|1|1|2|1|0|2|2|2|3|4|3|1|3|2|4|3|0|1|2|1|5|3|2|3|3|2|1|2|6|2|2|4|5|2|4|4|8|5|3|0|10|2|3|6|7|4|5|5|13|16|3|9|3|1|16|11|7|13|5|13|7|7|7|9|7|12|10|16|16|8|14|10|12|17|13|9|12|11|10|16|13|22|9|5|12|15|17|13|10|13|16|13|14|17|17|14|23|10|23|24|17|24|16|10|18|21|15|16|10|17|23|22|27|14|10|9|12|22|17|10|14|6|6|19|11|12|7|8|6|15|16|8|10|9|8|17|21|15|11|9|10|9|8|10|8|2|7|11|7|9|8|7|9|6|7|8|5|4|7|4|9|7|4|2|2|4|8|6|3|3|1|3|1|4|4|2|3|4|1|2|6|0|1|2|0|1|2|0|1|0|3|1|1|1|3|2|0|1|1|0|1|0|0|3|2|0|0|0|1|0|2|0|0|1|0|0|1|0|1|0|0|0|0|0|0|0|0|1</HistCounts>
      </HistItem>
    </Histograms>
    <Metadata>
      <MDI key="RepresentationType">ATHEMATIC</MDI>
      <MDI key="STATISTICS_COVARIANCES">3.013603023939874e-06</MDI>
      <MDI key="STATISTICS_EXCLUDEDVALUES"></MDI>
      <MDI key="STATISTICS_MAXIMUM">0.85409188270569</MDI>
      <MDI key="STATISTICS_MEAN">0.84865781404078</MDI>
      <MDI key="STATISTICS_MINIMUM">0.84313821792603</MDI>
      <MDI key="STATISTICS_SKIPFACTORX">1</MDI>
      <MDI key="STATISTICS_SKIPFACTORY">1</MDI>
      <MDI key="STATISTICS_STDDEV">0.0017359732209743</MDI>
    </Metadata>
  </PAMRasterBand>
</PAMDataset>
