<PAMDataset>
  <Metadata>
    <MDI key="DataType">Generic</MDI>
  </Metadata>
  <PAMRasterBand band="1">
    <Histograms>
      <HistItem>
        <HistMin>0.7771881818771362</HistMin>
        <HistMax>0.8912932276725769</HistMax>
        <BucketCount>256</BucketCount>
        <IncludeOutOfRange>1</IncludeOutOfRange>
        <Approximate>0</Approximate>
        <HistCounts>2|1|2|0|1|0|1|2|0|2|1|0|0|1|0|0|4|1|0|1|0|0|0|0|2|0|0|2|1|0|1|2|0|1|1|3|0|1|1|1|2|1|2|1|0|1|2|2|1|0|0|0|4|1|1|2|1|1|1|0|1|0|0|0|3|0|2|2|1|2|0|1|1|2|0|0|0|0|0|0|1|1|2|1|3|2|1|2|2|1|1|4|3|0|1|0|1|1|5|1|2|1|1|0|2|2|1|5|2|1|1|2|2|3|3|4|2|1|3|2|2|2|3|3|3|3|1|1|1|2|2|4|2|1|6|1|4|4|0|4|0|4|1|3|2|2|4|3|3|3|4|1|6|5|6|3|2|1|3|4|5|1|3|2|8|8|3|7|6|4|4|0|10|7|9|11|3|9|10|7|7|9|9|4|7|14|10|13|16|10|14|9|8|15|13|17|19|17|21|22|28|25|48|40|62|56|55|56|52|62|47|47|31|28|33|30|29|17|16|19|17|10|8|14|10|10|10|12|7|6|6|10|9|7|3|9|5|9|6|5|3|1|2|3|1|2|5|0|1|0|0|0|0|1|0|1</HistCounts>
      </HistItem>
    </Histograms>
    <Metadata>
      <MDI key="RepresentationType">ATHEMATIC</MDI>
      <MDI key="STATISTICS_COVARIANCES">0.0004026377001584733</MDI>
      <MDI key="STATISTICS_EXCLUDEDVALUES"></MDI>
      <MDI key="STATISTICS_MAXIMUM">0.89129322767258</MDI>
      <MDI key="STATISTICS_MEAN">0.86165609966964</MDI>
      <MDI key="STATISTICS_MINIMUM">0.77718818187714</MDI>
      <MDI key="STATISTICS_SKIPFACTORX">1</MDI>
      <MDI key="STATISTICS_SKIPFACTORY">1</MDI>
      <MDI key="STATISTICS_STDDEV">0.020065834150577</MDI>
    </Metadata>
  </PAMRasterBand>
</PAMDataset>
