<PAMDataset>
  <Metadata>
    <MDI key="DataType">Generic</MDI>
  </Metadata>
  <PAMRasterBand band="1">
    <Histograms>
      <HistItem>
        <HistMin>0.8653919696807861</HistMin>
        <HistMax>0.8775397539138794</HistMax>
        <BucketCount>256</BucketCount>
        <IncludeOutOfRange>1</IncludeOutOfRange>
        <Approximate>0</Approximate>
        <HistCounts>1|0|0|0|0|0|0|0|0|0|0|0|0|0|0|0|0|0|0|1|1|0|2|2|2|0|0|0|3|0|3|1|1|5|2|0|1|3|3|2|1|4|2|6|5|0|2|3|2|0|5|1|7|9|3|2|3|5|5|4|5|7|5|4|10|8|5|7|4|7|12|10|3|4|7|9|13|8|4|7|8|13|5|12|7|13|7|15|16|8|13|7|16|13|11|12|14|15|9|12|13|11|12|8|17|11|15|7|20|11|16|11|11|15|14|18|21|13|18|13|21|16|18|23|14|12|17|20|13|20|14|16|18|14|14|6|15|19|24|18|13|17|14|19|24|16|10|13|16|13|24|16|12|14|20|17|14|7|12|10|9|11|12|6|7|6|11|11|4|6|6|9|5|10|3|6|8|3|5|3|6|6|4|4|8|4|0|3|1|6|3|2|3|2|3|2|4|4|0|0|2|1|0|1|2|2|0|0|0|1|1|0|0|1|0|0|1|0|1|1|0|0|0|1|0|0|0|0|0|0|1|0|0|0|1|0|0|1|0|0|0|0|0|0|0|0|0|0|0|0|0|0|0|0|0|1</HistCounts>
      </HistItem>
    </Histograms>
    <Metadata>
      <MDI key="RepresentationType">ATHEMATIC</MDI>
      <MDI key="STATISTICS_COVARIANCES">3.27811331595381e-06</MDI>
      <MDI key="STATISTICS_EXCLUDEDVALUES"></MDI>
      <MDI key="STATISTICS_MAXIMUM">0.87753975391388</MDI>
      <MDI key="STATISTICS_MEAN">0.87114929426461</MDI>
      <MDI key="STATISTICS_MINIMUM">0.86539196968079</MDI>
      <MDI key="STATISTICS_SKIPFACTORX">1</MDI>
      <MDI key="STATISTICS_SKIPFACTORY">1</MDI>
      <MDI key="STATISTICS_STDDEV">0.0018105560792071</MDI>
    </Metadata>
  </PAMRasterBand>
</PAMDataset>
