<PAMDataset>
  <Metadata>
    <MDI key="DataType">Generic</MDI>
  </Metadata>
  <PAMRasterBand band="1">
    <Histograms>
      <HistItem>
        <HistMin>0.8449555039405823</HistMin>
        <HistMax>0.8602214455604553</HistMax>
        <BucketCount>256</BucketCount>
        <IncludeOutOfRange>1</IncludeOutOfRange>
        <Approximate>0</Approximate>
        <HistCounts>1|0|0|0|0|0|0|0|0|0|0|0|0|0|0|0|0|0|1|0|0|0|0|0|0|0|2|0|2|0|1|0|0|1|0|0|2|1|0|1|0|0|0|1|2|1|0|1|1|1|1|0|0|0|1|1|0|1|2|1|0|0|1|5|0|1|4|1|1|1|2|0|2|1|1|2|2|5|0|2|4|3|2|1|3|2|3|3|5|4|7|7|7|4|6|3|6|2|9|8|3|10|6|5|16|13|11|20|14|19|6|8|8|11|12|16|14|17|21|13|13|17|24|23|17|16|11|23|11|11|17|26|24|21|11|16|14|15|17|17|27|26|20|17|18|28|22|21|20|18|22|19|16|18|25|21|19|20|20|30|21|19|8|14|15|13|12|15|17|12|17|14|11|15|17|4|7|19|19|11|6|19|10|4|8|3|10|1|8|5|9|8|7|4|3|7|3|2|1|4|5|5|1|0|0|0|0|4|1|5|0|0|1|1|0|0|3|0|2|1|0|2|1|0|0|0|1|2|0|0|0|0|0|0|0|0|2|0|0|0|0|0|0|0|0|0|0|0|0|0|0|0|0|0|0|1</HistCounts>
      </HistItem>
    </Histograms>
    <Metadata>
      <MDI key="RepresentationType">ATHEMATIC</MDI>
      <MDI key="STATISTICS_COVARIANCES">3.769657447835917e-06</MDI>
      <MDI key="STATISTICS_EXCLUDEDVALUES"></MDI>
      <MDI key="STATISTICS_MAXIMUM">0.86022144556046</MDI>
      <MDI key="STATISTICS_MEAN">0.85339866772294</MDI>
      <MDI key="STATISTICS_MINIMUM">0.84495550394058</MDI>
      <MDI key="STATISTICS_SKIPFACTORX">1</MDI>
      <MDI key="STATISTICS_SKIPFACTORY">1</MDI>
      <MDI key="STATISTICS_STDDEV">0.0019415605702207</MDI>
    </Metadata>
  </PAMRasterBand>
</PAMDataset>
