<PAMDataset>
  <Metadata>
    <MDI key="DataType">Generic</MDI>
  </Metadata>
  <PAMRasterBand band="1">
    <Histograms>
      <HistItem>
        <HistMin>0.8716927170753479</HistMin>
        <HistMax>0.8832004070281982</HistMax>
        <BucketCount>256</BucketCount>
        <IncludeOutOfRange>1</IncludeOutOfRange>
        <Approximate>0</Approximate>
        <HistCounts>1|0|0|0|0|1|1|0|0|1|0|2|1|0|0|0|2|2|1|1|0|1|2|1|0|1|0|3|4|1|2|0|0|3|4|1|0|1|1|4|3|3|1|6|5|6|4|1|6|6|5|5|2|8|3|4|4|6|4|8|4|3|6|8|4|5|9|11|10|3|10|5|2|10|4|4|11|8|6|12|6|12|12|14|5|12|11|14|7|23|13|14|12|10|25|19|9|20|17|19|16|12|14|14|16|17|17|15|14|15|21|21|21|18|15|17|24|19|16|13|9|17|16|17|16|18|14|10|24|14|14|10|23|8|15|17|9|9|9|14|16|14|16|14|17|16|8|7|7|4|5|10|6|10|10|12|7|7|4|9|5|7|5|5|6|4|12|7|8|7|7|4|3|1|3|4|2|11|6|7|7|5|4|5|4|4|0|3|5|4|1|3|1|3|2|2|4|1|2|3|2|0|2|4|4|4|3|0|0|6|0|1|0|0|3|2|0|2|2|0|2|2|1|0|0|1|0|2|2|2|1|0|4|0|0|0|0|0|1|0|1|2|1|4|0|0|0|0|0|0|0|0|1|0|1|2</HistCounts>
      </HistItem>
    </Histograms>
    <Metadata>
      <MDI key="RepresentationType">ATHEMATIC</MDI>
      <MDI key="STATISTICS_COVARIANCES">3.661098573333077e-06</MDI>
      <MDI key="STATISTICS_EXCLUDEDVALUES"></MDI>
      <MDI key="STATISTICS_MAXIMUM">0.8832004070282</MDI>
      <MDI key="STATISTICS_MEAN">0.87702129144222</MDI>
      <MDI key="STATISTICS_MINIMUM">0.87169271707535</MDI>
      <MDI key="STATISTICS_SKIPFACTORX">1</MDI>
      <MDI key="STATISTICS_SKIPFACTORY">1</MDI>
      <MDI key="STATISTICS_STDDEV">0.0019133997421692</MDI>
    </Metadata>
  </PAMRasterBand>
</PAMDataset>
