<PAMDataset>
  <Metadata>
    <MDI key="DataType">Generic</MDI>
  </Metadata>
  <PAMRasterBand band="1">
    <Histograms>
      <HistItem>
        <HistMin>0.8263116478919983</HistMin>
        <HistMax>0.8372822999954224</HistMax>
        <BucketCount>256</BucketCount>
        <IncludeOutOfRange>1</IncludeOutOfRange>
        <Approximate>0</Approximate>
        <HistCounts>1|0|0|0|0|0|0|0|1|0|0|1|0|0|0|0|3|0|1|0|0|0|0|2|0|1|1|1|1|0|2|0|2|2|3|0|0|4|0|0|3|1|3|4|2|2|2|3|6|4|7|5|7|2|2|3|0|3|1|4|4|4|1|4|4|2|4|5|7|9|5|8|3|9|5|4|10|6|7|5|13|10|11|10|3|14|8|4|6|4|4|6|18|5|9|5|14|16|21|8|10|7|12|20|14|7|10|6|10|11|17|15|10|9|8|18|13|14|13|13|9|9|14|10|12|13|13|12|13|9|12|10|15|16|13|8|9|5|15|14|18|4|14|11|15|13|11|26|15|17|16|16|11|7|20|14|17|14|8|11|12|12|19|9|10|15|7|11|6|12|12|12|8|4|11|17|13|8|6|7|5|10|7|6|12|7|4|8|4|15|13|6|4|5|2|6|5|10|10|5|4|1|3|5|9|11|6|0|3|3|8|5|3|2|1|3|1|2|7|3|1|2|1|2|2|5|1|4|1|1|2|1|1|1|0|0|1|1|0|2|0|2|0|0|0|0|1|1|0|0|0|0|0|0|0|1</HistCounts>
      </HistItem>
    </Histograms>
    <Metadata>
      <MDI key="RepresentationType">ATHEMATIC</MDI>
      <MDI key="STATISTICS_COVARIANCES">3.780342667503933e-06</MDI>
      <MDI key="STATISTICS_EXCLUDEDVALUES"></MDI>
      <MDI key="STATISTICS_MAXIMUM">0.83728229999542</MDI>
      <MDI key="STATISTICS_MEAN">0.83206829790026</MDI>
      <MDI key="STATISTICS_MINIMUM">0.826311647892</MDI>
      <MDI key="STATISTICS_SKIPFACTORX">1</MDI>
      <MDI key="STATISTICS_SKIPFACTORY">1</MDI>
      <MDI key="STATISTICS_STDDEV">0.0019443103320982</MDI>
    </Metadata>
  </PAMRasterBand>
</PAMDataset>
