<PAMDataset>
  <PAMRasterBand band="1">
    <Histograms>
      <HistItem>
        <HistMin>0.8379011998460903</HistMin>
        <HistMax>0.8529849137754842</HistMax>
        <BucketCount>256</BucketCount>
        <IncludeOutOfRange>1</IncludeOutOfRange>
        <Approximate>0</Approximate>
        <HistCounts>1|0|0|0|0|0|0|0|0|0|0|0|0|0|0|1|1|1|0|0|1|0|2|0|0|3|1|2|3|0|0|1|0|1|1|2|0|4|2|1|1|0|3|8|1|5|0|2|0|2|4|4|1|5|5|1|4|5|1|2|3|4|6|4|4|4|6|4|6|4|5|5|6|6|7|8|8|7|10|4|2|11|11|2|8|7|5|6|15|7|13|6|7|8|12|8|14|7|10|2|14|14|12|6|8|11|9|16|6|10|14|12|17|12|15|8|13|6|5|21|14|13|10|9|7|22|11|19|12|20|18|14|10|9|15|14|19|13|16|14|10|12|14|17|13|10|11|14|13|11|19|13|7|24|12|18|13|11|16|14|17|7|14|12|14|13|19|14|13|12|12|14|9|11|13|11|14|13|9|10|7|6|7|8|10|10|12|10|5|6|6|5|8|9|9|0|6|3|3|7|2|6|3|6|3|1|3|1|6|1|5|1|3|1|1|0|1|4|6|0|2|2|0|1|4|3|2|1|0|1|1|1|0|1|0|0|0|1|0|0|0|1|0|1|0|0|0|0|1|0|0|0|0|0|0|1</HistCounts>
      </HistItem>
    </Histograms>
    <Metadata>
      <MDI key="RepresentationType">ATHEMATIC</MDI>
      <MDI key="STATISTICS_COVARIANCES">6.44242183463863e-06</MDI>
      <MDI key="STATISTICS_EXCLUDEDVALUES"></MDI>
      <MDI key="STATISTICS_MAXIMUM">0.85298491377548</MDI>
      <MDI key="STATISTICS_MEAN">0.8458010760434</MDI>
      <MDI key="STATISTICS_MINIMUM">0.83790119984609</MDI>
      <MDI key="STATISTICS_SKIPFACTORX">1</MDI>
      <MDI key="STATISTICS_SKIPFACTORY">1</MDI>
      <MDI key="STATISTICS_STDDEV">0.0025381926315074</MDI>
    </Metadata>
  </PAMRasterBand>
</PAMDataset>
