<PAMDataset>
  <PAMRasterBand band="1">
    <Histograms>
      <HistItem>
        <HistMin>0.8514654020002367</HistMin>
        <HistMax>0.8655156424851518</HistMax>
        <BucketCount>256</BucketCount>
        <IncludeOutOfRange>1</IncludeOutOfRange>
        <Approximate>0</Approximate>
        <HistCounts>1|0|0|0|0|0|0|1|0|0|0|0|0|0|0|0|0|0|0|0|0|0|0|0|1|0|0|0|0|3|2|1|1|2|2|1|0|0|0|2|1|0|2|4|3|0|3|3|2|5|4|5|3|4|1|4|3|3|1|4|4|3|4|5|2|5|2|4|4|6|5|3|2|5|2|9|6|7|8|5|3|9|6|5|4|8|2|6|12|11|2|3|7|9|8|7|9|5|4|11|17|10|10|8|9|4|8|3|14|5|9|13|16|14|13|16|9|13|9|19|9|14|18|26|16|20|21|13|10|16|18|8|11|17|18|19|12|23|16|11|12|24|8|15|19|23|14|12|18|13|11|11|21|13|13|10|13|14|17|20|18|15|12|16|15|10|17|16|15|10|14|12|10|12|7|10|8|6|8|11|8|5|12|8|11|5|9|3|1|5|14|2|4|2|5|7|9|7|2|2|5|2|5|7|5|3|3|3|5|1|3|5|7|3|3|3|5|0|3|1|4|2|3|4|5|2|4|0|0|0|2|1|1|0|0|0|0|1|1|0|1|1|0|0|0|0|2|0|0|0|0|0|0|0|0|1</HistCounts>
      </HistItem>
    </Histograms>
    <Metadata>
      <MDI key="RepresentationType">ATHEMATIC</MDI>
      <MDI key="STATISTICS_COVARIANCES">5.290107261380395e-06</MDI>
      <MDI key="STATISTICS_EXCLUDEDVALUES"></MDI>
      <MDI key="STATISTICS_MAXIMUM">0.86551564248515</MDI>
      <MDI key="STATISTICS_MEAN">0.858999249548</MDI>
      <MDI key="STATISTICS_MINIMUM">0.85146540200024</MDI>
      <MDI key="STATISTICS_SKIPFACTORX">1</MDI>
      <MDI key="STATISTICS_SKIPFACTORY">1</MDI>
      <MDI key="STATISTICS_STDDEV">0.0023000233175732</MDI>
    </Metadata>
  </PAMRasterBand>
</PAMDataset>
