<PAMDataset>
  <Metadata>
    <MDI key="DataType">Generic</MDI>
  </Metadata>
  <PAMRasterBand band="1">
    <Histograms>
      <HistItem>
        <HistMin>0.7541722655296326</HistMin>
        <HistMax>0.8421076536178589</HistMax>
        <BucketCount>256</BucketCount>
        <IncludeOutOfRange>1</IncludeOutOfRange>
        <Approximate>0</Approximate>
        <HistCounts>2|0|0|0|0|0|0|1|0|0|0|1|1|0|0|0|0|0|0|0|0|0|0|0|1|0|1|0|0|0|1|0|0|0|1|0|0|0|1|1|0|1|0|2|0|0|0|0|0|2|0|0|0|0|0|1|0|0|0|1|0|0|0|0|1|0|0|0|0|1|0|0|1|0|0|0|1|0|1|0|1|0|1|1|1|0|0|0|0|0|0|0|0|0|0|1|0|0|0|1|0|1|0|0|1|2|0|0|1|1|0|0|0|1|0|0|0|0|0|0|2|1|2|1|1|1|0|1|2|2|0|2|1|1|0|1|2|0|1|0|3|1|3|2|2|0|0|0|1|1|3|1|3|0|3|1|4|2|1|0|2|3|1|0|1|3|5|2|3|1|4|2|2|4|0|1|2|0|1|4|2|4|1|4|0|2|0|5|4|0|1|4|2|0|2|0|3|1|3|0|1|0|2|2|1|0|2|1|4|1|0|3|2|2|1|4|5|8|9|12|16|31|26|38|49|42|77|80|77|104|104|97|94|71|69|69|48|59|50|34|31|33|19|13|13|5|3|9|5|2|2|0|0|2|0|1</HistCounts>
      </HistItem>
    </Histograms>
    <Metadata>
      <MDI key="RepresentationType">ATHEMATIC</MDI>
      <MDI key="STATISTICS_COVARIANCES">0.0001239052592913391</MDI>
      <MDI key="STATISTICS_EXCLUDEDVALUES"></MDI>
      <MDI key="STATISTICS_MAXIMUM">0.84210765361786</MDI>
      <MDI key="STATISTICS_MEAN">0.83069964714348</MDI>
      <MDI key="STATISTICS_MINIMUM">0.75417226552963</MDI>
      <MDI key="STATISTICS_SKIPFACTORX">1</MDI>
      <MDI key="STATISTICS_SKIPFACTORY">1</MDI>
      <MDI key="STATISTICS_STDDEV">0.0111312739294</MDI>
    </Metadata>
  </PAMRasterBand>
</PAMDataset>
