<PAMDataset>
  <Metadata>
    <MDI key="DataType">Generic</MDI>
  </Metadata>
  <PAMRasterBand band="1">
    <Histograms>
      <HistItem>
        <HistMin>0.8084664344787598</HistMin>
        <HistMax>0.8593043088912964</HistMax>
        <BucketCount>256</BucketCount>
        <IncludeOutOfRange>1</IncludeOutOfRange>
        <Approximate>0</Approximate>
        <HistCounts>1|0|0|2|0|0|2|0|0|0|0|0|0|0|0|0|0|0|0|0|0|1|0|0|0|0|1|0|1|1|1|0|2|0|1|1|0|1|2|0|1|2|1|0|1|0|0|2|5|0|0|1|0|0|4|1|1|1|3|0|1|0|0|0|5|1|1|1|2|2|4|2|0|2|3|5|5|4|3|2|3|1|0|3|3|4|3|2|1|3|5|0|4|4|1|2|3|5|10|6|5|0|9|4|4|5|7|4|6|10|6|5|5|4|13|7|8|14|10|8|9|19|9|2|10|11|7|17|13|7|21|12|9|12|12|16|15|12|25|17|15|11|11|17|16|15|25|16|13|16|18|18|19|17|17|22|24|7|22|19|20|20|12|12|15|27|11|16|27|15|20|24|19|19|23|23|20|18|16|14|17|17|10|19|20|11|19|14|11|9|19|9|15|14|9|10|10|8|11|10|1|5|7|6|8|8|3|7|8|6|2|8|1|3|2|0|1|2|0|0|1|2|1|0|1|1|3|0|0|2|0|0|0|0|0|0|0|0|1|1|0|0|0|0|0|0|0|0|1|0|0|0|0|0|1|1</HistCounts>
      </HistItem>
    </Histograms>
    <Metadata>
      <MDI key="RepresentationType">ATHEMATIC</MDI>
      <MDI key="STATISTICS_COVARIANCES">5.518945591481246e-05</MDI>
      <MDI key="STATISTICS_EXCLUDEDVALUES"></MDI>
      <MDI key="STATISTICS_MAXIMUM">0.8593043088913</MDI>
      <MDI key="STATISTICS_MEAN">0.8386535768956</MDI>
      <MDI key="STATISTICS_MINIMUM">0.80846643447876</MDI>
      <MDI key="STATISTICS_SKIPFACTORX">1</MDI>
      <MDI key="STATISTICS_SKIPFACTORY">1</MDI>
      <MDI key="STATISTICS_STDDEV">0.0074289606214337</MDI>
    </Metadata>
  </PAMRasterBand>
</PAMDataset>
