<PAMDataset>
  <Metadata>
    <MDI key="DataType">Generic</MDI>
  </Metadata>
  <PAMRasterBand band="1">
    <Histograms>
      <HistItem>
        <HistMin>0.8547961711883545</HistMin>
        <HistMax>0.8688817024230957</HistMax>
        <BucketCount>256</BucketCount>
        <IncludeOutOfRange>1</IncludeOutOfRange>
        <Approximate>0</Approximate>
        <HistCounts>1|0|1|0|0|0|1|0|0|1|0|0|0|0|2|2|0|0|1|1|1|1|4|1|0|2|2|1|0|1|2|1|1|3|2|1|5|4|7|1|3|2|8|8|9|3|8|6|5|4|3|1|4|4|3|8|4|10|9|6|3|6|10|6|5|5|5|13|9|8|8|5|9|7|11|10|5|2|8|7|11|7|8|8|15|7|9|9|15|9|15|10|10|18|11|16|10|9|12|15|14|18|14|8|21|12|20|13|14|10|14|17|13|12|19|15|15|9|11|20|10|25|16|15|16|12|19|11|12|14|11|16|18|27|16|14|9|12|14|17|12|6|18|13|18|9|13|5|19|9|12|12|9|12|12|4|10|7|6|12|10|11|9|4|7|5|9|3|6|9|8|9|2|6|5|12|4|3|6|8|9|4|5|5|3|6|4|6|3|3|2|7|12|1|0|6|1|4|7|0|3|0|3|5|2|3|3|1|1|0|2|2|0|1|1|0|1|1|1|0|0|0|1|0|0|1|0|0|1|0|1|0|0|0|1|2|0|0|0|1|1|0|0|0|0|0|1|0|0|0|0|0|0|0|0|1</HistCounts>
      </HistItem>
    </Histograms>
    <Metadata>
      <MDI key="RepresentationType">ATHEMATIC</MDI>
      <MDI key="STATISTICS_COVARIANCES">5.55581139636443e-06</MDI>
      <MDI key="STATISTICS_EXCLUDEDVALUES"></MDI>
      <MDI key="STATISTICS_MAXIMUM">0.8688817024231</MDI>
      <MDI key="STATISTICS_MEAN">0.86133488625288</MDI>
      <MDI key="STATISTICS_MINIMUM">0.85479617118835</MDI>
      <MDI key="STATISTICS_SKIPFACTORX">1</MDI>
      <MDI key="STATISTICS_SKIPFACTORY">1</MDI>
      <MDI key="STATISTICS_STDDEV">0.0023570768753616</MDI>
    </Metadata>
  </PAMRasterBand>
</PAMDataset>
