<PAMDataset>
  <Metadata>
    <MDI key="DataType">Generic</MDI>
  </Metadata>
  <PAMRasterBand band="1">
    <Histograms>
      <HistItem>
        <HistMin>0.8517311811447144</HistMin>
        <HistMax>0.862214982509613</HistMax>
        <BucketCount>256</BucketCount>
        <IncludeOutOfRange>1</IncludeOutOfRange>
        <Approximate>0</Approximate>
        <HistCounts>2|1|0|0|0|0|1|1|0|0|0|0|0|0|0|2|1|0|0|0|0|1|2|0|3|2|1|0|0|2|4|1|4|6|2|2|3|2|8|2|1|7|3|4|3|8|6|5|9|2|6|4|6|6|6|8|8|5|8|8|3|8|12|5|10|12|5|11|6|15|17|12|11|15|3|8|16|6|8|9|10|16|16|7|14|15|4|20|10|13|21|12|11|18|12|11|10|4|13|16|24|20|15|12|9|12|14|29|13|9|14|8|15|24|9|10|17|9|10|20|9|19|13|11|22|18|7|11|6|13|16|15|13|19|3|9|13|17|10|3|7|17|3|15|14|10|4|12|6|10|10|6|7|6|6|4|8|4|7|5|8|4|11|6|5|5|3|13|11|3|4|3|1|4|6|4|9|4|5|3|1|9|3|1|6|4|3|7|3|2|5|4|2|9|4|3|4|1|4|4|3|2|0|3|4|7|2|5|2|2|8|4|1|2|2|2|1|2|5|0|3|1|1|2|2|0|3|2|0|1|3|0|1|1|2|2|3|1|1|0|1|0|0|0|0|0|0|3|4|1|0|0|0|1|0|1</HistCounts>
      </HistItem>
    </Histograms>
    <Metadata>
      <MDI key="RepresentationType">ATHEMATIC</MDI>
      <MDI key="STATISTICS_COVARIANCES">3.738911645669785e-06</MDI>
      <MDI key="STATISTICS_EXCLUDEDVALUES"></MDI>
      <MDI key="STATISTICS_MAXIMUM">0.86221498250961</MDI>
      <MDI key="STATISTICS_MEAN">0.85653064064682</MDI>
      <MDI key="STATISTICS_MINIMUM">0.85173118114471</MDI>
      <MDI key="STATISTICS_SKIPFACTORX">1</MDI>
      <MDI key="STATISTICS_SKIPFACTORY">1</MDI>
      <MDI key="STATISTICS_STDDEV">0.0019336265527939</MDI>
    </Metadata>
  </PAMRasterBand>
</PAMDataset>
