<PAMDataset>
  <PAMRasterBand band="1">
    <Histograms>
      <HistItem>
        <HistMin>0.8157675362853956</HistMin>
        <HistMax>0.8314496670551678</HistMax>
        <BucketCount>256</BucketCount>
        <IncludeOutOfRange>1</IncludeOutOfRange>
        <Approximate>0</Approximate>
        <HistCounts>1|0|0|0|0|0|0|0|0|0|0|0|0|1|1|0|0|0|0|0|0|1|0|0|1|0|0|2|1|0|0|0|0|0|0|1|2|3|0|2|2|1|2|3|0|2|3|4|1|1|3|3|5|3|4|4|1|2|7|2|6|5|8|4|7|9|4|2|4|7|5|8|7|7|5|9|6|10|9|12|9|8|11|12|14|13|12|10|9|13|15|13|20|9|18|12|12|14|14|14|8|15|12|8|15|28|14|23|13|16|18|18|26|15|14|13|18|14|23|19|23|19|12|15|16|12|13|13|18|10|19|17|16|19|16|9|11|13|24|26|12|16|15|13|12|14|20|16|13|12|12|11|5|13|9|10|12|14|17|20|10|9|9|9|8|8|11|12|2|7|8|8|8|7|6|0|5|0|4|4|6|2|3|4|4|9|6|2|4|0|2|3|3|1|0|2|2|2|7|2|1|1|1|0|4|0|3|2|2|1|1|1|2|1|0|0|1|3|0|1|0|0|0|0|0|0|0|1|0|0|0|0|1|0|0|0|0|0|0|0|0|0|0|0|0|1|0|0|0|0|0|0|0|0|0|1</HistCounts>
      </HistItem>
    </Histograms>
    <Metadata>
      <MDI key="RepresentationType">ATHEMATIC</MDI>
      <MDI key="STATISTICS_COVARIANCES">5.070945148578479e-06</MDI>
      <MDI key="STATISTICS_EXCLUDEDVALUES"></MDI>
      <MDI key="STATISTICS_MAXIMUM">0.83144966705517</MDI>
      <MDI key="STATISTICS_MEAN">0.82324910233034</MDI>
      <MDI key="STATISTICS_MINIMUM">0.8157675362854</MDI>
      <MDI key="STATISTICS_SKIPFACTORX">1</MDI>
      <MDI key="STATISTICS_SKIPFACTORY">1</MDI>
      <MDI key="STATISTICS_STDDEV">0.0022518759176692</MDI>
    </Metadata>
  </PAMRasterBand>
</PAMDataset>
