<PAMDataset>
  <Metadata>
    <MDI key="DataType">Generic</MDI>
  </Metadata>
  <PAMRasterBand band="1">
    <Histograms>
      <HistItem>
        <HistMin>0.7888000011444092</HistMin>
        <HistMax>0.8133662343025208</HistMax>
        <BucketCount>256</BucketCount>
        <IncludeOutOfRange>1</IncludeOutOfRange>
        <Approximate>0</Approximate>
        <HistCounts>1|0|0|0|0|0|0|0|0|0|0|0|0|0|0|0|0|1|0|0|0|0|0|0|1|0|0|0|1|0|0|0|0|1|0|0|0|1|0|1|0|1|2|0|1|0|1|0|0|0|1|0|1|0|0|0|1|1|0|1|1|1|0|2|2|3|1|2|1|1|1|2|2|5|4|2|0|1|2|1|1|6|1|2|1|1|0|3|3|4|0|3|1|3|2|2|10|4|1|2|5|1|4|6|5|5|6|4|12|6|3|2|8|6|6|7|8|11|12|6|12|10|11|4|11|12|9|5|12|7|8|14|10|9|12|21|20|8|11|21|11|13|9|13|27|13|14|19|23|24|16|18|19|18|30|23|21|23|24|20|28|22|27|21|23|23|22|28|18|15|31|24|26|21|22|24|24|13|17|25|14|17|16|23|20|6|17|10|12|11|9|6|21|5|16|6|8|7|4|4|3|7|5|3|3|3|3|4|0|3|7|3|4|3|0|1|0|0|7|3|6|0|3|2|0|0|1|0|1|1|0|0|1|0|0|0|0|0|2|2|0|1|0|0|0|0|0|0|1|0|0|0|0|0|1|1</HistCounts>
      </HistItem>
    </Histograms>
    <Metadata>
      <MDI key="RepresentationType">ATHEMATIC</MDI>
      <MDI key="STATISTICS_COVARIANCES">1.022493052457071e-05</MDI>
      <MDI key="STATISTICS_EXCLUDEDVALUES"></MDI>
      <MDI key="STATISTICS_MAXIMUM">0.81336623430252</MDI>
      <MDI key="STATISTICS_MEAN">0.80368040565401</MDI>
      <MDI key="STATISTICS_MINIMUM">0.78880000114441</MDI>
      <MDI key="STATISTICS_SKIPFACTORX">1</MDI>
      <MDI key="STATISTICS_SKIPFACTORY">1</MDI>
      <MDI key="STATISTICS_STDDEV">0.00319764452755</MDI>
    </Metadata>
  </PAMRasterBand>
</PAMDataset>
