<PAMDataset>
  <Metadata>
    <MDI key="DataType">Generic</MDI>
  </Metadata>
  <PAMRasterBand band="1">
    <Histograms>
      <HistItem>
        <HistMin>0.8467243313789368</HistMin>
        <HistMax>0.8603172302246094</HistMax>
        <BucketCount>256</BucketCount>
        <IncludeOutOfRange>1</IncludeOutOfRange>
        <Approximate>0</Approximate>
        <HistCounts>1|0|0|0|0|0|0|0|0|0|1|2|1|1|0|1|0|0|0|0|4|1|0|2|1|2|3|2|3|2|2|2|2|1|0|1|1|2|5|4|3|9|3|1|2|3|4|4|3|3|2|4|3|10|8|6|7|4|10|8|6|11|5|5|15|6|10|4|4|9|16|8|13|9|15|10|9|13|12|9|8|2|8|16|16|8|9|9|11|16|10|10|13|15|10|16|16|6|18|12|10|9|9|9|9|16|8|7|17|13|10|8|9|13|8|14|11|14|15|13|16|15|11|18|13|11|16|12|12|13|14|16|8|15|20|12|5|16|13|19|8|11|14|7|17|13|6|5|14|10|14|9|8|11|16|15|7|11|7|8|15|7|11|9|13|10|5|6|13|12|18|7|6|5|4|4|7|5|7|10|11|1|4|0|6|7|5|3|5|7|7|6|3|4|2|3|4|3|3|4|5|1|2|0|4|5|1|3|1|8|5|1|0|0|2|2|1|2|1|1|6|0|1|1|0|0|1|1|2|2|0|1|0|2|1|1|0|0|0|1|0|0|0|1|0|0|1|0|0|0|0|0|0|0|0|1</HistCounts>
      </HistItem>
    </Histograms>
    <Metadata>
      <MDI key="RepresentationType">ATHEMATIC</MDI>
      <MDI key="STATISTICS_COVARIANCES">5.796058712503847e-06</MDI>
      <MDI key="STATISTICS_EXCLUDEDVALUES"></MDI>
      <MDI key="STATISTICS_MAXIMUM">0.86031723022461</MDI>
      <MDI key="STATISTICS_MEAN">0.85315809130669</MDI>
      <MDI key="STATISTICS_MINIMUM">0.84672433137894</MDI>
      <MDI key="STATISTICS_SKIPFACTORX">1</MDI>
      <MDI key="STATISTICS_SKIPFACTORY">1</MDI>
      <MDI key="STATISTICS_STDDEV">0.0024075005114234</MDI>
    </Metadata>
  </PAMRasterBand>
</PAMDataset>
