<PAMDataset>
  <PAMRasterBand band="1">
    <Histograms>
      <HistItem>
        <HistMin>0.8147855819888772</HistMin>
        <HistMax>0.8945005964306895</HistMax>
        <BucketCount>256</BucketCount>
        <IncludeOutOfRange>1</IncludeOutOfRange>
        <Approximate>0</Approximate>
        <HistCounts>1|0|0|0|0|0|0|0|0|0|0|0|0|0|0|0|0|0|0|0|0|0|0|0|0|0|0|0|0|0|0|0|0|0|0|0|0|0|0|0|0|0|0|0|0|0|0|0|1|0|0|0|0|0|0|0|1|1|0|0|0|0|0|0|0|0|0|0|0|0|0|0|0|0|0|2|0|0|0|1|0|0|0|0|0|0|0|0|0|1|0|1|0|1|2|0|0|0|0|0|0|0|1|1|1|1|1|1|0|0|0|0|1|0|0|1|0|0|1|0|0|1|0|0|2|2|1|2|1|1|2|2|2|1|3|1|1|4|1|1|2|0|1|4|5|4|6|2|3|1|4|3|6|6|3|4|7|8|8|12|6|12|11|19|25|23|45|34|41|45|53|38|44|39|67|46|41|39|47|37|31|41|31|26|28|25|21|22|23|24|20|21|16|16|12|18|10|18|7|17|13|14|20|16|10|15|18|13|11|18|9|9|8|6|7|6|3|6|4|5|6|6|5|2|4|4|7|3|5|3|5|4|6|3|5|5|3|6|2|1|3|3|1|2|2|3|3|2|1|1|3|1|0|1|0|1</HistCounts>
      </HistItem>
    </Histograms>
    <Metadata>
      <MDI key="RepresentationType">ATHEMATIC</MDI>
      <MDI key="STATISTICS_COVARIANCES">5.659117378890999e-05</MDI>
      <MDI key="STATISTICS_EXCLUDEDVALUES"></MDI>
      <MDI key="STATISTICS_MAXIMUM">0.89450059643069</MDI>
      <MDI key="STATISTICS_MEAN">0.87178428987164</MDI>
      <MDI key="STATISTICS_MINIMUM">0.81478558198888</MDI>
      <MDI key="STATISTICS_SKIPFACTORX">1</MDI>
      <MDI key="STATISTICS_SKIPFACTORY">1</MDI>
      <MDI key="STATISTICS_STDDEV">0.0075227105347016</MDI>
    </Metadata>
  </PAMRasterBand>
</PAMDataset>
