<PAMDataset>
  <Metadata>
    <MDI key="DataType">Generic</MDI>
  </Metadata>
  <PAMRasterBand band="1">
    <Histograms>
      <HistItem>
        <HistMin>0.8211488127708435</HistMin>
        <HistMax>0.8879995942115784</HistMax>
        <BucketCount>256</BucketCount>
        <IncludeOutOfRange>1</IncludeOutOfRange>
        <Approximate>0</Approximate>
        <HistCounts>1|0|0|0|1|0|1|0|1|1|0|0|0|0|1|0|2|0|0|0|0|0|0|0|1|0|0|0|0|0|0|1|1|0|0|1|1|0|0|5|0|2|0|2|0|2|0|2|1|1|2|0|3|0|1|1|0|0|3|1|1|0|1|1|1|1|3|1|2|1|0|1|1|0|2|2|0|0|3|1|0|0|2|0|3|3|2|3|1|2|1|2|3|0|5|5|1|4|2|6|5|2|3|2|3|9|1|4|4|6|3|3|1|4|3|4|2|0|3|6|2|7|4|3|5|5|1|4|0|4|4|3|0|8|1|4|4|2|6|2|2|4|6|1|1|1|1|8|7|3|2|6|4|2|2|7|4|6|1|7|9|6|6|10|9|8|7|10|17|11|7|12|27|21|28|21|34|41|36|45|57|55|59|58|43|44|63|39|42|40|43|46|37|39|33|28|23|16|11|14|10|10|6|4|8|5|5|7|3|9|1|3|4|5|0|6|1|2|3|0|3|2|5|1|1|1|1|0|1|2|2|1|1|0|3|2|1|1|1|1|0|0|1|1|0|2|0|0|0|0|0|0|0|0|0|1</HistCounts>
      </HistItem>
    </Histograms>
    <Metadata>
      <MDI key="RepresentationType">ATHEMATIC</MDI>
      <MDI key="STATISTICS_COVARIANCES">9.148325803284462e-05</MDI>
      <MDI key="STATISTICS_EXCLUDEDVALUES"></MDI>
      <MDI key="STATISTICS_MAXIMUM">0.88799959421158</MDI>
      <MDI key="STATISTICS_MEAN">0.8660359968245</MDI>
      <MDI key="STATISTICS_MINIMUM">0.82114881277084</MDI>
      <MDI key="STATISTICS_SKIPFACTORX">1</MDI>
      <MDI key="STATISTICS_SKIPFACTORY">1</MDI>
      <MDI key="STATISTICS_STDDEV">0.0095646880781782</MDI>
    </Metadata>
  </PAMRasterBand>
</PAMDataset>
