<PAMDataset>
  <PAMRasterBand band="1">
    <Histograms>
      <HistItem>
        <HistMin>0.8534787040838951</HistMin>
        <HistMax>0.8665054601073036</HistMax>
        <BucketCount>256</BucketCount>
        <IncludeOutOfRange>1</IncludeOutOfRange>
        <Approximate>0</Approximate>
        <HistCounts>1|0|0|0|0|1|1|0|0|0|0|0|2|0|0|1|2|0|2|1|0|2|0|0|0|0|1|0|0|2|2|0|0|1|4|3|1|3|0|6|5|0|1|1|5|4|3|3|3|3|2|3|4|4|1|3|11|2|6|4|8|3|11|3|5|10|5|8|8|6|10|11|4|5|3|8|11|4|13|5|11|13|18|6|14|15|17|10|14|11|14|12|12|16|23|10|10|7|19|21|16|11|10|11|11|5|20|21|14|14|11|7|17|19|15|9|17|11|15|17|18|18|15|10|14|18|20|7|16|12|24|10|14|8|15|18|15|17|13|16|16|10|11|14|13|9|13|9|15|10|14|8|14|11|8|13|10|12|7|5|12|12|16|11|8|5|11|9|7|8|3|6|12|9|11|3|10|10|7|10|6|6|5|2|6|4|6|3|8|0|0|7|2|7|1|3|2|2|2|1|2|2|0|2|4|1|0|1|2|0|1|1|0|1|1|2|0|2|0|1|1|1|1|1|1|1|1|0|0|1|2|1|0|1|1|0|1|0|0|0|0|0|0|0|0|0|0|0|0|0|0|0|0|0|0|1</HistCounts>
      </HistItem>
    </Histograms>
    <Metadata>
      <MDI key="RepresentationType">ATHEMATIC</MDI>
      <MDI key="STATISTICS_COVARIANCES">4.335640641897049e-06</MDI>
      <MDI key="STATISTICS_EXCLUDEDVALUES"></MDI>
      <MDI key="STATISTICS_MAXIMUM">0.8665054601073</MDI>
      <MDI key="STATISTICS_MEAN">0.85964950268697</MDI>
      <MDI key="STATISTICS_MINIMUM">0.8534787040839</MDI>
      <MDI key="STATISTICS_SKIPFACTORX">1</MDI>
      <MDI key="STATISTICS_SKIPFACTORY">1</MDI>
      <MDI key="STATISTICS_STDDEV">0.0020822201233052</MDI>
    </Metadata>
  </PAMRasterBand>
</PAMDataset>
