<PAMDataset>
  <Metadata>
    <MDI key="DataType">Generic</MDI>
  </Metadata>
  <PAMRasterBand band="1">
    <Histograms>
      <HistItem>
        <HistMin>0.8060510754585266</HistMin>
        <HistMax>0.8198586106300354</HistMax>
        <BucketCount>256</BucketCount>
        <IncludeOutOfRange>1</IncludeOutOfRange>
        <Approximate>0</Approximate>
        <HistCounts>1|0|0|0|0|0|0|0|0|0|0|0|0|0|0|1|0|0|1|1|0|0|0|1|0|2|5|1|1|1|0|2|4|3|0|4|3|2|6|1|2|4|2|0|1|1|3|6|3|5|3|6|9|9|3|3|11|7|8|2|4|7|14|11|5|9|7|9|7|4|18|14|14|12|15|13|15|17|12|10|6|12|11|21|14|23|12|6|15|16|15|17|18|21|15|23|19|12|13|20|15|14|17|19|14|12|18|23|31|13|13|16|14|14|14|14|13|11|14|15|14|20|15|12|6|12|9|12|21|6|11|11|10|13|14|7|10|8|11|12|9|10|7|5|8|16|11|9|10|12|5|7|7|9|8|7|8|8|7|15|9|7|8|7|7|12|6|9|5|4|3|7|2|5|0|3|6|4|13|8|5|5|1|3|0|2|5|1|1|4|3|8|5|1|2|2|1|5|0|1|1|0|4|4|3|2|2|4|0|1|0|1|0|0|0|1|0|2|1|2|0|0|1|0|0|0|0|0|0|4|1|1|0|1|0|0|0|0|1|0|1|0|0|1|0|0|0|0|0|0|0|0|0|0|0|1</HistCounts>
      </HistItem>
    </Histograms>
    <Metadata>
      <MDI key="RepresentationType">ATHEMATIC</MDI>
      <MDI key="STATISTICS_COVARIANCES">4.832346335351658e-06</MDI>
      <MDI key="STATISTICS_EXCLUDEDVALUES"></MDI>
      <MDI key="STATISTICS_MAXIMUM">0.81985861063004</MDI>
      <MDI key="STATISTICS_MEAN">0.81217278059572</MDI>
      <MDI key="STATISTICS_MINIMUM">0.80605107545853</MDI>
      <MDI key="STATISTICS_SKIPFACTORX">1</MDI>
      <MDI key="STATISTICS_SKIPFACTORY">1</MDI>
      <MDI key="STATISTICS_STDDEV">0.0021982598425463</MDI>
    </Metadata>
  </PAMRasterBand>
</PAMDataset>
