<PAMDataset>
  <Metadata>
    <MDI key="DataType">Generic</MDI>
  </Metadata>
  <PAMRasterBand band="1">
    <Histograms>
      <HistItem>
        <HistMin>0.8381738066673279</HistMin>
        <HistMax>0.8560184836387634</HistMax>
        <BucketCount>256</BucketCount>
        <IncludeOutOfRange>1</IncludeOutOfRange>
        <Approximate>0</Approximate>
        <HistCounts>1|0|0|1|0|0|0|0|0|0|0|0|1|0|0|0|0|0|1|0|0|1|0|0|1|1|0|2|2|2|0|2|1|3|1|0|0|3|3|0|2|0|1|4|1|1|2|0|3|5|3|3|5|2|5|2|5|4|4|4|3|3|3|10|6|5|5|5|6|14|6|12|6|5|9|12|11|5|17|16|19|6|16|16|8|10|18|21|14|11|15|15|16|15|14|21|21|13|12|18|17|23|12|17|24|15|9|4|12|9|17|18|23|18|14|16|14|14|16|16|20|12|14|10|7|7|12|7|20|17|8|8|7|10|6|7|14|19|10|7|6|7|10|10|10|12|5|7|11|2|11|9|13|13|8|7|11|8|10|12|10|12|10|11|8|8|10|6|14|10|5|6|11|7|8|2|8|11|8|9|8|7|5|4|7|5|6|5|2|4|2|4|9|8|6|3|4|6|7|2|4|5|3|4|4|6|2|5|3|0|5|1|6|0|2|2|0|1|0|2|0|3|0|0|0|0|0|0|2|0|0|2|1|0|0|0|0|0|0|0|1|0|0|0|1|1|1|0|2|0|0|0|0|0|0|1</HistCounts>
      </HistItem>
    </Histograms>
    <Metadata>
      <MDI key="RepresentationType">ATHEMATIC</MDI>
      <MDI key="STATISTICS_COVARIANCES">8.947133977129208e-06</MDI>
      <MDI key="STATISTICS_EXCLUDEDVALUES"></MDI>
      <MDI key="STATISTICS_MAXIMUM">0.85601848363876</MDI>
      <MDI key="STATISTICS_MEAN">0.84675910145044</MDI>
      <MDI key="STATISTICS_MINIMUM">0.83817380666733</MDI>
      <MDI key="STATISTICS_SKIPFACTORX">1</MDI>
      <MDI key="STATISTICS_SKIPFACTORY">1</MDI>
      <MDI key="STATISTICS_STDDEV">0.0029911760190817</MDI>
    </Metadata>
  </PAMRasterBand>
</PAMDataset>
