<PAMDataset>
  <Metadata>
    <MDI key="DataType">Generic</MDI>
  </Metadata>
  <PAMRasterBand band="1">
    <Histograms>
      <HistItem>
        <HistMin>0.8587475419044495</HistMin>
        <HistMax>0.8736314177513123</HistMax>
        <BucketCount>256</BucketCount>
        <IncludeOutOfRange>1</IncludeOutOfRange>
        <Approximate>0</Approximate>
        <HistCounts>1|0|0|0|1|0|0|0|0|0|0|0|0|0|0|0|0|0|0|0|1|0|0|0|0|1|0|0|0|0|0|0|1|0|0|0|0|0|0|1|0|1|0|0|0|0|0|1|0|0|1|1|0|1|0|0|1|0|2|2|0|1|0|0|0|1|1|4|2|0|2|1|1|1|2|1|3|3|2|1|4|3|2|5|4|7|1|2|3|0|1|5|3|8|7|6|3|2|1|6|5|10|5|5|12|10|9|8|10|6|5|13|11|8|5|6|13|10|17|16|19|14|9|7|13|12|24|18|9|19|16|8|13|11|12|28|17|16|10|14|11|15|12|20|25|21|5|12|11|15|8|16|27|27|19|13|18|22|20|19|25|28|15|17|24|19|13|18|16|30|23|20|10|9|21|11|14|16|26|19|7|9|9|21|9|7|16|15|10|3|9|8|12|3|12|17|4|4|4|8|7|5|5|6|7|3|0|5|5|5|1|1|8|7|3|3|2|13|1|3|0|3|0|2|1|8|0|0|1|1|1|1|1|1|1|0|1|0|0|0|0|1|1|0|0|0|0|0|0|0|0|0|0|0|0|1</HistCounts>
      </HistItem>
    </Histograms>
    <Metadata>
      <MDI key="RepresentationType">ATHEMATIC</MDI>
      <MDI key="STATISTICS_COVARIANCES">4.180466821109463e-06</MDI>
      <MDI key="STATISTICS_EXCLUDEDVALUES"></MDI>
      <MDI key="STATISTICS_MAXIMUM">0.87363141775131</MDI>
      <MDI key="STATISTICS_MEAN">0.86754688870162</MDI>
      <MDI key="STATISTICS_MINIMUM">0.85874754190445</MDI>
      <MDI key="STATISTICS_SKIPFACTORX">1</MDI>
      <MDI key="STATISTICS_SKIPFACTORY">1</MDI>
      <MDI key="STATISTICS_STDDEV">0.0020446189916729</MDI>
    </Metadata>
  </PAMRasterBand>
</PAMDataset>
