<PAMDataset>
  <Metadata>
    <MDI key="DataType">Generic</MDI>
  </Metadata>
  <PAMRasterBand band="1">
    <Histograms>
      <HistItem>
        <HistMin>0.8597254157066345</HistMin>
        <HistMax>0.8731871843338013</HistMax>
        <BucketCount>256</BucketCount>
        <IncludeOutOfRange>1</IncludeOutOfRange>
        <Approximate>0</Approximate>
        <HistCounts>1|0|0|0|0|0|0|0|0|0|0|0|0|0|0|0|0|1|1|1|0|0|1|1|0|0|0|0|0|0|3|1|1|0|0|1|0|1|1|1|1|1|1|0|3|3|3|1|0|1|1|2|2|0|3|4|5|2|2|4|3|7|1|1|5|8|9|5|7|5|7|7|4|3|3|6|6|13|5|3|8|8|8|9|5|4|3|10|7|11|9|6|9|10|6|6|9|12|10|12|8|14|17|11|16|12|12|8|20|11|13|7|9|18|10|4|10|12|21|24|16|12|14|16|25|13|17|8|14|22|16|8|12|12|13|12|14|13|21|19|13|19|16|14|14|23|16|12|18|13|19|17|9|14|14|18|15|14|14|19|18|22|9|6|8|16|17|10|11|7|14|15|7|9|6|12|10|14|12|5|9|9|8|5|5|5|9|11|6|3|3|2|7|10|5|3|4|5|6|2|2|4|6|1|2|3|1|3|4|3|2|1|2|1|5|1|1|0|4|4|0|2|0|0|2|0|1|0|2|0|1|0|0|0|0|3|1|0|0|2|0|0|0|0|1|0|0|0|0|0|0|0|0|0|0|1</HistCounts>
      </HistItem>
    </Histograms>
    <Metadata>
      <MDI key="RepresentationType">ATHEMATIC</MDI>
      <MDI key="STATISTICS_COVARIANCES">4.404004239990011e-06</MDI>
      <MDI key="STATISTICS_EXCLUDEDVALUES"></MDI>
      <MDI key="STATISTICS_MAXIMUM">0.8731871843338</MDI>
      <MDI key="STATISTICS_MEAN">0.86675952177495</MDI>
      <MDI key="STATISTICS_MINIMUM">0.85972541570663</MDI>
      <MDI key="STATISTICS_SKIPFACTORX">1</MDI>
      <MDI key="STATISTICS_SKIPFACTORY">1</MDI>
      <MDI key="STATISTICS_STDDEV">0.0020985719525406</MDI>
    </Metadata>
  </PAMRasterBand>
</PAMDataset>
