<PAMDataset>
  <PAMRasterBand band="1">
    <Histograms>
      <HistItem>
        <HistMin>0.8569782140436217</HistMin>
        <HistMax>0.8680429329003765</HistMax>
        <BucketCount>256</BucketCount>
        <IncludeOutOfRange>1</IncludeOutOfRange>
        <Approximate>0</Approximate>
        <HistCounts>1|0|0|1|2|1|0|1|0|1|1|0|0|0|0|1|0|0|0|0|1|0|3|1|3|1|4|2|1|1|3|4|3|2|3|3|1|3|3|1|1|9|0|8|4|2|6|5|3|5|3|1|2|3|2|6|3|6|2|3|2|5|3|3|4|5|5|5|10|8|11|7|4|8|5|5|8|5|6|7|4|7|9|5|20|11|10|9|7|8|2|8|10|9|19|9|13|4|16|16|16|16|11|10|9|9|7|15|12|16|10|7|19|20|29|23|15|11|13|17|14|11|14|12|17|10|13|17|17|17|20|22|18|21|9|16|12|13|16|11|15|12|11|14|14|16|14|13|9|11|9|14|10|25|10|15|9|14|9|6|17|13|4|6|7|8|6|9|11|9|7|6|6|16|14|12|6|16|3|7|3|11|2|6|9|3|5|4|5|5|0|2|3|1|9|3|1|1|1|4|1|0|5|4|1|4|1|2|3|0|0|2|4|3|2|2|3|1|4|1|1|2|1|0|1|0|0|3|0|1|0|2|1|0|0|1|1|1|1|2|0|1|0|0|0|0|1|0|0|0|0|0|0|1|0|2</HistCounts>
      </HistItem>
    </Histograms>
    <Metadata>
      <MDI key="RepresentationType">ATHEMATIC</MDI>
      <MDI key="STATISTICS_COVARIANCES">3.568269049275343e-06</MDI>
      <MDI key="STATISTICS_EXCLUDEDVALUES"></MDI>
      <MDI key="STATISTICS_MAXIMUM">0.86804293290038</MDI>
      <MDI key="STATISTICS_MEAN">0.86238279595219</MDI>
      <MDI key="STATISTICS_MINIMUM">0.85697821404362</MDI>
      <MDI key="STATISTICS_SKIPFACTORX">1</MDI>
      <MDI key="STATISTICS_SKIPFACTORY">1</MDI>
      <MDI key="STATISTICS_STDDEV">0.0018889862490964</MDI>
    </Metadata>
  </PAMRasterBand>
</PAMDataset>
