<PAMDataset>
  <Metadata>
    <MDI key="DataType">Generic</MDI>
  </Metadata>
  <PAMRasterBand band="1">
    <Histograms>
      <HistItem>
        <HistMin>0.8602139353752136</HistMin>
        <HistMax>0.8862566351890564</HistMax>
        <BucketCount>256</BucketCount>
        <IncludeOutOfRange>1</IncludeOutOfRange>
        <Approximate>0</Approximate>
        <HistCounts>2|0|0|0|0|0|0|0|0|0|1|0|0|0|1|0|0|0|0|0|1|1|0|2|0|1|0|0|0|0|0|0|0|0|0|0|1|1|1|1|1|2|3|0|2|0|1|1|2|1|1|0|2|4|1|2|0|2|1|1|3|1|3|4|1|3|0|2|4|6|3|3|0|5|2|2|4|1|3|6|3|6|4|2|6|9|4|2|7|3|4|7|0|6|3|5|2|4|3|4|7|5|2|5|5|12|5|9|6|6|8|10|12|6|5|4|9|9|9|13|9|11|9|9|9|6|13|15|10|9|7|14|13|8|12|13|11|11|9|14|11|15|13|14|8|19|7|10|12|11|18|23|21|15|17|9|19|14|19|13|18|13|14|9|24|15|10|27|12|23|13|14|14|22|16|20|17|23|13|9|26|20|20|17|17|14|14|11|10|15|12|12|10|9|11|16|11|8|11|10|6|7|13|10|14|4|7|12|9|4|11|7|4|3|3|5|4|2|4|5|4|2|3|4|0|3|0|1|5|1|2|3|1|1|0|3|1|0|0|2|0|0|1|0|0|0|0|1|0|0|0|0|0|0|0|1</HistCounts>
      </HistItem>
    </Histograms>
    <Metadata>
      <MDI key="RepresentationType">ATHEMATIC</MDI>
      <MDI key="STATISTICS_COVARIANCES">1.779833776239109e-05</MDI>
      <MDI key="STATISTICS_EXCLUDEDVALUES"></MDI>
      <MDI key="STATISTICS_MAXIMUM">0.88625663518906</MDI>
      <MDI key="STATISTICS_MEAN">0.87581519331783</MDI>
      <MDI key="STATISTICS_MINIMUM">0.86021393537521</MDI>
      <MDI key="STATISTICS_SKIPFACTORX">1</MDI>
      <MDI key="STATISTICS_SKIPFACTORY">1</MDI>
      <MDI key="STATISTICS_STDDEV">0.0042188076232973</MDI>
    </Metadata>
  </PAMRasterBand>
</PAMDataset>
