<PAMDataset>
  <Metadata>
    <MDI key="DataType">Generic</MDI>
  </Metadata>
  <PAMRasterBand band="1">
    <Histograms>
      <HistItem>
        <HistMin>0.8328325748443604</HistMin>
        <HistMax>0.842008650302887</HistMax>
        <BucketCount>256</BucketCount>
        <IncludeOutOfRange>1</IncludeOutOfRange>
        <Approximate>0</Approximate>
        <HistCounts>1|0|1|0|0|0|0|0|0|0|2|0|0|0|0|0|0|0|0|2|0|2|1|1|2|0|2|0|1|2|2|2|2|1|1|1|1|3|3|2|1|2|1|3|0|5|2|1|3|2|2|4|9|3|1|2|5|4|4|5|6|2|9|6|2|6|4|7|7|2|4|6|4|6|4|3|5|8|14|6|10|3|8|9|8|8|12|14|6|11|14|9|10|8|15|13|9|12|10|5|6|14|10|7|12|11|19|9|15|10|11|9|15|19|12|15|11|12|5|17|12|13|11|10|8|10|19|12|11|14|19|9|16|27|15|16|14|20|11|8|13|17|10|11|12|11|12|11|7|14|13|17|15|18|11|13|10|19|19|11|18|15|13|3|12|12|10|13|8|15|11|16|9|10|6|5|10|12|12|9|6|5|2|5|12|10|7|4|4|4|3|5|5|7|3|7|7|7|7|3|8|3|2|4|6|2|0|5|6|2|1|0|2|3|4|6|2|1|2|2|1|0|2|1|5|2|3|1|1|2|0|1|1|2|1|1|0|2|0|0|1|0|1|0|0|0|0|1|0|0|0|0|0|0|0|1</HistCounts>
      </HistItem>
    </Histograms>
    <Metadata>
      <MDI key="RepresentationType">ATHEMATIC</MDI>
      <MDI key="STATISTICS_COVARIANCES">2.509615774451279e-06</MDI>
      <MDI key="STATISTICS_EXCLUDEDVALUES"></MDI>
      <MDI key="STATISTICS_MAXIMUM">0.84200865030289</MDI>
      <MDI key="STATISTICS_MEAN">0.83754728991538</MDI>
      <MDI key="STATISTICS_MINIMUM">0.83283257484436</MDI>
      <MDI key="STATISTICS_SKIPFACTORX">1</MDI>
      <MDI key="STATISTICS_SKIPFACTORY">1</MDI>
      <MDI key="STATISTICS_STDDEV">0.0015841766866266</MDI>
    </Metadata>
  </PAMRasterBand>
</PAMDataset>
