<PAMDataset>
  <Metadata>
    <MDI key="DataType">Generic</MDI>
  </Metadata>
  <PAMRasterBand band="1">
    <Histograms>
      <HistItem>
        <HistMin>0.8681283593177795</HistMin>
        <HistMax>0.8788918256759644</HistMax>
        <BucketCount>256</BucketCount>
        <IncludeOutOfRange>1</IncludeOutOfRange>
        <Approximate>0</Approximate>
        <HistCounts>1|0|0|0|0|0|0|0|0|0|0|0|1|0|0|0|0|0|0|0|0|0|1|1|0|0|0|0|0|1|0|2|1|1|2|1|0|1|4|1|1|3|1|0|0|1|0|2|2|2|6|6|2|2|2|2|5|4|4|1|5|4|8|5|6|1|7|3|5|2|2|4|9|2|9|13|9|10|11|7|14|13|7|8|11|13|9|12|10|14|9|14|5|23|14|9|13|14|14|16|11|10|10|14|16|11|15|14|16|18|17|7|19|6|22|22|12|9|14|14|12|17|18|15|18|16|19|16|18|18|20|15|19|14|7|15|14|21|21|15|25|13|15|17|13|12|17|8|12|16|17|16|8|17|11|13|15|17|9|6|9|11|15|12|8|5|12|12|8|6|10|5|8|7|10|8|7|3|7|4|5|6|4|2|2|8|6|3|1|3|2|3|8|2|4|5|4|8|3|0|2|1|2|2|3|0|3|1|0|6|2|2|0|2|2|2|2|0|2|0|2|2|0|0|0|0|0|1|1|0|0|2|1|0|0|0|0|0|0|0|0|0|0|0|0|0|0|0|0|0|0|0|0|0|0|1</HistCounts>
      </HistItem>
    </Histograms>
    <Metadata>
      <MDI key="RepresentationType">ATHEMATIC</MDI>
      <MDI key="STATISTICS_COVARIANCES">2.587319814263026e-06</MDI>
      <MDI key="STATISTICS_EXCLUDEDVALUES"></MDI>
      <MDI key="STATISTICS_MAXIMUM">0.87889182567596</MDI>
      <MDI key="STATISTICS_MEAN">0.87342371046543</MDI>
      <MDI key="STATISTICS_MINIMUM">0.86812835931778</MDI>
      <MDI key="STATISTICS_SKIPFACTORX">1</MDI>
      <MDI key="STATISTICS_SKIPFACTORY">1</MDI>
      <MDI key="STATISTICS_STDDEV">0.0016085147852174</MDI>
    </Metadata>
  </PAMRasterBand>
</PAMDataset>
