<PAMDataset>
  <Metadata>
    <MDI key="DataType">Generic</MDI>
  </Metadata>
  <PAMRasterBand band="1">
    <Histograms>
      <HistItem>
        <HistMin>0.8673173785209656</HistMin>
        <HistMax>0.8786512613296509</HistMax>
        <BucketCount>256</BucketCount>
        <IncludeOutOfRange>1</IncludeOutOfRange>
        <Approximate>0</Approximate>
        <HistCounts>1|0|0|0|1|1|2|1|0|0|0|0|0|1|0|0|1|0|1|0|0|2|1|0|0|0|1|1|1|4|1|0|2|4|1|4|2|2|4|4|2|0|4|1|2|7|2|4|7|1|4|3|4|3|4|2|12|4|6|6|5|8|11|7|6|9|8|9|14|10|8|6|11|13|7|10|7|12|12|23|15|17|8|8|12|22|16|11|11|16|9|19|18|17|13|15|14|19|20|18|21|22|16|18|13|15|20|18|16|14|14|16|14|15|19|23|12|11|14|16|28|9|8|11|7|13|20|19|13|15|6|23|22|18|13|15|11|22|15|12|14|11|9|10|13|9|7|6|6|6|6|9|6|6|12|15|6|5|3|8|8|2|7|7|5|6|6|8|6|6|2|6|5|5|4|4|3|5|5|3|0|2|4|5|4|2|2|3|1|0|4|5|3|3|0|3|1|4|1|0|3|4|0|2|1|0|0|1|6|1|1|2|1|1|2|0|1|0|0|1|1|0|0|0|0|1|0|1|0|0|3|3|0|0|0|0|1|0|0|0|0|0|1|0|1|0|0|0|0|0|0|0|0|0|1|1</HistCounts>
      </HistItem>
    </Histograms>
    <Metadata>
      <MDI key="RepresentationType">ATHEMATIC</MDI>
      <MDI key="STATISTICS_COVARIANCES">3.103165636907717e-06</MDI>
      <MDI key="STATISTICS_EXCLUDEDVALUES"></MDI>
      <MDI key="STATISTICS_MAXIMUM">0.87865126132965</MDI>
      <MDI key="STATISTICS_MEAN">0.87235077891499</MDI>
      <MDI key="STATISTICS_MINIMUM">0.86731737852097</MDI>
      <MDI key="STATISTICS_SKIPFACTORX">1</MDI>
      <MDI key="STATISTICS_SKIPFACTORY">1</MDI>
      <MDI key="STATISTICS_STDDEV">0.0017615804372517</MDI>
    </Metadata>
  </PAMRasterBand>
</PAMDataset>
