<PAMDataset>
  <Metadata>
    <MDI key="DataType">Generic</MDI>
  </Metadata>
  <PAMRasterBand band="1">
    <Histograms>
      <HistItem>
        <HistMin>0.7902927398681641</HistMin>
        <HistMax>0.8071887493133545</HistMax>
        <BucketCount>256</BucketCount>
        <IncludeOutOfRange>1</IncludeOutOfRange>
        <Approximate>0</Approximate>
        <HistCounts>1|0|0|0|0|0|0|0|0|0|0|0|3|2|0|0|0|1|0|0|0|0|0|1|2|0|2|3|0|1|0|0|0|2|1|2|0|0|2|0|2|0|0|1|1|0|3|2|0|1|2|0|0|0|3|3|2|4|3|2|5|3|1|2|1|2|7|2|1|1|3|7|2|4|2|1|2|3|6|6|4|4|6|9|6|5|9|5|3|4|4|7|5|9|5|13|5|15|7|9|7|15|12|8|19|4|9|14|9|9|11|8|14|15|15|15|12|11|19|12|18|21|16|14|21|22|23|16|15|8|10|14|23|21|10|16|12|12|26|19|12|16|15|19|19|28|6|21|11|11|13|15|10|9|10|11|18|18|14|17|6|13|15|14|10|22|12|10|15|20|16|10|11|6|7|13|11|12|7|4|12|13|16|5|8|8|8|8|6|8|10|8|12|4|7|1|5|4|5|9|8|7|2|4|5|2|9|4|5|0|2|1|4|3|1|1|3|2|0|2|2|0|2|0|3|0|1|1|1|1|1|7|0|1|0|0|2|0|1|1|2|0|0|1|0|0|0|1|0|0|0|0|0|0|0|1</HistCounts>
      </HistItem>
    </Histograms>
    <Metadata>
      <MDI key="RepresentationType">ATHEMATIC</MDI>
      <MDI key="STATISTICS_COVARIANCES">7.055825325201717e-06</MDI>
      <MDI key="STATISTICS_EXCLUDEDVALUES"></MDI>
      <MDI key="STATISTICS_MAXIMUM">0.80718874931335</MDI>
      <MDI key="STATISTICS_MEAN">0.799484285824</MDI>
      <MDI key="STATISTICS_MINIMUM">0.79029273986816</MDI>
      <MDI key="STATISTICS_SKIPFACTORX">1</MDI>
      <MDI key="STATISTICS_SKIPFACTORY">1</MDI>
      <MDI key="STATISTICS_STDDEV">0.0026562803551586</MDI>
    </Metadata>
  </PAMRasterBand>
</PAMDataset>
