<PAMDataset>
  <PAMRasterBand band="1">
    <Histograms>
      <HistItem>
        <HistMin>0.8553238300737434</HistMin>
        <HistMax>0.8691362644956671</HistMax>
        <BucketCount>256</BucketCount>
        <IncludeOutOfRange>1</IncludeOutOfRange>
        <Approximate>0</Approximate>
        <HistCounts>1|0|0|0|0|0|0|0|0|0|0|0|0|0|1|0|1|1|0|0|0|1|1|0|1|2|0|0|1|3|1|1|0|3|0|2|1|1|0|1|2|4|4|7|1|4|2|3|4|4|3|9|9|4|5|10|4|4|11|6|12|7|5|5|9|8|10|15|14|6|9|16|8|16|9|7|15|9|20|14|13|12|11|10|17|13|18|22|23|8|22|17|20|16|20|12|22|11|19|19|27|18|21|14|12|18|14|23|16|16|12|20|18|19|17|11|18|13|15|27|20|20|17|17|23|13|15|18|10|20|13|15|14|8|13|12|17|16|15|10|18|8|8|10|7|12|8|14|12|9|10|10|12|12|5|9|8|10|5|6|4|6|4|5|6|5|4|4|4|4|1|1|2|1|0|3|4|1|3|0|2|1|0|3|1|1|2|0|0|3|0|1|1|0|0|2|2|2|1|0|0|0|1|1|0|0|1|0|0|0|1|0|0|0|0|0|0|0|1|0|0|0|0|0|0|0|0|0|0|0|0|0|0|0|0|0|0|0|0|0|0|0|0|0|0|0|0|0|0|0|0|0|0|0|0|1</HistCounts>
      </HistItem>
    </Histograms>
    <Metadata>
      <MDI key="RepresentationType">ATHEMATIC</MDI>
      <MDI key="STATISTICS_COVARIANCES">3.332442950825697e-06</MDI>
      <MDI key="STATISTICS_EXCLUDEDVALUES"></MDI>
      <MDI key="STATISTICS_MAXIMUM">0.86913626449567</MDI>
      <MDI key="STATISTICS_MEAN">0.86117934813921</MDI>
      <MDI key="STATISTICS_MINIMUM">0.85532383007374</MDI>
      <MDI key="STATISTICS_SKIPFACTORX">1</MDI>
      <MDI key="STATISTICS_SKIPFACTORY">1</MDI>
      <MDI key="STATISTICS_STDDEV">0.0018254980007729</MDI>
    </Metadata>
  </PAMRasterBand>
</PAMDataset>
