<PAMDataset>
  <Metadata>
    <MDI key="DataType">Generic</MDI>
  </Metadata>
  <PAMRasterBand band="1">
    <Histograms>
      <HistItem>
        <HistMin>0.8477931022644043</HistMin>
        <HistMax>0.8702613711357117</HistMax>
        <BucketCount>256</BucketCount>
        <IncludeOutOfRange>1</IncludeOutOfRange>
        <Approximate>0</Approximate>
        <HistCounts>1|0|0|0|0|1|1|0|1|0|0|1|1|1|0|0|0|0|3|1|2|1|0|1|5|4|3|1|3|0|5|6|2|3|0|2|3|3|2|2|2|4|5|3|1|4|5|1|2|4|0|4|4|1|2|6|3|6|2|3|3|5|3|10|4|11|5|4|4|13|8|7|7|6|6|6|4|4|4|1|10|11|4|9|5|7|9|4|4|5|7|3|7|13|7|3|7|11|15|11|9|10|13|6|10|13|18|12|7|12|19|14|16|13|7|7|15|9|11|13|8|11|16|6|14|12|9|14|17|17|14|24|14|17|17|13|8|12|12|17|12|7|15|20|15|10|18|11|19|10|11|19|5|6|19|11|10|8|7|7|14|14|11|10|12|8|14|6|13|20|10|9|8|9|9|14|2|6|10|10|4|16|11|3|7|11|6|7|8|9|10|5|5|12|8|5|8|4|9|9|7|6|8|4|3|5|5|9|7|3|2|1|3|1|4|0|2|3|2|2|1|3|1|2|1|0|1|0|0|1|1|1|0|0|1|2|4|1|0|0|0|2|0|0|0|0|0|0|0|0|0|0|0|0|0|1</HistCounts>
      </HistItem>
    </Histograms>
    <Metadata>
      <MDI key="RepresentationType">ATHEMATIC</MDI>
      <MDI key="STATISTICS_COVARIANCES">1.695306988380842e-05</MDI>
      <MDI key="STATISTICS_EXCLUDEDVALUES"></MDI>
      <MDI key="STATISTICS_MAXIMUM">0.87026137113571</MDI>
      <MDI key="STATISTICS_MEAN">0.85935621395707</MDI>
      <MDI key="STATISTICS_MINIMUM">0.8477931022644</MDI>
      <MDI key="STATISTICS_SKIPFACTORX">1</MDI>
      <MDI key="STATISTICS_SKIPFACTORY">1</MDI>
      <MDI key="STATISTICS_STDDEV">0.0041174105799408</MDI>
    </Metadata>
  </PAMRasterBand>
</PAMDataset>
