<PAMDataset>
  <Metadata>
    <MDI key="DataType">Generic</MDI>
  </Metadata>
  <PAMRasterBand band="1">
    <Histograms>
      <HistItem>
        <HistMin>0.8167556524276733</HistMin>
        <HistMax>0.8286256194114685</HistMax>
        <BucketCount>256</BucketCount>
        <IncludeOutOfRange>1</IncludeOutOfRange>
        <Approximate>0</Approximate>
        <HistCounts>1|0|0|1|0|0|0|0|0|2|0|0|0|0|1|0|2|0|4|0|3|1|1|2|5|2|2|2|1|3|1|3|2|4|6|1|8|5|2|5|3|2|3|4|6|5|5|6|6|9|4|7|5|9|3|3|7|8|6|6|8|2|11|5|7|4|7|17|8|11|4|15|6|9|7|6|16|4|15|5|11|11|21|7|16|6|10|9|16|18|12|15|17|18|5|22|9|18|12|20|9|13|11|20|18|20|20|24|9|13|9|19|22|16|24|9|17|15|15|10|16|9|17|4|16|8|10|16|30|15|25|10|15|12|12|6|22|9|6|14|11|9|9|18|10|11|6|10|6|13|14|19|4|11|3|9|7|10|7|13|6|9|2|1|7|6|9|9|8|2|6|2|7|1|6|5|5|2|4|2|7|9|4|2|4|4|3|3|3|3|1|2|4|1|1|4|1|3|2|2|1|2|1|2|0|2|1|0|0|0|1|4|2|0|2|0|1|0|0|1|0|2|0|0|1|1|2|1|0|1|0|0|1|0|0|0|1|0|0|2|0|0|1|0|0|0|0|0|0|2|0|0|0|0|0|1</HistCounts>
      </HistItem>
    </Histograms>
    <Metadata>
      <MDI key="RepresentationType">ATHEMATIC</MDI>
      <MDI key="STATISTICS_COVARIANCES">3.832689818101882e-06</MDI>
      <MDI key="STATISTICS_EXCLUDEDVALUES"></MDI>
      <MDI key="STATISTICS_MAXIMUM">0.82862561941147</MDI>
      <MDI key="STATISTICS_MEAN">0.82199634768069</MDI>
      <MDI key="STATISTICS_MINIMUM">0.81675565242767</MDI>
      <MDI key="STATISTICS_SKIPFACTORX">1</MDI>
      <MDI key="STATISTICS_SKIPFACTORY">1</MDI>
      <MDI key="STATISTICS_STDDEV">0.0019577256748845</MDI>
    </Metadata>
  </PAMRasterBand>
</PAMDataset>
