<PAMDataset>
  <Metadata>
    <MDI key="DataType">Generic</MDI>
  </Metadata>
  <PAMRasterBand band="1">
    <Histograms>
      <HistItem>
        <HistMin>0.8536721467971802</HistMin>
        <HistMax>0.8634988069534302</HistMax>
        <BucketCount>256</BucketCount>
        <IncludeOutOfRange>1</IncludeOutOfRange>
        <Approximate>0</Approximate>
        <HistCounts>1|0|0|0|0|0|0|0|0|2|0|1|1|0|1|0|2|2|0|1|0|1|1|0|0|0|0|1|1|1|2|2|1|0|1|0|0|2|0|0|0|0|2|1|1|6|1|5|2|4|4|5|5|4|1|4|4|3|10|7|6|4|5|8|4|11|5|5|11|6|4|9|4|5|9|6|12|5|13|7|3|12|2|12|9|8|16|8|11|13|10|16|14|8|19|6|16|17|12|12|9|7|22|10|36|13|2|18|7|16|16|8|18|9|16|15|10|34|12|19|15|12|23|20|19|24|9|12|17|6|22|12|17|21|8|15|10|18|22|9|9|12|7|17|11|12|17|9|18|15|19|20|7|7|5|11|17|9|15|6|8|8|9|15|8|9|11|4|3|11|8|8|2|6|4|7|14|7|5|12|5|1|4|8|3|3|6|5|3|6|3|8|2|2|5|0|7|2|2|3|3|5|5|1|6|1|2|5|1|2|2|0|0|0|2|3|1|3|0|0|2|0|0|1|0|0|0|1|0|1|0|0|0|0|0|2|1|0|2|0|0|2|0|0|0|0|0|0|0|0|1|0|0|0|0|1</HistCounts>
      </HistItem>
    </Histograms>
    <Metadata>
      <MDI key="RepresentationType">ATHEMATIC</MDI>
      <MDI key="STATISTICS_COVARIANCES">2.452216928114274e-06</MDI>
      <MDI key="STATISTICS_EXCLUDEDVALUES"></MDI>
      <MDI key="STATISTICS_MAXIMUM">0.86349880695343</MDI>
      <MDI key="STATISTICS_MEAN">0.85843351453543</MDI>
      <MDI key="STATISTICS_MINIMUM">0.85367214679718</MDI>
      <MDI key="STATISTICS_SKIPFACTORX">1</MDI>
      <MDI key="STATISTICS_SKIPFACTORY">1</MDI>
      <MDI key="STATISTICS_STDDEV">0.001565955595831</MDI>
    </Metadata>
  </PAMRasterBand>
</PAMDataset>
