<PAMDataset>
  <Metadata>
    <MDI key="DataType">Generic</MDI>
  </Metadata>
  <PAMRasterBand band="1">
    <Histograms>
      <HistItem>
        <HistMin>0.8017171025276184</HistMin>
        <HistMax>0.81313556432724</HistMax>
        <BucketCount>256</BucketCount>
        <IncludeOutOfRange>1</IncludeOutOfRange>
        <Approximate>0</Approximate>
        <HistCounts>3|1|1|1|1|0|0|1|1|3|0|4|0|1|0|2|0|3|2|4|2|0|3|0|1|1|1|2|1|2|1|6|6|5|4|1|3|2|3|6|4|2|2|1|2|3|2|1|11|11|8|14|11|6|9|5|4|10|3|9|11|4|8|9|5|7|13|12|11|14|8|11|14|13|10|7|7|11|8|12|11|12|11|9|8|10|8|19|10|12|14|10|11|10|10|11|10|18|14|16|11|10|17|18|12|14|11|26|14|18|9|12|21|6|15|18|11|10|14|11|24|12|8|10|18|22|17|18|21|17|10|9|8|22|11|13|14|15|10|6|14|9|8|11|14|12|8|12|5|10|8|11|5|11|5|4|5|8|3|2|9|11|15|9|7|9|5|11|2|5|16|3|2|4|7|0|8|8|8|9|1|6|1|6|3|2|2|4|6|6|5|5|0|3|5|2|0|5|4|1|2|1|0|2|2|1|2|1|1|0|0|0|1|0|3|1|1|1|1|2|0|0|0|0|2|1|0|0|0|1|0|1|1|1|1|0|0|0|0|0|0|0|0|0|0|0|0|0|0|0|0|0|0|0|1|1</HistCounts>
      </HistItem>
    </Histograms>
    <Metadata>
      <MDI key="RepresentationType">ATHEMATIC</MDI>
      <MDI key="STATISTICS_COVARIANCES">3.851435997796698e-06</MDI>
      <MDI key="STATISTICS_EXCLUDEDVALUES"></MDI>
      <MDI key="STATISTICS_MAXIMUM">0.81313556432724</MDI>
      <MDI key="STATISTICS_MEAN">0.80673992890865</MDI>
      <MDI key="STATISTICS_MINIMUM">0.80171710252762</MDI>
      <MDI key="STATISTICS_SKIPFACTORX">1</MDI>
      <MDI key="STATISTICS_SKIPFACTORY">1</MDI>
      <MDI key="STATISTICS_STDDEV">0.0019625075790418</MDI>
    </Metadata>
  </PAMRasterBand>
</PAMDataset>
