<PAMDataset>
  <Metadata>
    <MDI key="DataType">Generic</MDI>
  </Metadata>
  <PAMRasterBand band="1">
    <Histograms>
      <HistItem>
        <HistMin>0.8587904572486877</HistMin>
        <HistMax>0.8689507246017456</HistMax>
        <BucketCount>256</BucketCount>
        <IncludeOutOfRange>1</IncludeOutOfRange>
        <Approximate>0</Approximate>
        <HistCounts>1|0|0|1|0|0|0|0|0|0|0|0|1|0|2|0|0|1|0|1|1|0|1|2|1|2|3|2|0|1|0|2|4|6|5|2|2|4|2|4|4|7|6|3|8|7|3|7|4|5|6|6|11|7|8|8|8|10|6|8|11|8|17|6|13|8|7|15|5|15|18|10|18|9|13|16|5|13|13|9|16|25|18|8|10|17|16|18|19|15|8|15|11|16|15|18|15|13|5|10|17|22|15|24|15|11|12|20|11|14|14|16|14|12|12|12|11|4|14|12|13|23|7|13|6|7|7|13|11|7|7|8|10|10|13|11|4|6|7|6|8|14|11|9|11|5|10|11|7|7|2|4|11|8|10|6|9|6|5|6|2|10|11|4|11|4|3|5|9|6|7|3|9|6|2|5|5|7|0|7|8|10|6|2|1|4|0|8|10|6|5|6|4|5|7|4|5|4|1|1|1|1|3|2|3|1|6|1|3|5|0|0|1|0|3|3|0|1|0|0|1|2|1|2|0|1|1|2|2|0|2|0|0|1|1|0|0|0|1|0|1|0|0|0|0|0|0|1|1|0|0|0|0|1|0|1</HistCounts>
      </HistItem>
    </Histograms>
    <Metadata>
      <MDI key="RepresentationType">ATHEMATIC</MDI>
      <MDI key="STATISTICS_COVARIANCES">3.279735162094315e-06</MDI>
      <MDI key="STATISTICS_EXCLUDEDVALUES"></MDI>
      <MDI key="STATISTICS_MAXIMUM">0.86895072460175</MDI>
      <MDI key="STATISTICS_MEAN">0.86324991088361</MDI>
      <MDI key="STATISTICS_MINIMUM">0.85879045724869</MDI>
      <MDI key="STATISTICS_SKIPFACTORX">1</MDI>
      <MDI key="STATISTICS_SKIPFACTORY">1</MDI>
      <MDI key="STATISTICS_STDDEV">0.0018110039100163</MDI>
    </Metadata>
  </PAMRasterBand>
</PAMDataset>
