<PAMDataset>
  <Metadata>
    <MDI key="DataType">Generic</MDI>
  </Metadata>
  <PAMRasterBand band="1">
    <Histograms>
      <HistItem>
        <HistMin>0.8653504848480225</HistMin>
        <HistMax>0.8769544363021851</HistMax>
        <BucketCount>256</BucketCount>
        <IncludeOutOfRange>1</IncludeOutOfRange>
        <Approximate>0</Approximate>
        <HistCounts>1|0|0|1|0|1|0|1|1|2|0|1|1|0|1|0|0|1|3|0|3|2|3|0|1|2|1|2|3|1|2|1|1|2|0|4|0|1|3|2|2|4|4|6|5|3|2|1|5|2|8|5|7|2|3|9|5|6|5|5|8|2|5|7|11|8|7|9|5|8|12|10|15|9|5|10|7|9|17|16|13|19|13|18|12|17|12|14|23|12|14|19|9|12|21|12|20|17|12|27|21|31|13|13|18|19|13|12|8|17|19|15|16|14|10|10|20|16|9|6|11|20|26|10|13|13|15|16|26|12|12|17|20|18|10|6|13|6|20|14|7|8|7|18|17|7|10|6|5|9|8|6|12|13|10|18|8|6|9|5|7|7|7|3|9|6|10|5|4|4|8|6|6|7|4|2|4|5|2|6|1|3|8|1|1|2|3|2|4|4|2|1|3|2|3|0|1|2|1|0|2|0|0|0|3|1|1|0|0|2|1|0|2|0|0|0|4|0|0|0|0|2|0|0|0|1|1|0|0|0|0|0|0|0|0|0|1|0|0|0|0|0|0|1|0|0|0|0|1|0|0|0|0|0|0|1</HistCounts>
      </HistItem>
    </Histograms>
    <Metadata>
      <MDI key="RepresentationType">ATHEMATIC</MDI>
      <MDI key="STATISTICS_COVARIANCES">3.185885415318976e-06</MDI>
      <MDI key="STATISTICS_EXCLUDEDVALUES"></MDI>
      <MDI key="STATISTICS_MAXIMUM">0.87695443630219</MDI>
      <MDI key="STATISTICS_MEAN">0.87044515926391</MDI>
      <MDI key="STATISTICS_MINIMUM">0.86535048484802</MDI>
      <MDI key="STATISTICS_SKIPFACTORX">1</MDI>
      <MDI key="STATISTICS_SKIPFACTORY">1</MDI>
      <MDI key="STATISTICS_STDDEV">0.001784904875706</MDI>
    </Metadata>
  </PAMRasterBand>
</PAMDataset>
