<PAMDataset>
  <PAMRasterBand band="1">
    <Histograms>
      <HistItem>
        <HistMin>0.8571916225198144</HistMin>
        <HistMax>0.8706059589340782</HistMax>
        <BucketCount>256</BucketCount>
        <IncludeOutOfRange>1</IncludeOutOfRange>
        <Approximate>0</Approximate>
        <HistCounts>1|0|0|0|0|0|0|0|0|0|0|1|0|0|0|1|0|1|0|1|0|0|0|0|0|1|0|2|2|2|0|0|4|0|5|1|2|4|1|1|0|1|3|2|5|4|4|4|6|3|5|3|5|4|1|4|6|7|10|3|3|4|1|6|8|2|3|6|7|8|10|6|4|2|11|17|11|8|11|11|11|21|13|6|13|10|12|7|13|15|8|20|9|15|9|20|10|20|17|9|15|10|13|9|20|16|12|7|18|9|15|12|9|8|8|14|15|13|15|11|18|11|11|10|13|16|14|11|21|8|12|13|18|6|14|11|4|14|21|11|14|11|12|12|19|22|12|9|17|14|12|11|12|13|14|17|8|14|11|12|13|12|8|8|9|6|11|14|11|5|9|9|8|11|13|6|8|8|7|7|6|8|10|9|8|7|2|2|4|3|6|7|4|2|4|4|3|5|5|0|0|3|3|2|0|1|1|3|4|1|1|2|3|1|0|0|0|1|3|1|4|0|0|0|0|0|0|0|1|0|0|0|1|0|1|0|0|0|0|0|0|0|0|0|1|0|0|0|0|0|0|0|0|0|0|1</HistCounts>
      </HistItem>
    </Histograms>
    <Metadata>
      <MDI key="RepresentationType">ATHEMATIC</MDI>
      <MDI key="STATISTICS_COVARIANCES">4.748697709105441e-06</MDI>
      <MDI key="STATISTICS_EXCLUDEDVALUES"></MDI>
      <MDI key="STATISTICS_MAXIMUM">0.87060595893408</MDI>
      <MDI key="STATISTICS_MEAN">0.86366565262149</MDI>
      <MDI key="STATISTICS_MINIMUM">0.85719162251981</MDI>
      <MDI key="STATISTICS_SKIPFACTORX">1</MDI>
      <MDI key="STATISTICS_SKIPFACTORY">1</MDI>
      <MDI key="STATISTICS_STDDEV">0.0021791506852683</MDI>
    </Metadata>
  </PAMRasterBand>
</PAMDataset>
