<PAMDataset>
  <Metadata>
    <MDI key="DataType">Generic</MDI>
  </Metadata>
  <PAMRasterBand band="1">
    <Histograms>
      <HistItem>
        <HistMin>0.8134655952453613</HistMin>
        <HistMax>0.8411899209022522</HistMax>
        <BucketCount>256</BucketCount>
        <IncludeOutOfRange>1</IncludeOutOfRange>
        <Approximate>0</Approximate>
        <HistCounts>1|0|0|0|0|0|0|0|2|0|0|0|0|0|1|1|0|0|0|1|0|3|1|0|0|0|1|0|0|0|0|0|0|0|0|0|1|0|0|0|0|0|2|0|0|0|1|3|0|0|0|0|0|2|0|1|1|2|0|1|2|0|1|1|0|1|2|4|0|3|4|2|2|0|3|7|5|5|4|5|4|8|6|3|5|4|2|7|10|9|4|9|12|9|11|13|16|10|9|16|7|19|15|19|12|13|16|27|12|19|16|16|18|31|17|18|21|25|23|18|26|24|19|21|22|21|25|24|22|30|18|17|19|22|20|28|32|23|22|20|14|20|21|17|14|19|14|21|24|14|13|19|19|12|19|11|14|9|12|15|14|14|3|10|9|11|8|10|10|7|10|15|5|9|8|1|3|3|3|4|6|4|1|2|0|2|1|2|6|0|0|1|4|1|1|2|6|3|0|0|1|3|1|0|3|0|0|0|0|2|1|0|0|0|0|0|0|2|0|0|0|0|0|0|0|0|0|0|0|0|0|2|1|0|1|0|0|0|0|1|0|0|0|0|0|0|0|0|0|0|0|0|0|0|1|1</HistCounts>
      </HistItem>
    </Histograms>
    <Metadata>
      <MDI key="RepresentationType">ATHEMATIC</MDI>
      <MDI key="STATISTICS_COVARIANCES">1.08899070017562e-05</MDI>
      <MDI key="STATISTICS_EXCLUDEDVALUES"></MDI>
      <MDI key="STATISTICS_MAXIMUM">0.84118992090225</MDI>
      <MDI key="STATISTICS_MEAN">0.82746025592089</MDI>
      <MDI key="STATISTICS_MINIMUM">0.81346559524536</MDI>
      <MDI key="STATISTICS_SKIPFACTORX">1</MDI>
      <MDI key="STATISTICS_SKIPFACTORY">1</MDI>
      <MDI key="STATISTICS_STDDEV">0.0032999859093269</MDI>
    </Metadata>
  </PAMRasterBand>
</PAMDataset>
