<PAMDataset>
  <PAMRasterBand band="1">
    <Histograms>
      <HistItem>
        <HistMin>0.8392405575172057</HistMin>
        <HistMax>0.8514621785455851</HistMax>
        <BucketCount>256</BucketCount>
        <IncludeOutOfRange>1</IncludeOutOfRange>
        <Approximate>0</Approximate>
        <HistCounts>1|0|0|0|0|0|0|0|0|1|0|0|0|1|0|0|2|0|0|0|1|0|0|2|0|0|2|0|1|0|0|1|1|1|2|1|3|0|0|0|0|1|0|7|2|2|0|3|1|1|0|5|3|2|3|3|4|3|3|5|3|3|7|0|4|5|7|7|7|7|4|6|10|7|6|8|6|9|7|9|12|9|16|9|7|8|11|16|6|8|8|6|8|5|14|15|10|11|9|12|15|20|11|11|8|8|11|10|11|22|19|16|7|13|17|7|14|16|26|19|22|12|11|14|13|19|26|22|13|9|5|22|9|17|17|9|15|16|13|17|16|12|14|12|15|12|14|15|15|22|11|8|11|12|10|19|13|13|8|9|11|9|11|15|10|17|9|7|6|11|9|7|14|15|9|5|7|7|6|9|14|7|8|7|5|3|5|10|6|7|1|1|5|8|6|0|3|2|1|4|3|4|4|3|2|1|3|2|3|2|4|2|1|1|2|6|1|3|3|1|0|2|0|1|0|5|2|0|0|2|0|0|0|0|0|0|1|1|0|0|0|0|1|1|0|0|0|1|0|0|0|0|0|0|1|1</HistCounts>
      </HistItem>
    </Histograms>
    <Metadata>
      <MDI key="RepresentationType">ATHEMATIC</MDI>
      <MDI key="STATISTICS_COVARIANCES">3.82771362396218e-06</MDI>
      <MDI key="STATISTICS_EXCLUDEDVALUES"></MDI>
      <MDI key="STATISTICS_MAXIMUM">0.85146217854559</MDI>
      <MDI key="STATISTICS_MEAN">0.84541670756731</MDI>
      <MDI key="STATISTICS_MINIMUM">0.83924055751721</MDI>
      <MDI key="STATISTICS_SKIPFACTORX">1</MDI>
      <MDI key="STATISTICS_SKIPFACTORY">1</MDI>
      <MDI key="STATISTICS_STDDEV">0.0019564543500839</MDI>
    </Metadata>
  </PAMRasterBand>
</PAMDataset>
