<PAMDataset>
  <Metadata>
    <MDI key="DataType">Generic</MDI>
  </Metadata>
  <PAMRasterBand band="1">
    <Histograms>
      <HistItem>
        <HistMin>0.876572847366333</HistMin>
        <HistMax>0.8874466419219971</HistMax>
        <BucketCount>256</BucketCount>
        <IncludeOutOfRange>1</IncludeOutOfRange>
        <Approximate>0</Approximate>
        <HistCounts>1|0|0|0|0|0|1|0|0|0|0|0|2|1|0|0|1|0|0|0|0|3|2|2|3|2|1|2|2|1|0|0|0|3|5|2|1|0|3|2|4|0|3|2|3|5|4|6|2|3|3|0|2|4|4|5|2|6|7|3|6|7|9|11|9|6|7|11|7|14|5|12|5|12|10|11|9|12|7|11|9|7|17|11|11|9|14|15|18|14|11|12|16|20|14|14|9|14|13|14|23|11|19|15|19|24|22|19|17|12|12|18|21|24|24|15|23|22|12|16|13|13|18|22|16|13|8|13|13|14|16|18|15|10|11|26|18|11|7|14|12|15|13|14|10|8|21|10|9|15|12|5|8|7|5|8|3|5|8|12|3|6|3|5|10|8|6|2|4|4|7|10|3|7|3|6|4|7|4|0|6|3|4|5|2|2|3|2|7|5|3|2|0|1|4|4|1|2|2|3|2|2|1|0|3|0|2|1|3|0|3|0|0|0|0|2|0|1|0|1|0|1|1|0|1|0|0|1|0|1|0|0|0|0|0|1|0|0|0|0|0|0|0|0|1|0|0|0|0|0|0|0|0|0|0|1</HistCounts>
      </HistItem>
    </Histograms>
    <Metadata>
      <MDI key="RepresentationType">ATHEMATIC</MDI>
      <MDI key="STATISTICS_COVARIANCES">2.709583334392035e-06</MDI>
      <MDI key="STATISTICS_EXCLUDEDVALUES"></MDI>
      <MDI key="STATISTICS_MAXIMUM">0.887446641922</MDI>
      <MDI key="STATISTICS_MEAN">0.88147011499852</MDI>
      <MDI key="STATISTICS_MINIMUM">0.87657284736633</MDI>
      <MDI key="STATISTICS_SKIPFACTORX">1</MDI>
      <MDI key="STATISTICS_SKIPFACTORY">1</MDI>
      <MDI key="STATISTICS_STDDEV">0.0016460812052849</MDI>
    </Metadata>
  </PAMRasterBand>
</PAMDataset>
