<PAMDataset>
  <PAMRasterBand band="1">
    <Histograms>
      <HistItem>
        <HistMin>0.8649405213869179</HistMin>
        <HistMax>0.8804218917589179</HistMax>
        <BucketCount>256</BucketCount>
        <IncludeOutOfRange>1</IncludeOutOfRange>
        <Approximate>0</Approximate>
        <HistCounts>1|0|0|0|0|0|0|1|0|0|0|0|0|0|0|2|0|0|0|0|2|0|3|1|2|0|1|1|3|2|3|2|2|4|3|2|6|2|1|5|1|8|3|3|5|4|11|9|5|3|2|9|6|2|7|7|9|2|7|8|8|8|9|8|10|11|9|6|18|8|9|9|15|12|15|7|7|11|9|3|3|6|13|18|15|6|12|3|9|10|7|8|8|19|8|13|5|17|19|11|14|10|21|12|16|8|11|12|15|19|15|12|13|7|8|9|21|15|16|19|17|14|10|12|13|11|23|14|15|16|13|15|10|27|21|15|24|12|23|7|20|18|8|9|12|27|14|15|8|14|20|7|9|16|16|6|7|6|7|11|12|5|13|7|12|6|6|2|6|9|8|6|7|5|6|2|1|3|5|2|6|1|3|4|4|5|2|3|7|1|4|1|3|2|1|3|0|3|2|0|1|0|0|2|1|0|1|2|3|1|1|0|2|1|0|1|0|2|0|0|0|0|2|0|1|0|0|0|0|0|0|0|1|1|0|0|0|0|0|0|0|0|0|0|0|0|1|0|0|0|0|0|0|0|0|1</HistCounts>
      </HistItem>
    </Histograms>
    <Metadata>
      <MDI key="RepresentationType">ATHEMATIC</MDI>
      <MDI key="STATISTICS_COVARIANCES">6.090447259721365e-06</MDI>
      <MDI key="STATISTICS_EXCLUDEDVALUES"></MDI>
      <MDI key="STATISTICS_MAXIMUM">0.88042189175892</MDI>
      <MDI key="STATISTICS_MEAN">0.87192219612767</MDI>
      <MDI key="STATISTICS_MINIMUM">0.86494052138692</MDI>
      <MDI key="STATISTICS_SKIPFACTORX">1</MDI>
      <MDI key="STATISTICS_SKIPFACTORY">1</MDI>
      <MDI key="STATISTICS_STDDEV">0.0024678831535795</MDI>
    </Metadata>
  </PAMRasterBand>
</PAMDataset>
