<PAMDataset>
  <Metadata>
    <MDI key="DataType">Generic</MDI>
  </Metadata>
  <PAMRasterBand band="1">
    <Histograms>
      <HistItem>
        <HistMin>0.8029298186302185</HistMin>
        <HistMax>0.8644423484802246</HistMax>
        <BucketCount>256</BucketCount>
        <IncludeOutOfRange>1</IncludeOutOfRange>
        <Approximate>0</Approximate>
        <HistCounts>1|0|0|0|0|0|0|0|0|0|0|1|0|0|0|1|0|0|0|0|0|0|1|1|1|1|0|0|0|0|0|0|0|0|0|0|0|0|0|0|0|0|0|1|0|0|0|1|0|0|0|0|0|0|1|0|0|0|0|0|0|2|0|1|0|0|0|1|0|1|0|0|0|1|2|0|1|0|1|0|0|0|1|1|0|2|1|0|1|0|3|1|1|2|1|1|1|0|2|0|3|0|1|2|2|2|1|3|2|0|0|1|3|2|3|2|6|2|1|2|4|2|2|1|4|3|3|0|5|2|2|0|4|4|4|4|1|5|7|11|6|7|5|7|3|5|6|7|9|5|2|8|7|8|3|11|8|6|4|10|8|7|8|8|7|5|11|5|7|13|15|7|8|6|8|12|15|8|8|7|10|16|10|10|6|8|15|5|11|8|12|10|12|9|11|13|9|7|9|10|14|14|13|15|19|12|12|19|12|20|30|20|27|30|21|24|29|29|28|33|22|32|23|26|27|28|31|35|34|26|25|22|29|21|17|13|17|20|23|14|4|8|5|6|1|7|5|3|3|1|3|0|2|0|0|1</HistCounts>
      </HistItem>
    </Histograms>
    <Metadata>
      <MDI key="RepresentationType">ATHEMATIC</MDI>
      <MDI key="STATISTICS_COVARIANCES">8.673162468150296e-05</MDI>
      <MDI key="STATISTICS_EXCLUDEDVALUES"></MDI>
      <MDI key="STATISTICS_MAXIMUM">0.86444234848022</MDI>
      <MDI key="STATISTICS_MEAN">0.85038941461593</MDI>
      <MDI key="STATISTICS_MINIMUM">0.80292981863022</MDI>
      <MDI key="STATISTICS_SKIPFACTORX">1</MDI>
      <MDI key="STATISTICS_SKIPFACTORY">1</MDI>
      <MDI key="STATISTICS_STDDEV">0.009312981514075</MDI>
    </Metadata>
  </PAMRasterBand>
</PAMDataset>
