<PAMDataset>
  <Metadata>
    <MDI key="DataType">Generic</MDI>
  </Metadata>
  <PAMRasterBand band="1">
    <Histograms>
      <HistItem>
        <HistMin>0.8319158554077148</HistMin>
        <HistMax>0.8443572521209717</HistMax>
        <BucketCount>256</BucketCount>
        <IncludeOutOfRange>1</IncludeOutOfRange>
        <Approximate>0</Approximate>
        <HistCounts>1|0|0|0|0|1|0|0|0|0|0|0|0|1|0|0|1|0|0|0|0|0|0|0|1|0|0|0|0|1|0|1|1|1|1|3|6|3|2|2|0|1|2|0|0|0|3|1|1|8|4|2|3|1|5|4|3|4|9|5|4|9|4|8|7|5|7|4|10|13|8|8|7|11|9|12|8|15|18|8|11|10|14|15|17|13|7|13|13|14|19|21|18|8|14|13|11|26|14|18|11|16|11|16|20|12|24|12|12|13|23|12|17|14|18|13|13|17|19|8|22|22|14|17|18|12|12|14|16|20|28|20|15|10|12|11|6|11|11|16|17|15|13|15|23|15|13|7|9|7|8|10|6|12|13|7|9|12|15|8|8|8|5|9|8|11|3|3|7|8|2|7|3|5|2|9|7|1|8|6|5|4|2|4|4|4|3|5|3|4|2|6|1|2|0|1|0|3|5|3|1|1|3|0|2|4|4|0|1|0|0|0|1|0|1|0|1|1|2|0|0|0|0|0|0|1|1|1|0|1|2|2|0|0|0|0|0|0|0|0|0|0|0|0|0|0|0|0|0|0|0|0|0|0|0|1</HistCounts>
      </HistItem>
    </Histograms>
    <Metadata>
      <MDI key="RepresentationType">ATHEMATIC</MDI>
      <MDI key="STATISTICS_COVARIANCES">3.386860664038354e-06</MDI>
      <MDI key="STATISTICS_EXCLUDEDVALUES"></MDI>
      <MDI key="STATISTICS_MAXIMUM">0.84435725212097</MDI>
      <MDI key="STATISTICS_MEAN">0.83766632393002</MDI>
      <MDI key="STATISTICS_MINIMUM">0.83191585540771</MDI>
      <MDI key="STATISTICS_SKIPFACTORX">1</MDI>
      <MDI key="STATISTICS_SKIPFACTORY">1</MDI>
      <MDI key="STATISTICS_STDDEV">0.0018403425398654</MDI>
    </Metadata>
  </PAMRasterBand>
</PAMDataset>
