<PAMDataset>
  <Metadata>
    <MDI key="DataType">Generic</MDI>
  </Metadata>
  <PAMRasterBand band="1">
    <Histograms>
      <HistItem>
        <HistMin>0.849604070186615</HistMin>
        <HistMax>0.8724353313446045</HistMax>
        <BucketCount>256</BucketCount>
        <IncludeOutOfRange>1</IncludeOutOfRange>
        <Approximate>0</Approximate>
        <HistCounts>2|0|0|1|0|1|2|0|2|0|0|0|1|0|0|0|1|4|1|0|0|3|1|0|1|0|2|4|2|1|0|4|3|0|1|6|6|3|4|2|5|5|5|2|1|3|4|2|4|0|5|4|3|5|2|3|1|6|3|4|2|2|1|3|4|4|0|0|7|5|2|5|4|5|5|1|3|2|2|4|5|3|1|6|6|7|6|1|5|8|2|8|9|7|7|6|3|9|5|9|2|7|9|9|2|4|8|11|7|9|7|5|5|7|7|11|6|8|8|14|8|11|18|7|10|9|9|12|15|9|7|18|12|14|16|11|16|17|10|8|15|13|20|16|14|9|22|10|17|13|11|18|16|20|17|18|10|12|23|13|19|15|11|15|21|15|16|14|13|18|15|7|21|6|10|13|21|10|20|16|8|7|5|14|10|13|10|10|11|6|9|10|12|7|9|11|5|8|8|2|9|6|13|5|3|6|7|6|8|1|3|5|2|1|7|5|1|4|3|1|5|2|5|1|4|0|2|3|2|1|0|0|2|2|1|1|0|2|0|2|0|2|0|0|1|1|1|2|0|0|1|0|0|0|0|1</HistCounts>
      </HistItem>
    </Histograms>
    <Metadata>
      <MDI key="RepresentationType">ATHEMATIC</MDI>
      <MDI key="STATISTICS_COVARIANCES">1.797283384822615e-05</MDI>
      <MDI key="STATISTICS_EXCLUDEDVALUES"></MDI>
      <MDI key="STATISTICS_MAXIMUM">0.8724353313446</MDI>
      <MDI key="STATISTICS_MEAN">0.862262686342</MDI>
      <MDI key="STATISTICS_MINIMUM">0.84960407018661</MDI>
      <MDI key="STATISTICS_SKIPFACTORX">1</MDI>
      <MDI key="STATISTICS_SKIPFACTORY">1</MDI>
      <MDI key="STATISTICS_STDDEV">0.0042394379165434</MDI>
    </Metadata>
  </PAMRasterBand>
</PAMDataset>
