<PAMDataset>
  <Metadata>
    <MDI key="DataType">Generic</MDI>
  </Metadata>
  <PAMRasterBand band="1">
    <Histograms>
      <HistItem>
        <HistMin>0.8241589665412903</HistMin>
        <HistMax>0.8362669944763184</HistMax>
        <BucketCount>256</BucketCount>
        <IncludeOutOfRange>1</IncludeOutOfRange>
        <Approximate>0</Approximate>
        <HistCounts>1|0|0|0|0|0|0|1|0|1|0|0|0|1|0|0|0|2|0|2|1|0|1|1|2|3|1|4|2|4|2|1|8|1|2|1|2|1|3|6|4|6|11|6|4|3|3|1|6|3|3|3|5|6|4|10|6|9|11|8|3|6|5|13|10|8|5|12|5|12|12|11|14|16|11|17|15|7|7|9|5|16|22|19|24|16|10|10|14|19|15|14|12|13|14|16|19|10|9|6|12|17|10|9|19|9|10|18|9|18|19|16|15|18|14|15|15|21|9|21|15|15|14|23|17|15|21|9|17|18|12|18|20|13|14|15|16|22|27|13|10|9|6|12|22|6|9|10|13|11|11|10|5|7|10|5|8|10|6|8|5|7|4|6|8|12|7|3|5|5|1|5|2|2|3|3|1|3|3|9|1|3|2|0|1|4|1|0|2|0|1|1|2|2|0|2|0|1|1|0|1|0|0|0|1|2|1|2|0|0|0|1|0|0|2|0|1|1|0|1|2|0|0|0|0|0|0|0|0|1|0|0|0|0|0|0|1|0|0|0|0|1|0|0|0|0|0|0|0|0|0|0|0|0|0|1</HistCounts>
      </HistItem>
    </Histograms>
    <Metadata>
      <MDI key="RepresentationType">ATHEMATIC</MDI>
      <MDI key="STATISTICS_COVARIANCES">3.298949036039326e-06</MDI>
      <MDI key="STATISTICS_EXCLUDEDVALUES"></MDI>
      <MDI key="STATISTICS_MAXIMUM">0.83626699447632</MDI>
      <MDI key="STATISTICS_MEAN">0.82935827322304</MDI>
      <MDI key="STATISTICS_MINIMUM">0.82415896654129</MDI>
      <MDI key="STATISTICS_SKIPFACTORX">1</MDI>
      <MDI key="STATISTICS_SKIPFACTORY">1</MDI>
      <MDI key="STATISTICS_STDDEV">0.0018163009211139</MDI>
    </Metadata>
  </PAMRasterBand>
</PAMDataset>
