<PAMDataset>
  <Metadata>
    <MDI key="DataType">Generic</MDI>
  </Metadata>
  <PAMRasterBand band="1">
    <Histograms>
      <HistItem>
        <HistMin>0.8443086743354797</HistMin>
        <HistMax>0.8545751571655273</HistMax>
        <BucketCount>256</BucketCount>
        <IncludeOutOfRange>1</IncludeOutOfRange>
        <Approximate>0</Approximate>
        <HistCounts>1|0|0|0|0|0|0|0|0|0|1|0|0|0|0|0|0|1|0|1|0|0|0|0|0|1|0|0|0|1|0|0|1|2|1|1|0|1|1|0|1|1|1|1|0|6|2|2|1|4|2|1|3|2|2|2|4|1|4|3|6|5|2|3|3|3|4|7|4|1|7|1|4|6|7|6|5|5|3|2|6|16|14|5|7|6|7|14|4|15|8|6|11|9|18|18|6|11|9|6|17|3|20|11|9|20|13|18|16|16|16|11|15|14|12|18|14|12|17|11|17|14|13|20|12|14|20|10|17|25|18|26|10|20|18|15|22|23|18|11|11|19|17|14|19|19|20|11|2|15|13|16|16|10|11|11|7|9|20|6|21|4|17|14|10|16|11|11|14|6|15|9|18|13|7|9|8|4|8|4|3|12|9|7|2|7|7|1|8|6|5|2|4|4|2|0|4|5|4|2|1|2|3|2|4|1|2|5|1|4|5|0|2|0|2|2|0|1|0|4|1|0|3|2|5|1|0|0|1|1|0|0|1|0|0|0|0|0|0|0|0|0|0|0|1|0|0|0|1|0|0|0|0|0|0|1</HistCounts>
      </HistItem>
    </Histograms>
    <Metadata>
      <MDI key="RepresentationType">ATHEMATIC</MDI>
      <MDI key="STATISTICS_COVARIANCES">2.389761057160995e-06</MDI>
      <MDI key="STATISTICS_EXCLUDEDVALUES"></MDI>
      <MDI key="STATISTICS_MAXIMUM">0.85457515716553</MDI>
      <MDI key="STATISTICS_MEAN">0.84956758476794</MDI>
      <MDI key="STATISTICS_MINIMUM">0.84430867433548</MDI>
      <MDI key="STATISTICS_SKIPFACTORX">1</MDI>
      <MDI key="STATISTICS_SKIPFACTORY">1</MDI>
      <MDI key="STATISTICS_STDDEV">0.0015458852018054</MDI>
    </Metadata>
  </PAMRasterBand>
</PAMDataset>
