<PAMDataset>
  <PAMRasterBand band="1">
    <Histograms>
      <HistItem>
        <HistMin>0.7936999617663109</HistMin>
        <HistMax>0.8149663198414334</HistMax>
        <BucketCount>256</BucketCount>
        <IncludeOutOfRange>1</IncludeOutOfRange>
        <Approximate>0</Approximate>
        <HistCounts>2|0|0|0|0|0|0|0|0|0|0|0|1|0|0|0|0|0|0|0|0|0|0|0|0|0|0|0|0|0|0|0|0|0|0|0|1|0|0|1|0|0|2|0|1|0|0|0|0|1|0|1|0|1|0|0|1|1|2|2|3|2|1|2|4|2|5|2|1|1|4|3|5|4|5|9|5|4|7|7|8|5|8|12|7|14|13|12|7|9|10|10|14|6|9|13|10|15|19|8|14|14|12|21|23|14|10|19|18|20|14|22|15|14|19|21|20|21|13|9|18|28|13|11|13|20|28|33|22|22|19|17|17|33|28|13|24|16|20|28|14|19|21|20|15|22|21|20|8|21|21|16|16|12|13|8|15|19|11|15|12|6|17|6|10|6|10|6|10|7|6|7|8|4|12|5|5|3|2|4|9|6|0|2|5|4|2|3|1|1|1|2|1|5|1|1|2|7|0|0|1|1|0|0|4|0|1|1|1|2|0|1|0|0|0|1|0|0|0|1|1|0|0|0|0|0|0|0|0|0|0|0|0|0|0|0|0|0|0|0|0|0|0|0|0|0|0|0|0|0|0|0|0|0|0|1</HistCounts>
      </HistItem>
    </Histograms>
    <Metadata>
      <MDI key="RepresentationType">ATHEMATIC</MDI>
      <MDI key="STATISTICS_COVARIANCES">6.545567002995836e-06</MDI>
      <MDI key="STATISTICS_EXCLUDEDVALUES"></MDI>
      <MDI key="STATISTICS_MAXIMUM">0.81496631984143</MDI>
      <MDI key="STATISTICS_MEAN">0.80431777160721</MDI>
      <MDI key="STATISTICS_MINIMUM">0.79369996176631</MDI>
      <MDI key="STATISTICS_SKIPFACTORX">1</MDI>
      <MDI key="STATISTICS_SKIPFACTORY">1</MDI>
      <MDI key="STATISTICS_STDDEV">0.0025584305741989</MDI>
    </Metadata>
  </PAMRasterBand>
</PAMDataset>
