<PAMDataset>
  <PAMRasterBand band="1">
    <Histograms>
      <HistItem>
        <HistMin>0.8387446006059618</HistMin>
        <HistMax>0.8509274066344314</HistMax>
        <BucketCount>256</BucketCount>
        <IncludeOutOfRange>1</IncludeOutOfRange>
        <Approximate>0</Approximate>
        <HistCounts>1|0|0|0|0|0|0|0|1|0|0|0|0|0|0|0|2|1|1|0|1|1|1|1|2|2|2|0|2|1|1|3|0|2|1|2|3|2|2|1|1|3|2|3|1|8|1|3|5|1|4|1|2|8|6|3|5|5|3|10|8|9|3|4|7|10|10|6|4|8|3|8|6|5|7|9|9|5|9|9|15|8|16|16|11|3|14|7|9|14|12|8|7|15|8|7|11|8|11|10|19|20|12|14|12|13|14|12|14|22|22|16|14|8|13|13|12|15|19|21|12|16|11|20|18|15|14|7|11|20|2|19|14|12|15|16|20|13|13|16|9|22|13|24|19|12|13|11|7|13|16|13|11|12|8|8|8|10|9|16|9|8|5|9|10|6|2|18|11|12|10|6|4|5|7|5|10|5|3|6|5|4|6|7|7|4|4|3|4|6|3|3|5|8|7|3|6|0|4|2|2|4|0|2|3|0|1|1|3|1|5|0|1|0|3|0|0|1|3|1|2|0|2|1|2|2|2|2|0|0|0|2|0|1|1|0|0|0|0|1|1|1|0|2|0|0|0|0|0|1|0|0|0|0|0|1</HistCounts>
      </HistItem>
    </Histograms>
    <Metadata>
      <MDI key="RepresentationType">ATHEMATIC</MDI>
      <MDI key="STATISTICS_COVARIANCES">4.077080701167475e-06</MDI>
      <MDI key="STATISTICS_EXCLUDEDVALUES"></MDI>
      <MDI key="STATISTICS_MAXIMUM">0.85092740663443</MDI>
      <MDI key="STATISTICS_MEAN">0.84461547826732</MDI>
      <MDI key="STATISTICS_MINIMUM">0.83874460060596</MDI>
      <MDI key="STATISTICS_SKIPFACTORX">1</MDI>
      <MDI key="STATISTICS_SKIPFACTORY">1</MDI>
      <MDI key="STATISTICS_STDDEV">0.0020191782242208</MDI>
    </Metadata>
  </PAMRasterBand>
</PAMDataset>
