<PAMDataset>
  <Metadata>
    <MDI key="DataType">Generic</MDI>
  </Metadata>
  <PAMRasterBand band="1">
    <Histograms>
      <HistItem>
        <HistMin>0.8668614625930786</HistMin>
        <HistMax>0.8772128820419312</HistMax>
        <BucketCount>256</BucketCount>
        <IncludeOutOfRange>1</IncludeOutOfRange>
        <Approximate>0</Approximate>
        <HistCounts>1|0|0|0|0|0|0|0|0|0|0|3|2|0|1|0|1|0|0|1|0|1|4|0|1|3|1|1|2|0|1|2|1|1|1|1|1|1|1|1|0|2|2|6|5|7|2|1|2|1|3|5|3|7|3|6|9|9|7|7|3|8|3|2|5|0|8|9|4|13|6|9|6|9|9|11|8|8|8|16|8|10|10|7|6|7|11|20|10|12|9|12|15|13|21|13|11|4|12|13|17|18|12|10|12|22|13|21|10|21|18|15|23|13|22|15|8|11|18|23|13|5|11|11|21|18|14|12|9|12|11|25|11|23|14|11|14|20|14|19|15|8|17|17|23|16|12|11|16|15|13|9|13|7|6|7|10|10|6|11|10|15|5|11|7|3|8|10|7|8|7|6|6|5|12|11|5|5|3|2|6|5|3|2|7|3|5|2|1|1|1|0|7|3|1|2|1|3|2|8|4|2|3|2|3|3|0|1|0|2|0|2|0|0|1|3|0|1|2|0|0|1|1|1|3|2|1|0|0|1|0|3|1|0|0|0|0|0|0|0|0|1|0|0|0|2|0|0|0|1|2|0|0|0|0|1</HistCounts>
      </HistItem>
    </Histograms>
    <Metadata>
      <MDI key="RepresentationType">ATHEMATIC</MDI>
      <MDI key="STATISTICS_COVARIANCES">2.771510807180106e-06</MDI>
      <MDI key="STATISTICS_EXCLUDEDVALUES"></MDI>
      <MDI key="STATISTICS_MAXIMUM">0.87721288204193</MDI>
      <MDI key="STATISTICS_MEAN">0.87175031520426</MDI>
      <MDI key="STATISTICS_MINIMUM">0.86686146259308</MDI>
      <MDI key="STATISTICS_SKIPFACTORX">1</MDI>
      <MDI key="STATISTICS_SKIPFACTORY">1</MDI>
      <MDI key="STATISTICS_STDDEV">0.0016647855138666</MDI>
    </Metadata>
  </PAMRasterBand>
</PAMDataset>
