<PAMDataset>
  <Metadata>
    <MDI key="DataType">Generic</MDI>
  </Metadata>
  <PAMRasterBand band="1">
    <Histograms>
      <HistItem>
        <HistMin>0.8183836340904236</HistMin>
        <HistMax>0.8306933045387268</HistMax>
        <BucketCount>256</BucketCount>
        <IncludeOutOfRange>1</IncludeOutOfRange>
        <Approximate>0</Approximate>
        <HistCounts>1|0|0|0|1|0|0|1|1|0|1|1|2|0|1|1|0|2|0|1|1|2|1|1|4|2|3|0|2|4|1|2|2|4|3|0|6|3|7|6|5|4|5|5|2|6|6|2|4|7|7|11|10|10|13|8|6|11|5|9|8|10|14|7|16|11|16|12|15|17|9|19|5|11|20|12|15|13|21|15|21|16|18|14|13|17|15|37|16|20|15|19|12|16|23|19|12|13|11|17|11|16|17|13|16|14|8|21|18|17|13|10|18|17|14|12|15|15|15|18|11|17|16|11|9|10|5|12|13|14|4|9|5|9|13|8|20|15|5|8|8|4|8|11|3|12|8|10|10|11|14|6|10|5|7|4|6|8|4|7|3|0|3|4|7|4|2|3|7|5|1|4|2|0|2|2|4|3|5|3|3|2|3|2|2|5|1|1|3|1|0|1|2|0|3|4|2|1|0|4|0|0|0|0|1|0|1|0|0|1|0|0|0|4|1|0|1|0|0|0|0|1|0|0|0|2|0|0|0|1|0|0|0|0|1|0|0|0|0|0|0|0|0|0|0|0|0|0|0|0|0|0|0|0|0|1</HistCounts>
      </HistItem>
    </Histograms>
    <Metadata>
      <MDI key="RepresentationType">ATHEMATIC</MDI>
      <MDI key="STATISTICS_COVARIANCES">3.533326417360998e-06</MDI>
      <MDI key="STATISTICS_EXCLUDEDVALUES"></MDI>
      <MDI key="STATISTICS_MAXIMUM">0.83069330453873</MDI>
      <MDI key="STATISTICS_MEAN">0.82333702929318</MDI>
      <MDI key="STATISTICS_MINIMUM">0.81838363409042</MDI>
      <MDI key="STATISTICS_SKIPFACTORX">1</MDI>
      <MDI key="STATISTICS_SKIPFACTORY">1</MDI>
      <MDI key="STATISTICS_STDDEV">0.0018797144510167</MDI>
    </Metadata>
  </PAMRasterBand>
</PAMDataset>
