<PAMDataset>
  <Metadata>
    <MDI key="DataType">Generic</MDI>
  </Metadata>
  <PAMRasterBand band="1">
    <Histograms>
      <HistItem>
        <HistMin>0.7732734680175781</HistMin>
        <HistMax>0.7948316335678101</HistMax>
        <BucketCount>256</BucketCount>
        <IncludeOutOfRange>1</IncludeOutOfRange>
        <Approximate>0</Approximate>
        <HistCounts>1|1|0|2|0|0|0|0|0|0|0|1|0|0|1|1|2|0|3|1|1|2|0|0|1|3|6|3|1|2|0|2|5|4|3|9|5|1|7|11|4|9|2|2|4|7|5|1|9|13|3|9|6|10|2|4|2|2|6|7|4|6|5|5|3|8|11|2|12|9|7|5|11|15|1|11|13|8|6|12|7|3|19|12|4|19|12|10|9|11|3|11|11|7|6|10|10|7|7|13|19|15|10|6|9|8|17|10|5|11|18|9|20|14|9|9|12|11|11|10|10|13|13|18|12|7|12|14|8|13|9|11|8|7|14|16|10|11|12|9|12|15|12|7|8|13|16|16|12|13|7|12|15|8|8|11|9|13|8|8|5|3|6|3|10|3|17|7|13|17|6|9|4|3|6|14|9|7|7|6|4|8|5|5|5|9|11|1|8|5|3|2|10|5|4|7|4|10|6|8|6|3|3|9|3|7|7|2|1|6|3|1|2|4|3|6|5|4|1|4|2|1|1|3|1|2|4|2|1|0|3|2|4|1|0|0|2|0|0|0|0|0|0|1|0|0|0|0|0|0|0|0|0|0|0|1</HistCounts>
      </HistItem>
    </Histograms>
    <Metadata>
      <MDI key="RepresentationType">ATHEMATIC</MDI>
      <MDI key="STATISTICS_COVARIANCES">1.778148165327003e-05</MDI>
      <MDI key="STATISTICS_EXCLUDEDVALUES"></MDI>
      <MDI key="STATISTICS_MAXIMUM">0.79483163356781</MDI>
      <MDI key="STATISTICS_MEAN">0.78369723595679</MDI>
      <MDI key="STATISTICS_MINIMUM">0.77327346801758</MDI>
      <MDI key="STATISTICS_SKIPFACTORX">1</MDI>
      <MDI key="STATISTICS_SKIPFACTORY">1</MDI>
      <MDI key="STATISTICS_STDDEV">0.004216809416285</MDI>
    </Metadata>
  </PAMRasterBand>
</PAMDataset>
