<PAMDataset>
  <Metadata>
    <MDI key="DataType">Generic</MDI>
  </Metadata>
  <PAMRasterBand band="1">
    <Histograms>
      <HistItem>
        <HistMin>0.8368015885353088</HistMin>
        <HistMax>0.8632035255432129</HistMax>
        <BucketCount>256</BucketCount>
        <IncludeOutOfRange>1</IncludeOutOfRange>
        <Approximate>0</Approximate>
        <HistCounts>1|1|0|0|0|0|0|0|0|0|0|0|0|0|0|0|0|0|0|0|0|1|0|0|0|0|0|0|1|2|1|0|0|0|1|1|1|0|0|2|1|0|0|0|0|0|0|0|2|0|0|3|4|2|0|1|2|2|2|2|2|1|1|3|2|0|1|1|1|2|1|0|1|1|3|0|5|1|2|1|5|4|2|8|3|4|10|6|5|4|7|7|7|4|7|7|2|11|5|8|3|11|11|6|7|11|7|9|17|9|13|12|9|10|11|25|9|14|15|24|15|6|20|15|20|21|12|11|18|12|13|17|21|21|15|19|16|24|10|14|21|3|21|21|11|15|10|15|27|17|18|18|10|13|24|15|16|13|14|23|14|12|19|18|19|26|14|10|10|11|12|18|12|10|10|11|9|11|9|4|15|10|11|19|7|7|5|4|8|10|10|7|8|8|16|4|9|2|4|9|8|4|4|4|4|6|1|4|1|1|5|3|1|0|3|6|3|2|6|2|1|3|1|4|0|0|3|3|2|2|1|1|4|2|0|0|0|2|0|2|1|2|2|0|0|0|2|1|1|3|0|0|0|0|0|1</HistCounts>
      </HistItem>
    </Histograms>
    <Metadata>
      <MDI key="RepresentationType">ATHEMATIC</MDI>
      <MDI key="STATISTICS_COVARIANCES">1.569806705239931e-05</MDI>
      <MDI key="STATISTICS_EXCLUDEDVALUES"></MDI>
      <MDI key="STATISTICS_MAXIMUM">0.86320352554321</MDI>
      <MDI key="STATISTICS_MEAN">0.85177379976958</MDI>
      <MDI key="STATISTICS_MINIMUM">0.83680158853531</MDI>
      <MDI key="STATISTICS_SKIPFACTORX">1</MDI>
      <MDI key="STATISTICS_SKIPFACTORY">1</MDI>
      <MDI key="STATISTICS_STDDEV">0.0039620786277407</MDI>
    </Metadata>
  </PAMRasterBand>
</PAMDataset>
