<PAMDataset>
  <Metadata>
    <MDI key="DataType">Generic</MDI>
  </Metadata>
  <PAMRasterBand band="1">
    <Histograms>
      <HistItem>
        <HistMin>0.8569142818450928</HistMin>
        <HistMax>0.8679941892623901</HistMax>
        <BucketCount>256</BucketCount>
        <IncludeOutOfRange>1</IncludeOutOfRange>
        <Approximate>0</Approximate>
        <HistCounts>1|0|0|0|0|0|0|0|0|0|0|0|0|0|1|0|0|3|1|1|0|0|0|1|2|0|2|1|1|1|2|2|1|4|0|2|1|3|1|6|4|5|8|8|5|1|5|7|4|5|7|5|10|11|13|4|13|17|7|11|10|10|12|16|12|24|10|15|11|12|13|10|13|14|15|12|11|18|11|14|15|20|22|34|11|18|17|11|24|24|18|18|5|13|27|28|19|12|11|13|11|19|27|7|15|14|10|21|16|16|19|13|19|15|14|16|13|15|20|12|10|11|16|9|13|11|12|19|4|14|9|7|7|10|7|5|9|7|15|7|7|9|4|4|7|4|2|7|8|9|11|9|3|6|0|4|10|9|5|2|6|4|6|7|2|6|2|4|3|2|6|3|4|2|6|3|5|4|2|4|0|8|2|2|3|1|3|3|2|1|1|1|1|2|5|0|1|1|1|4|3|1|0|1|2|1|3|1|0|0|1|1|1|0|1|1|1|2|1|2|0|0|0|0|1|0|2|0|1|2|1|0|0|0|0|0|0|0|0|0|0|0|0|0|0|0|0|0|0|0|0|0|1|0|1|1</HistCounts>
      </HistItem>
    </Histograms>
    <Metadata>
      <MDI key="RepresentationType">ATHEMATIC</MDI>
      <MDI key="STATISTICS_COVARIANCES">2.969488583728239e-06</MDI>
      <MDI key="STATISTICS_EXCLUDEDVALUES"></MDI>
      <MDI key="STATISTICS_MAXIMUM">0.86799418926239</MDI>
      <MDI key="STATISTICS_MEAN">0.86144146114588</MDI>
      <MDI key="STATISTICS_MINIMUM">0.85691428184509</MDI>
      <MDI key="STATISTICS_SKIPFACTORX">1</MDI>
      <MDI key="STATISTICS_SKIPFACTORY">1</MDI>
      <MDI key="STATISTICS_STDDEV">0.0017232204106638</MDI>
    </Metadata>
  </PAMRasterBand>
</PAMDataset>
