<PAMDataset>
  <Metadata>
    <MDI key="DataType">Generic</MDI>
  </Metadata>
  <PAMRasterBand band="1">
    <Histograms>
      <HistItem>
        <HistMin>0.8348091840744019</HistMin>
        <HistMax>0.8480401635169983</HistMax>
        <BucketCount>256</BucketCount>
        <IncludeOutOfRange>1</IncludeOutOfRange>
        <Approximate>0</Approximate>
        <HistCounts>1|0|0|0|0|0|1|0|0|0|0|0|0|0|0|0|0|0|0|0|0|0|0|0|0|0|0|1|0|1|2|0|0|0|0|0|1|0|0|1|0|2|2|1|0|3|5|3|8|2|5|5|1|2|4|6|3|7|7|8|8|7|6|9|10|10|12|5|4|14|6|17|13|10|13|10|9|19|18|12|14|13|18|25|19|20|23|21|6|18|11|13|18|20|16|30|28|18|18|16|23|17|12|13|20|10|28|28|28|24|13|17|20|17|13|17|15|13|25|18|24|31|11|18|13|12|19|14|14|13|11|25|24|13|8|9|12|10|7|9|9|9|9|8|9|9|2|7|8|12|2|10|22|3|4|6|5|10|4|3|1|2|5|7|10|10|2|3|5|6|4|1|4|4|3|2|3|8|1|0|0|2|6|2|3|1|0|1|1|0|1|0|0|1|0|5|1|1|1|2|1|1|0|0|0|0|1|4|0|1|1|0|0|0|0|0|0|0|1|1|0|1|0|0|0|0|0|0|0|0|0|0|0|0|0|0|0|0|0|0|0|0|0|0|0|0|0|0|0|0|0|0|0|0|0|1</HistCounts>
      </HistItem>
    </Histograms>
    <Metadata>
      <MDI key="RepresentationType">ATHEMATIC</MDI>
      <MDI key="STATISTICS_COVARIANCES">2.938971288575073e-06</MDI>
      <MDI key="STATISTICS_EXCLUDEDVALUES"></MDI>
      <MDI key="STATISTICS_MAXIMUM">0.848040163517</MDI>
      <MDI key="STATISTICS_MEAN">0.84049778111279</MDI>
      <MDI key="STATISTICS_MINIMUM">0.8348091840744</MDI>
      <MDI key="STATISTICS_SKIPFACTORX">1</MDI>
      <MDI key="STATISTICS_SKIPFACTORY">1</MDI>
      <MDI key="STATISTICS_STDDEV">0.0017143428153596</MDI>
    </Metadata>
  </PAMRasterBand>
</PAMDataset>
