<PAMDataset>
  <Metadata>
    <MDI key="DataType">Generic</MDI>
  </Metadata>
  <PAMRasterBand band="1">
    <Histograms>
      <HistItem>
        <HistMin>0.8512569069862366</HistMin>
        <HistMax>0.8611001968383789</HistMax>
        <BucketCount>256</BucketCount>
        <IncludeOutOfRange>1</IncludeOutOfRange>
        <Approximate>0</Approximate>
        <HistCounts>2|1|1|1|0|0|0|1|0|1|0|0|2|1|0|1|0|2|0|1|4|1|0|0|0|1|0|2|1|2|1|0|1|1|4|2|4|0|0|1|4|4|3|3|1|1|1|1|2|1|1|3|2|1|4|6|2|5|3|2|4|6|7|3|5|6|5|11|1|7|9|11|13|4|7|2|10|5|9|5|2|7|8|9|19|17|12|9|13|6|8|11|10|10|11|11|11|15|25|19|10|5|13|7|13|9|11|15|12|12|9|18|23|18|22|23|16|14|10|14|14|13|13|13|28|18|30|17|10|14|7|9|21|16|11|13|11|9|11|30|17|23|14|14|14|11|12|11|9|12|9|11|2|19|25|14|14|8|9|6|13|8|9|8|7|7|4|7|13|9|6|12|3|6|9|5|2|9|6|8|5|9|7|8|4|3|5|5|6|2|3|2|3|1|5|2|10|6|3|1|2|3|8|4|1|2|3|3|2|2|3|1|1|0|0|0|6|2|3|0|0|0|1|1|6|1|0|0|1|0|0|3|0|0|0|2|1|1|1|0|0|0|1|0|0|1|0|0|0|0|2|1|1|0|0|1</HistCounts>
      </HistItem>
    </Histograms>
    <Metadata>
      <MDI key="RepresentationType">ATHEMATIC</MDI>
      <MDI key="STATISTICS_COVARIANCES">2.686779522777675e-06</MDI>
      <MDI key="STATISTICS_EXCLUDEDVALUES"></MDI>
      <MDI key="STATISTICS_MAXIMUM">0.86110019683838</MDI>
      <MDI key="STATISTICS_MEAN">0.85608685802668</MDI>
      <MDI key="STATISTICS_MINIMUM">0.85125690698624</MDI>
      <MDI key="STATISTICS_SKIPFACTORX">1</MDI>
      <MDI key="STATISTICS_SKIPFACTORY">1</MDI>
      <MDI key="STATISTICS_STDDEV">0.0016391398728533</MDI>
    </Metadata>
  </PAMRasterBand>
</PAMDataset>
