<PAMDataset>
  <PAMRasterBand band="1">
    <Histograms>
      <HistItem>
        <HistMin>0.8609861698141218</HistMin>
        <HistMax>0.8731444363299764</HistMax>
        <BucketCount>256</BucketCount>
        <IncludeOutOfRange>1</IncludeOutOfRange>
        <Approximate>0</Approximate>
        <HistCounts>1|0|0|0|1|0|0|0|0|0|1|0|1|1|1|0|0|1|1|1|0|3|0|1|3|0|0|1|1|5|3|2|0|0|2|2|3|6|4|3|2|5|5|6|3|9|1|10|2|6|7|5|8|9|7|11|9|4|5|10|12|7|15|6|9|8|12|9|17|15|10|12|9|12|8|19|10|12|9|15|13|17|16|14|17|11|12|23|10|21|18|18|15|18|14|18|22|15|19|12|20|17|20|21|17|17|11|16|18|15|14|17|19|10|15|14|9|11|13|26|16|19|11|20|10|14|7|12|10|10|18|8|9|13|13|12|13|11|10|6|8|7|15|12|6|7|8|6|8|13|15|10|7|11|10|3|7|9|7|2|7|6|10|10|3|5|7|4|4|2|5|5|5|6|2|2|1|1|2|4|2|3|1|2|4|1|2|6|1|1|3|1|3|0|0|1|2|0|4|0|1|2|3|1|1|0|1|0|0|1|1|1|0|0|0|0|0|0|0|0|0|0|0|0|0|1|1|0|0|0|0|1|0|1|0|0|0|0|0|0|0|0|1|0|0|0|0|0|0|0|0|0|0|0|0|1</HistCounts>
      </HistItem>
    </Histograms>
    <Metadata>
      <MDI key="RepresentationType">ATHEMATIC</MDI>
      <MDI key="STATISTICS_COVARIANCES">3.345057160893179e-06</MDI>
      <MDI key="STATISTICS_EXCLUDEDVALUES"></MDI>
      <MDI key="STATISTICS_MAXIMUM">0.87314443632998</MDI>
      <MDI key="STATISTICS_MEAN">0.86607435996976</MDI>
      <MDI key="STATISTICS_MINIMUM">0.86098616981412</MDI>
      <MDI key="STATISTICS_SKIPFACTORX">1</MDI>
      <MDI key="STATISTICS_SKIPFACTORY">1</MDI>
      <MDI key="STATISTICS_STDDEV">0.0018289497425827</MDI>
    </Metadata>
  </PAMRasterBand>
</PAMDataset>
