<PAMDataset>
  <Metadata>
    <MDI key="DataType">Generic</MDI>
  </Metadata>
  <PAMRasterBand band="1">
    <Histograms>
      <HistItem>
        <HistMin>0.8372535109519958</HistMin>
        <HistMax>0.8659743666648865</HistMax>
        <BucketCount>256</BucketCount>
        <IncludeOutOfRange>1</IncludeOutOfRange>
        <Approximate>0</Approximate>
        <HistCounts>1|0|0|0|0|0|0|0|0|1|0|0|0|0|0|0|0|0|0|0|0|0|0|0|0|0|0|1|0|0|0|0|0|0|0|0|0|0|0|0|0|0|1|0|0|0|0|0|0|0|0|0|0|0|0|0|0|0|0|0|0|0|0|0|0|0|0|0|0|0|0|0|0|0|0|0|0|0|0|0|0|0|0|1|0|0|0|0|0|0|0|1|0|0|0|2|0|1|0|0|1|1|1|0|0|0|0|0|0|0|1|2|0|4|2|2|1|3|0|2|2|2|3|4|5|3|2|3|2|4|6|6|4|6|6|6|8|11|8|8|13|5|6|7|9|8|12|11|6|5|13|15|9|13|15|27|11|15|14|8|18|24|10|15|20|30|18|22|18|34|19|23|19|24|26|22|31|21|31|34|28|27|41|33|18|35|30|28|34|23|29|29|29|29|23|22|19|21|13|21|21|13|16|16|22|11|9|11|4|17|5|4|7|13|12|4|14|11|2|1|6|4|2|2|4|1|2|2|2|1|2|2|1|0|2|2|0|2|1|2|2|0|0|0|1|0|0|0|0|0|2|0|0|0|0|1</HistCounts>
      </HistItem>
    </Histograms>
    <Metadata>
      <MDI key="RepresentationType">ATHEMATIC</MDI>
      <MDI key="STATISTICS_COVARIANCES">8.280532943343321e-06</MDI>
      <MDI key="STATISTICS_EXCLUDEDVALUES"></MDI>
      <MDI key="STATISTICS_MAXIMUM">0.86597436666489</MDI>
      <MDI key="STATISTICS_MEAN">0.85720364358276</MDI>
      <MDI key="STATISTICS_MINIMUM">0.837253510952</MDI>
      <MDI key="STATISTICS_SKIPFACTORX">1</MDI>
      <MDI key="STATISTICS_SKIPFACTORY">1</MDI>
      <MDI key="STATISTICS_STDDEV">0.002877591517805</MDI>
    </Metadata>
  </PAMRasterBand>
</PAMDataset>
