<PAMDataset>
  <PAMRasterBand band="1">
    <Histograms>
      <HistItem>
        <HistMin>0.8465736456030878</HistMin>
        <HistMax>0.8604612481045812</HistMax>
        <BucketCount>256</BucketCount>
        <IncludeOutOfRange>1</IncludeOutOfRange>
        <Approximate>0</Approximate>
        <HistCounts>1|0|0|0|0|0|0|0|0|0|0|0|0|0|1|0|0|0|0|0|0|0|0|0|0|0|0|0|0|0|0|0|0|0|1|0|0|0|0|0|0|1|0|0|0|0|1|2|3|0|0|1|2|0|2|3|0|1|4|4|1|2|0|0|0|3|2|4|3|3|3|7|1|7|4|2|6|3|11|10|2|5|6|3|11|4|2|3|12|5|7|16|12|15|8|6|4|7|14|13|10|9|13|13|13|15|11|18|11|8|12|11|13|6|11|7|14|7|12|7|17|16|15|13|12|12|9|16|10|21|11|11|7|10|13|14|25|12|14|18|15|20|13|14|16|17|25|17|9|18|13|15|11|12|15|21|19|7|20|13|25|15|7|12|12|13|10|18|15|14|17|10|11|10|12|11|9|13|7|13|9|7|10|14|11|13|6|10|5|5|8|4|11|6|13|4|5|8|10|6|4|3|4|3|10|7|4|1|3|7|4|3|5|3|2|3|4|5|1|0|0|0|4|2|1|1|1|0|2|4|0|2|0|2|2|3|2|1|1|1|5|1|1|2|1|2|0|0|0|0|0|0|0|1|1|1</HistCounts>
      </HistItem>
    </Histograms>
    <Metadata>
      <MDI key="RepresentationType">ATHEMATIC</MDI>
      <MDI key="STATISTICS_COVARIANCES">4.803043242465746e-06</MDI>
      <MDI key="STATISTICS_EXCLUDEDVALUES"></MDI>
      <MDI key="STATISTICS_MAXIMUM">0.86046124810458</MDI>
      <MDI key="STATISTICS_MEAN">0.85432897448118</MDI>
      <MDI key="STATISTICS_MINIMUM">0.84657364560309</MDI>
      <MDI key="STATISTICS_SKIPFACTORX">1</MDI>
      <MDI key="STATISTICS_SKIPFACTORY">1</MDI>
      <MDI key="STATISTICS_STDDEV">0.0021915846418666</MDI>
    </Metadata>
  </PAMRasterBand>
</PAMDataset>
