<PAMDataset>
  <Metadata>
    <MDI key="DataType">Generic</MDI>
  </Metadata>
  <PAMRasterBand band="1">
    <Histograms>
      <HistItem>
        <HistMin>0.8735566735267639</HistMin>
        <HistMax>0.8837890028953552</HistMax>
        <BucketCount>256</BucketCount>
        <IncludeOutOfRange>1</IncludeOutOfRange>
        <Approximate>0</Approximate>
        <HistCounts>1|0|1|1|0|1|1|0|0|0|0|0|2|2|1|0|0|1|0|0|0|2|1|3|2|4|3|0|0|3|0|1|6|4|3|2|3|0|2|1|3|3|4|3|5|3|4|7|3|2|7|4|6|9|5|4|4|4|4|12|9|9|13|4|10|10|8|11|9|9|16|11|11|15|11|14|13|12|13|15|16|17|18|7|8|12|12|11|18|13|13|10|10|12|11|22|15|16|12|12|16|20|15|15|11|8|14|15|16|11|18|18|12|14|14|18|12|15|20|11|9|17|19|9|13|15|12|12|8|17|9|13|12|11|15|20|12|15|12|5|9|11|12|15|12|11|8|14|12|5|7|6|14|7|7|7|14|7|9|11|6|8|5|14|6|11|8|2|8|7|4|7|7|9|5|2|11|6|3|3|2|2|1|2|5|5|2|3|3|6|3|2|0|0|1|0|1|3|4|5|1|1|4|1|3|3|1|2|1|2|0|2|0|1|0|0|0|1|3|0|0|1|0|1|0|1|0|0|0|0|0|1|1|2|0|1|0|0|0|0|0|0|0|0|0|0|0|1|0|0|0|0|0|0|1|1</HistCounts>
      </HistItem>
    </Histograms>
    <Metadata>
      <MDI key="RepresentationType">ATHEMATIC</MDI>
      <MDI key="STATISTICS_COVARIANCES">2.813293020394385e-06</MDI>
      <MDI key="STATISTICS_EXCLUDEDVALUES"></MDI>
      <MDI key="STATISTICS_MAXIMUM">0.88378900289536</MDI>
      <MDI key="STATISTICS_MEAN">0.87808706656098</MDI>
      <MDI key="STATISTICS_MINIMUM">0.87355667352676</MDI>
      <MDI key="STATISTICS_SKIPFACTORX">1</MDI>
      <MDI key="STATISTICS_SKIPFACTORY">1</MDI>
      <MDI key="STATISTICS_STDDEV">0.0016772873994621</MDI>
    </Metadata>
  </PAMRasterBand>
</PAMDataset>
