<PAMDataset>
  <Metadata>
    <MDI key="DataType">Generic</MDI>
  </Metadata>
  <PAMRasterBand band="1">
    <Histograms>
      <HistItem>
        <HistMin>0.8402483463287354</HistMin>
        <HistMax>0.8568963408470154</HistMax>
        <BucketCount>256</BucketCount>
        <IncludeOutOfRange>1</IncludeOutOfRange>
        <Approximate>0</Approximate>
        <HistCounts>1|0|0|0|2|0|0|1|0|1|0|2|2|0|0|0|1|1|4|1|0|1|0|3|1|1|2|1|1|3|5|7|3|3|2|4|8|5|6|1|4|9|5|5|11|10|4|5|5|12|12|8|5|8|9|11|7|7|7|8|7|9|9|8|10|12|8|17|4|6|9|19|15|15|7|8|10|10|5|13|6|13|6|11|9|8|10|8|18|9|9|10|10|10|8|7|9|20|8|7|11|9|6|6|17|10|13|9|8|11|10|16|14|16|10|16|9|7|7|12|15|21|13|5|10|12|12|9|14|13|24|18|10|9|10|9|6|12|20|17|11|10|11|7|7|11|13|10|16|13|9|10|8|9|16|17|11|5|8|5|9|12|11|14|5|8|3|8|7|9|7|6|11|3|5|6|13|5|4|2|5|4|3|3|3|6|6|3|7|3|0|4|6|4|3|6|4|1|4|4|3|4|5|1|0|4|2|2|2|5|2|0|3|5|3|1|1|0|1|2|2|3|3|1|0|0|1|0|1|3|1|0|3|0|0|1|0|0|2|0|0|0|0|0|0|0|0|0|0|0|0|0|0|0|0|1</HistCounts>
      </HistItem>
    </Histograms>
    <Metadata>
      <MDI key="RepresentationType">ATHEMATIC</MDI>
      <MDI key="STATISTICS_COVARIANCES">9.679253976810284e-06</MDI>
      <MDI key="STATISTICS_EXCLUDEDVALUES"></MDI>
      <MDI key="STATISTICS_MAXIMUM">0.85689634084702</MDI>
      <MDI key="STATISTICS_MEAN">0.84778539687395</MDI>
      <MDI key="STATISTICS_MINIMUM">0.84024834632874</MDI>
      <MDI key="STATISTICS_SKIPFACTORX">1</MDI>
      <MDI key="STATISTICS_SKIPFACTORY">1</MDI>
      <MDI key="STATISTICS_STDDEV">0.0031111499444434</MDI>
    </Metadata>
  </PAMRasterBand>
</PAMDataset>
