<PAMDataset>
  <Metadata>
    <MDI key="DataType">Generic</MDI>
  </Metadata>
  <PAMRasterBand band="1">
    <Histograms>
      <HistItem>
        <HistMin>0.8449105024337769</HistMin>
        <HistMax>0.8595058917999268</HistMax>
        <BucketCount>256</BucketCount>
        <IncludeOutOfRange>1</IncludeOutOfRange>
        <Approximate>0</Approximate>
        <HistCounts>1|1|0|0|0|1|0|0|0|2|1|1|2|0|1|0|1|1|0|0|0|0|2|1|1|4|1|3|2|1|2|2|2|1|5|5|1|3|7|5|7|4|3|7|5|3|6|5|4|5|7|10|7|6|8|12|10|16|8|8|4|16|11|4|10|15|8|16|12|9|18|12|13|16|16|12|8|11|16|20|12|14|17|21|21|9|12|12|18|19|18|13|8|12|14|15|14|12|17|17|14|13|18|19|12|19|11|25|18|12|9|10|26|18|15|10|18|15|14|15|14|17|16|17|14|12|14|16|10|8|13|14|13|15|9|11|3|10|9|4|9|4|8|12|11|8|7|5|8|14|10|5|9|4|13|7|7|8|14|9|3|3|0|4|1|2|4|7|11|4|2|7|4|1|3|3|4|6|1|2|1|5|2|1|3|1|4|2|0|0|3|4|1|3|3|5|3|2|0|0|2|0|0|0|2|1|1|1|1|0|1|0|0|2|1|0|0|1|3|0|0|0|0|0|0|1|0|0|0|1|0|0|0|0|0|0|0|0|0|0|0|1|0|0|0|0|0|0|0|0|0|0|0|0|0|1</HistCounts>
      </HistItem>
    </Histograms>
    <Metadata>
      <MDI key="RepresentationType">ATHEMATIC</MDI>
      <MDI key="STATISTICS_COVARIANCES">5.159300421292761e-06</MDI>
      <MDI key="STATISTICS_EXCLUDEDVALUES"></MDI>
      <MDI key="STATISTICS_MAXIMUM">0.85950589179993</MDI>
      <MDI key="STATISTICS_MEAN">0.8509383937344</MDI>
      <MDI key="STATISTICS_MINIMUM">0.84491050243378</MDI>
      <MDI key="STATISTICS_SKIPFACTORX">1</MDI>
      <MDI key="STATISTICS_SKIPFACTORY">1</MDI>
      <MDI key="STATISTICS_STDDEV">0.0022714093469238</MDI>
    </Metadata>
  </PAMRasterBand>
</PAMDataset>
