<PAMDataset>
  <Metadata>
    <MDI key="DataType">Generic</MDI>
  </Metadata>
  <PAMRasterBand band="1">
    <Histograms>
      <HistItem>
        <HistMin>0.8514647483825684</HistMin>
        <HistMax>0.8688817024230957</HistMax>
        <BucketCount>256</BucketCount>
        <IncludeOutOfRange>1</IncludeOutOfRange>
        <Approximate>0</Approximate>
        <HistCounts>1|1|0|0|0|0|0|0|1|0|1|1|0|0|0|0|1|1|0|0|0|0|1|3|0|2|1|0|0|4|2|0|2|1|0|1|0|0|2|2|2|1|0|1|0|1|0|0|0|0|1|0|3|1|1|0|1|2|0|0|2|3|1|4|3|1|3|2|2|2|2|2|1|2|2|1|3|2|5|4|1|0|4|3|1|5|4|5|7|6|2|2|4|10|12|7|7|5|4|6|9|10|11|7|6|13|9|3|8|13|14|6|13|8|9|16|20|20|15|19|11|19|17|20|12|23|16|18|19|13|17|19|23|19|23|17|12|12|10|15|15|15|13|21|10|19|15|18|15|10|14|12|14|19|23|11|11|17|23|19|7|17|16|13|8|14|16|23|14|8|12|8|12|8|10|17|13|13|13|13|5|7|12|11|15|15|11|10|9|11|9|13|14|8|2|5|9|3|11|10|12|9|3|7|2|7|2|3|5|4|4|1|2|4|3|2|3|3|0|4|1|2|0|0|0|0|0|3|3|0|0|0|0|0|0|0|1|0|0|0|0|0|0|2|0|0|0|0|0|0|0|0|0|0|0|1</HistCounts>
      </HistItem>
    </Histograms>
    <Metadata>
      <MDI key="RepresentationType">ATHEMATIC</MDI>
      <MDI key="STATISTICS_COVARIANCES">6.974517358484689e-06</MDI>
      <MDI key="STATISTICS_EXCLUDEDVALUES"></MDI>
      <MDI key="STATISTICS_MAXIMUM">0.8688817024231</MDI>
      <MDI key="STATISTICS_MEAN">0.86122336920351</MDI>
      <MDI key="STATISTICS_MINIMUM">0.85146474838257</MDI>
      <MDI key="STATISTICS_SKIPFACTORX">1</MDI>
      <MDI key="STATISTICS_SKIPFACTORY">1</MDI>
      <MDI key="STATISTICS_STDDEV">0.0026409311536813</MDI>
    </Metadata>
  </PAMRasterBand>
</PAMDataset>
