<PAMDataset>
  <Metadata>
    <MDI key="DataType">Generic</MDI>
  </Metadata>
  <PAMRasterBand band="1">
    <Histograms>
      <HistItem>
        <HistMin>0.8629326224327087</HistMin>
        <HistMax>0.875643253326416</HistMax>
        <BucketCount>256</BucketCount>
        <IncludeOutOfRange>1</IncludeOutOfRange>
        <Approximate>0</Approximate>
        <HistCounts>1|0|0|0|0|0|0|0|0|0|0|0|0|0|0|1|1|0|0|0|0|0|0|0|0|3|0|2|2|0|0|0|1|0|1|0|1|2|3|2|1|1|2|2|1|1|5|2|5|6|2|3|6|3|1|4|0|2|6|4|3|5|3|6|5|3|4|3|5|13|13|5|5|12|10|7|4|8|10|15|8|6|12|9|14|10|14|6|13|11|8|15|11|18|21|18|15|9|14|11|20|12|13|13|17|17|13|11|8|8|22|12|11|17|18|20|11|15|15|15|19|23|9|11|15|19|20|19|19|13|16|22|20|16|9|14|7|14|14|10|21|27|13|14|14|10|14|9|8|14|12|15|23|10|10|3|14|9|9|11|7|14|16|14|6|8|4|9|4|8|9|10|10|9|9|8|2|4|3|3|2|3|6|9|3|1|3|3|9|5|3|2|4|11|2|4|3|2|3|0|2|3|5|3|0|0|0|7|2|2|1|1|2|1|2|1|0|0|0|0|2|0|0|1|2|0|1|0|0|0|1|0|1|2|0|0|0|2|1|0|0|0|2|0|1|0|0|0|0|0|0|0|0|0|0|1</HistCounts>
      </HistItem>
    </Histograms>
    <Metadata>
      <MDI key="RepresentationType">ATHEMATIC</MDI>
      <MDI key="STATISTICS_COVARIANCES">3.833659333344394e-06</MDI>
      <MDI key="STATISTICS_EXCLUDEDVALUES"></MDI>
      <MDI key="STATISTICS_MAXIMUM">0.87564325332642</MDI>
      <MDI key="STATISTICS_MEAN">0.86909217908979</MDI>
      <MDI key="STATISTICS_MINIMUM">0.86293262243271</MDI>
      <MDI key="STATISTICS_SKIPFACTORX">1</MDI>
      <MDI key="STATISTICS_SKIPFACTORY">1</MDI>
      <MDI key="STATISTICS_STDDEV">0.0019579732718667</MDI>
    </Metadata>
  </PAMRasterBand>
</PAMDataset>
