<PAMDataset>
  <PAMRasterBand band="1">
    <Histograms>
      <HistItem>
        <HistMin>0.8335170099437349</HistMin>
        <HistMax>0.8637234395232705</HistMax>
        <BucketCount>256</BucketCount>
        <IncludeOutOfRange>1</IncludeOutOfRange>
        <Approximate>0</Approximate>
        <HistCounts>1|0|0|0|0|0|0|0|0|0|0|1|0|0|0|0|0|0|0|0|0|0|0|0|0|0|0|1|0|0|0|0|0|0|0|0|0|0|0|0|0|0|0|1|0|0|1|0|0|0|0|0|0|1|1|1|0|0|1|0|2|0|1|0|1|1|0|0|0|0|0|0|1|0|1|0|2|2|1|0|2|2|0|4|0|4|6|4|2|3|3|3|2|7|0|9|4|5|6|3|4|4|5|8|4|8|14|5|6|7|11|8|11|4|4|9|11|13|12|8|10|11|13|19|15|16|17|19|14|20|13|13|21|12|13|16|17|21|14|18|20|14|13|22|18|16|19|21|32|20|23|19|20|26|13|16|18|25|39|19|18|26|23|23|21|19|24|21|24|22|10|14|17|17|22|19|8|9|12|16|11|14|9|12|19|10|14|15|9|4|13|6|6|9|7|8|7|6|6|2|4|4|10|4|4|5|3|4|4|2|3|1|3|2|1|3|0|3|2|0|1|2|0|0|1|0|1|2|1|0|0|0|0|0|1|1|0|0|0|0|0|2|1|0|1|0|0|0|0|0|0|0|0|0|0|1</HistCounts>
      </HistItem>
    </Histograms>
    <Metadata>
      <MDI key="RepresentationType">ATHEMATIC</MDI>
      <MDI key="STATISTICS_COVARIANCES">1.353174088602157e-05</MDI>
      <MDI key="STATISTICS_EXCLUDEDVALUES"></MDI>
      <MDI key="STATISTICS_MAXIMUM">0.86372343952327</MDI>
      <MDI key="STATISTICS_MEAN">0.85135573099474</MDI>
      <MDI key="STATISTICS_MINIMUM">0.83351700994373</MDI>
      <MDI key="STATISTICS_SKIPFACTORX">1</MDI>
      <MDI key="STATISTICS_SKIPFACTORY">1</MDI>
      <MDI key="STATISTICS_STDDEV">0.0036785514657296</MDI>
    </Metadata>
  </PAMRasterBand>
</PAMDataset>
