<PAMDataset>
  <PAMRasterBand band="1">
    <Histograms>
      <HistItem>
        <HistMin>0.8321621742102614</HistMin>
        <HistMax>0.8586807941014944</HistMax>
        <BucketCount>256</BucketCount>
        <IncludeOutOfRange>1</IncludeOutOfRange>
        <Approximate>0</Approximate>
        <HistCounts>1|0|0|0|0|0|0|0|0|0|0|0|0|0|0|0|0|0|0|2|0|0|0|0|0|0|0|0|0|0|1|1|0|0|0|0|0|0|0|0|0|0|0|1|0|0|0|0|0|1|1|0|0|0|0|1|1|0|0|0|0|1|1|1|0|0|1|0|3|1|1|0|1|1|1|1|2|1|0|1|6|1|1|1|0|1|0|8|2|1|1|1|2|2|5|4|3|1|2|8|7|1|1|6|4|5|9|2|5|6|5|5|6|5|7|5|6|6|15|9|9|8|5|14|10|15|5|11|13|11|16|12|17|14|16|10|15|18|18|18|12|14|17|24|11|20|19|23|22|29|10|18|18|24|13|22|17|25|24|18|20|29|17|21|19|25|18|21|14|18|17|15|21|8|22|25|18|23|8|13|21|10|15|15|14|13|16|8|11|18|15|9|6|14|9|16|10|11|4|9|11|7|13|6|3|3|7|3|7|7|5|4|4|2|6|9|2|5|8|1|2|4|4|1|3|2|0|5|1|1|4|0|1|3|0|0|3|2|0|2|0|0|0|1|0|0|0|2|2|0|0|0|0|0|0|1</HistCounts>
      </HistItem>
    </Histograms>
    <Metadata>
      <MDI key="RepresentationType">ATHEMATIC</MDI>
      <MDI key="STATISTICS_COVARIANCES">1.22873648207016e-05</MDI>
      <MDI key="STATISTICS_EXCLUDEDVALUES"></MDI>
      <MDI key="STATISTICS_MAXIMUM">0.85868079410149</MDI>
      <MDI key="STATISTICS_MEAN">0.84857299895428</MDI>
      <MDI key="STATISTICS_MINIMUM">0.83216217421026</MDI>
      <MDI key="STATISTICS_SKIPFACTORX">1</MDI>
      <MDI key="STATISTICS_SKIPFACTORY">1</MDI>
      <MDI key="STATISTICS_STDDEV">0.0035053337673753</MDI>
    </Metadata>
  </PAMRasterBand>
</PAMDataset>
