<PAMDataset>
  <PAMRasterBand band="1">
    <Histograms>
      <HistItem>
        <HistMin>0.8609219748065139</HistMin>
        <HistMax>0.8726047611547516</HistMax>
        <BucketCount>256</BucketCount>
        <IncludeOutOfRange>1</IncludeOutOfRange>
        <Approximate>0</Approximate>
        <HistCounts>1|0|0|0|0|0|0|0|0|0|1|0|0|0|0|0|1|0|1|0|0|1|0|0|0|0|2|0|1|1|0|1|2|1|1|0|0|0|1|0|2|2|1|1|0|7|3|3|4|1|2|0|1|4|0|5|0|2|5|4|4|2|1|2|1|5|1|2|2|0|7|4|4|6|5|9|9|2|1|6|3|3|3|3|2|6|4|8|10|12|6|7|8|10|9|8|12|7|9|13|12|19|18|9|13|10|12|8|18|13|9|13|16|13|14|11|10|8|13|9|17|8|7|15|16|22|19|31|10|17|2|15|10|8|10|18|7|22|22|14|20|12|19|13|15|10|6|10|8|8|17|20|19|12|19|19|16|11|6|12|13|10|7|10|15|14|19|19|14|8|13|13|12|13|17|7|15|4|7|7|12|10|9|7|9|6|5|8|4|4|8|1|11|5|12|12|4|5|3|6|6|6|6|2|5|7|5|6|4|8|5|5|3|3|3|6|4|4|2|3|3|3|6|0|1|2|1|5|1|1|1|0|1|2|4|2|1|0|0|1|0|0|2|0|1|0|0|1|0|1|0|0|0|0|0|1</HistCounts>
      </HistItem>
    </Histograms>
    <Metadata>
      <MDI key="RepresentationType">ATHEMATIC</MDI>
      <MDI key="STATISTICS_COVARIANCES">3.812078797998987e-06</MDI>
      <MDI key="STATISTICS_EXCLUDEDVALUES"></MDI>
      <MDI key="STATISTICS_MAXIMUM">0.87260476115475</MDI>
      <MDI key="STATISTICS_MEAN">0.86729426114247</MDI>
      <MDI key="STATISTICS_MINIMUM">0.86092197480651</MDI>
      <MDI key="STATISTICS_SKIPFACTORX">1</MDI>
      <MDI key="STATISTICS_SKIPFACTORY">1</MDI>
      <MDI key="STATISTICS_STDDEV">0.0019524545572174</MDI>
    </Metadata>
  </PAMRasterBand>
</PAMDataset>
