<PAMDataset>
  <Metadata>
    <MDI key="DataType">Generic</MDI>
  </Metadata>
  <PAMRasterBand band="1">
    <Histograms>
      <HistItem>
        <HistMin>0.8628309965133667</HistMin>
        <HistMax>0.8739950656890869</HistMax>
        <BucketCount>256</BucketCount>
        <IncludeOutOfRange>1</IncludeOutOfRange>
        <Approximate>0</Approximate>
        <HistCounts>2|0|0|0|0|0|0|0|0|0|0|0|2|0|0|1|0|0|0|1|0|2|1|0|1|1|1|0|0|1|2|1|1|1|1|1|0|0|3|3|1|4|1|2|4|1|5|10|5|4|3|7|4|3|1|2|3|2|6|4|11|8|5|10|14|6|8|8|10|12|3|15|6|9|10|8|13|23|7|12|7|13|13|7|5|6|9|11|17|14|11|12|13|11|21|16|13|13|16|13|8|17|15|9|9|8|18|19|18|15|12|15|16|24|12|8|12|12|8|18|16|16|16|17|22|16|10|15|5|12|11|18|13|9|9|17|18|12|12|14|14|9|20|17|10|8|8|11|19|13|11|10|12|8|12|10|6|3|4|6|14|14|12|7|8|11|8|10|9|7|6|3|11|6|5|5|4|7|5|7|3|3|1|5|3|5|2|2|0|4|5|2|2|2|3|2|6|5|0|1|4|2|6|1|1|2|3|2|3|4|2|0|3|5|1|5|0|2|2|1|4|2|1|6|1|0|1|1|2|0|0|1|2|1|2|0|0|0|4|1|2|1|0|0|1|0|0|0|0|0|1|1|0|0|0|2</HistCounts>
      </HistItem>
    </Histograms>
    <Metadata>
      <MDI key="RepresentationType">ATHEMATIC</MDI>
      <MDI key="STATISTICS_COVARIANCES">3.637095017392123e-06</MDI>
      <MDI key="STATISTICS_EXCLUDEDVALUES"></MDI>
      <MDI key="STATISTICS_MAXIMUM">0.87399506568909</MDI>
      <MDI key="STATISTICS_MEAN">0.86813727859408</MDI>
      <MDI key="STATISTICS_MINIMUM">0.86283099651337</MDI>
      <MDI key="STATISTICS_SKIPFACTORX">1</MDI>
      <MDI key="STATISTICS_SKIPFACTORY">1</MDI>
      <MDI key="STATISTICS_STDDEV">0.001907116938573</MDI>
    </Metadata>
  </PAMRasterBand>
</PAMDataset>
