<PAMDataset>
  <Metadata>
    <MDI key="DataType">Generic</MDI>
  </Metadata>
  <PAMRasterBand band="1">
    <Histograms>
      <HistItem>
        <HistMin>0.8735721707344055</HistMin>
        <HistMax>0.8857653141021729</HistMax>
        <BucketCount>256</BucketCount>
        <IncludeOutOfRange>1</IncludeOutOfRange>
        <Approximate>0</Approximate>
        <HistCounts>1|0|0|0|0|0|0|0|0|1|0|0|0|0|0|0|0|1|0|0|0|0|0|0|1|1|0|0|1|0|0|0|1|1|0|0|2|1|1|1|0|4|0|0|3|0|1|4|1|2|2|4|0|3|3|5|1|2|1|1|3|3|4|2|6|4|3|5|3|2|3|11|3|4|7|4|2|7|6|7|8|6|7|5|7|3|8|17|6|12|13|6|15|9|13|14|13|16|15|13|13|14|19|22|18|12|10|8|20|18|9|17|20|18|12|19|9|15|17|19|16|12|22|19|29|21|16|26|22|14|20|14|11|18|19|24|13|15|8|11|16|21|11|13|21|17|22|7|12|13|21|12|12|13|13|7|23|13|9|9|18|22|16|12|5|9|12|5|12|4|4|12|6|6|3|11|8|7|4|4|4|7|8|6|5|2|3|8|6|2|5|1|6|9|1|2|3|1|2|3|1|5|2|1|5|2|1|2|2|2|0|0|2|2|1|0|1|1|0|3|1|0|0|2|2|1|1|0|3|0|0|0|0|0|1|0|0|0|0|0|0|0|0|0|0|1|0|0|0|1|0|0|0|0|0|1</HistCounts>
      </HistItem>
    </Histograms>
    <Metadata>
      <MDI key="RepresentationType">ATHEMATIC</MDI>
      <MDI key="STATISTICS_COVARIANCES">3.070155925480512e-06</MDI>
      <MDI key="STATISTICS_EXCLUDEDVALUES"></MDI>
      <MDI key="STATISTICS_MAXIMUM">0.88576531410217</MDI>
      <MDI key="STATISTICS_MEAN">0.87971021540463</MDI>
      <MDI key="STATISTICS_MINIMUM">0.87357217073441</MDI>
      <MDI key="STATISTICS_SKIPFACTORX">1</MDI>
      <MDI key="STATISTICS_SKIPFACTORY">1</MDI>
      <MDI key="STATISTICS_STDDEV">0.0017521860419146</MDI>
    </Metadata>
  </PAMRasterBand>
</PAMDataset>
