<PAMDataset>
  <PAMRasterBand band="1">
    <Histograms>
      <HistItem>
        <HistMin>0.8162553018308671</HistMin>
        <HistMax>0.8311985857029748</HistMax>
        <BucketCount>256</BucketCount>
        <IncludeOutOfRange>1</IncludeOutOfRange>
        <Approximate>0</Approximate>
        <HistCounts>1|0|0|0|0|0|0|0|0|1|0|1|0|1|0|1|2|0|1|0|0|1|0|0|1|1|0|1|0|1|2|1|0|1|0|1|2|0|3|0|2|2|3|2|2|5|3|7|3|3|5|7|4|3|7|5|3|10|6|4|7|4|1|9|8|16|7|5|9|6|11|8|6|6|10|4|9|2|9|11|12|16|17|12|17|10|11|9|11|10|6|10|8|15|15|18|18|19|16|6|9|7|9|7|20|8|12|11|9|12|19|23|23|14|14|7|10|18|10|14|8|19|5|18|16|8|12|14|12|12|10|13|8|14|12|13|10|10|10|12|10|19|14|11|12|9|12|11|13|12|13|8|15|13|9|5|11|15|14|12|15|7|13|8|15|6|13|4|8|4|15|7|10|10|9|5|7|7|5|9|8|8|3|4|5|3|5|9|7|8|3|3|4|6|1|3|6|2|1|4|4|2|7|1|10|2|5|2|3|6|4|2|3|0|1|0|1|1|3|2|1|4|4|1|5|0|2|0|1|0|0|0|0|0|0|1|1|1|0|0|1|3|0|0|0|0|0|0|0|0|0|0|1|1|0|1</HistCounts>
      </HistItem>
    </Histograms>
    <Metadata>
      <MDI key="RepresentationType">ATHEMATIC</MDI>
      <MDI key="STATISTICS_COVARIANCES">6.748476696317111e-06</MDI>
      <MDI key="STATISTICS_EXCLUDEDVALUES"></MDI>
      <MDI key="STATISTICS_MAXIMUM">0.83119858570297</MDI>
      <MDI key="STATISTICS_MEAN">0.82355560112494</MDI>
      <MDI key="STATISTICS_MINIMUM">0.81625530183087</MDI>
      <MDI key="STATISTICS_SKIPFACTORX">1</MDI>
      <MDI key="STATISTICS_SKIPFACTORY">1</MDI>
      <MDI key="STATISTICS_STDDEV">0.0025977830348813</MDI>
    </Metadata>
  </PAMRasterBand>
</PAMDataset>
