<PAMDataset>
  <Metadata>
    <MDI key="DataType">Generic</MDI>
  </Metadata>
  <PAMRasterBand band="1">
    <Histograms>
      <HistItem>
        <HistMin>0.8619621992111206</HistMin>
        <HistMax>0.8724872469902039</HistMax>
        <BucketCount>256</BucketCount>
        <IncludeOutOfRange>1</IncludeOutOfRange>
        <Approximate>0</Approximate>
        <HistCounts>1|0|0|0|0|0|0|0|0|0|0|1|0|1|1|0|0|0|0|0|0|0|1|1|0|0|0|0|0|0|3|0|0|1|1|2|1|3|5|3|1|2|2|3|1|1|5|0|0|4|4|3|4|1|4|5|11|7|0|2|3|5|4|3|6|5|7|7|10|11|13|4|11|4|13|8|10|5|14|4|15|17|15|5|9|7|9|15|17|12|11|9|25|21|15|12|20|13|22|15|18|18|15|13|17|13|15|16|14|18|17|15|18|11|9|13|16|17|15|15|14|15|15|15|30|13|16|18|24|10|14|16|23|13|19|9|15|19|23|12|21|7|19|12|15|11|10|12|13|12|14|8|11|10|7|11|12|5|7|11|6|10|18|5|6|5|8|8|5|5|9|3|6|8|3|5|4|3|1|3|4|9|2|3|3|3|10|4|4|2|1|0|3|2|2|1|3|0|6|2|2|1|1|2|2|2|2|2|1|0|1|0|0|1|0|0|2|4|1|1|1|0|0|1|2|0|1|0|0|1|1|0|0|0|0|0|0|0|0|0|0|1|1|0|0|0|0|0|0|0|0|0|0|0|0|1</HistCounts>
      </HistItem>
    </Histograms>
    <Metadata>
      <MDI key="RepresentationType">ATHEMATIC</MDI>
      <MDI key="STATISTICS_COVARIANCES">2.428058010959383e-06</MDI>
      <MDI key="STATISTICS_EXCLUDEDVALUES"></MDI>
      <MDI key="STATISTICS_MAXIMUM">0.8724872469902</MDI>
      <MDI key="STATISTICS_MEAN">0.86688016287983</MDI>
      <MDI key="STATISTICS_MINIMUM">0.86196219921112</MDI>
      <MDI key="STATISTICS_SKIPFACTORX">1</MDI>
      <MDI key="STATISTICS_SKIPFACTORY">1</MDI>
      <MDI key="STATISTICS_STDDEV">0.0015582227090372</MDI>
    </Metadata>
  </PAMRasterBand>
</PAMDataset>
