<PAMDataset>
  <Metadata>
    <MDI key="DataType">Generic</MDI>
  </Metadata>
  <PAMRasterBand band="1">
    <Histograms>
      <HistItem>
        <HistMin>0.8544380664825439</HistMin>
        <HistMax>0.8661064505577087</HistMax>
        <BucketCount>256</BucketCount>
        <IncludeOutOfRange>1</IncludeOutOfRange>
        <Approximate>0</Approximate>
        <HistCounts>1|0|0|0|0|0|1|1|0|0|1|1|0|0|3|0|2|0|1|1|0|2|0|0|0|1|1|1|1|3|1|4|4|1|1|4|1|1|3|5|2|2|3|1|2|5|7|1|4|5|1|2|4|1|5|3|8|5|10|5|5|6|6|6|2|1|7|4|15|10|5|5|11|6|11|12|13|11|9|19|10|8|15|11|12|16|18|15|12|14|10|11|18|9|18|12|21|18|19|14|16|12|17|25|10|15|15|15|14|28|10|13|12|22|18|17|16|16|13|24|25|10|7|12|13|17|17|12|13|11|15|17|13|19|13|14|6|18|20|14|12|13|12|15|13|11|0|17|13|5|7|2|7|6|8|7|10|13|10|4|9|3|9|7|7|7|6|3|7|5|5|7|4|0|4|6|7|6|1|5|3|9|9|5|3|5|2|2|11|6|0|0|7|2|5|3|1|1|3|0|1|2|3|3|1|5|2|4|1|5|3|2|0|0|0|2|2|5|1|0|1|1|0|0|0|0|0|0|1|1|0|0|0|0|0|0|1|1|0|0|0|0|0|0|0|0|0|0|0|0|0|0|0|0|0|1</HistCounts>
      </HistItem>
    </Histograms>
    <Metadata>
      <MDI key="RepresentationType">ATHEMATIC</MDI>
      <MDI key="STATISTICS_COVARIANCES">3.469212400474545e-06</MDI>
      <MDI key="STATISTICS_EXCLUDEDVALUES"></MDI>
      <MDI key="STATISTICS_MAXIMUM">0.86610645055771</MDI>
      <MDI key="STATISTICS_MEAN">0.85977319967002</MDI>
      <MDI key="STATISTICS_MINIMUM">0.85443806648254</MDI>
      <MDI key="STATISTICS_SKIPFACTORX">1</MDI>
      <MDI key="STATISTICS_SKIPFACTORY">1</MDI>
      <MDI key="STATISTICS_STDDEV">0.0018625821862335</MDI>
    </Metadata>
  </PAMRasterBand>
</PAMDataset>
