<PAMDataset>
  <Metadata>
    <MDI key="DataType">Generic</MDI>
  </Metadata>
  <PAMRasterBand band="1">
    <Histograms>
      <HistItem>
        <HistMin>0.8666098117828369</HistMin>
        <HistMax>0.8930509686470032</HistMax>
        <BucketCount>256</BucketCount>
        <IncludeOutOfRange>1</IncludeOutOfRange>
        <Approximate>0</Approximate>
        <HistCounts>1|0|0|0|0|0|0|0|0|0|0|0|0|0|0|0|1|0|0|0|0|0|1|0|0|0|0|0|0|0|0|0|0|0|0|0|0|0|0|0|0|0|0|0|0|0|0|0|0|0|0|0|0|0|0|0|0|0|0|1|0|0|0|0|0|0|1|0|0|0|0|1|0|0|0|0|0|0|0|0|0|1|2|0|0|0|1|0|0|0|0|0|0|1|0|0|0|0|1|0|0|0|0|1|0|0|0|0|0|0|0|0|0|1|0|0|0|0|0|1|2|0|0|0|2|1|2|1|0|0|1|1|0|0|1|3|0|0|2|0|2|1|0|2|0|2|3|3|3|1|2|4|5|4|3|1|5|6|10|10|8|5|15|13|20|17|18|14|15|17|19|20|20|26|33|27|25|51|30|36|28|42|35|36|35|35|32|38|23|44|34|34|33|50|31|30|38|27|31|33|24|25|19|22|22|17|14|22|18|19|13|7|11|9|10|6|7|12|6|9|9|7|5|10|3|5|8|3|7|5|5|9|3|1|1|0|0|3|3|0|0|0|0|0|1|0|0|0|3|0|0|0|0|0|0|1</HistCounts>
      </HistItem>
    </Histograms>
    <Metadata>
      <MDI key="RepresentationType">ATHEMATIC</MDI>
      <MDI key="STATISTICS_COVARIANCES">5.185486166894211e-06</MDI>
      <MDI key="STATISTICS_EXCLUDEDVALUES"></MDI>
      <MDI key="STATISTICS_MAXIMUM">0.893050968647</MDI>
      <MDI key="STATISTICS_MEAN">0.88604501653462</MDI>
      <MDI key="STATISTICS_MINIMUM">0.86660981178284</MDI>
      <MDI key="STATISTICS_SKIPFACTORX">1</MDI>
      <MDI key="STATISTICS_SKIPFACTORY">1</MDI>
      <MDI key="STATISTICS_STDDEV">0.0022771662580704</MDI>
    </Metadata>
  </PAMRasterBand>
</PAMDataset>
