<PAMDataset>
  <PAMRasterBand band="1">
    <Histograms>
      <HistItem>
        <HistMin>0.8278655276867891</HistMin>
        <HistMax>0.8412819012955374</HistMax>
        <BucketCount>256</BucketCount>
        <IncludeOutOfRange>1</IncludeOutOfRange>
        <Approximate>0</Approximate>
        <HistCounts>1|0|0|0|0|0|0|0|0|0|0|1|0|0|0|0|0|0|0|0|0|0|0|0|0|0|0|0|0|1|1|0|0|0|0|2|1|2|2|5|3|2|2|0|1|0|2|3|1|2|0|2|3|6|4|0|2|3|7|4|2|1|6|3|4|6|7|8|6|6|10|6|2|5|9|7|9|6|11|13|12|14|10|17|8|6|11|16|6|11|13|15|9|18|21|27|18|9|12|17|12|20|9|17|18|12|18|17|33|18|18|13|10|18|17|14|19|13|11|16|19|16|22|20|21|10|16|16|17|15|12|18|13|7|20|12|30|19|18|15|17|15|10|14|8|9|15|11|8|14|21|9|13|6|11|6|9|9|11|9|3|5|10|15|14|17|9|11|2|9|3|7|7|3|12|6|10|10|5|6|3|1|6|4|1|1|3|1|4|0|4|6|6|1|0|4|2|2|5|1|0|1|2|2|4|4|3|1|1|0|0|1|1|1|0|1|1|0|2|5|0|1|0|0|0|1|1|0|1|0|0|0|1|0|0|0|0|1|0|0|0|0|0|0|0|0|0|0|0|0|0|0|0|0|0|1</HistCounts>
      </HistItem>
    </Histograms>
    <Metadata>
      <MDI key="RepresentationType">ATHEMATIC</MDI>
      <MDI key="STATISTICS_COVARIANCES">3.749247292850948e-06</MDI>
      <MDI key="STATISTICS_EXCLUDEDVALUES"></MDI>
      <MDI key="STATISTICS_MAXIMUM">0.84128190129554</MDI>
      <MDI key="STATISTICS_MEAN">0.8342946515945</MDI>
      <MDI key="STATISTICS_MINIMUM">0.82786552768679</MDI>
      <MDI key="STATISTICS_SKIPFACTORX">1</MDI>
      <MDI key="STATISTICS_SKIPFACTORY">1</MDI>
      <MDI key="STATISTICS_STDDEV">0.0019362973152001</MDI>
    </Metadata>
  </PAMRasterBand>
</PAMDataset>
