<PAMDataset>
  <Metadata>
    <MDI key="DataType">Generic</MDI>
  </Metadata>
  <PAMRasterBand band="1">
    <Histograms>
      <HistItem>
        <HistMin>0.8266506195068359</HistMin>
        <HistMax>0.84055095911026</HistMax>
        <BucketCount>256</BucketCount>
        <IncludeOutOfRange>1</IncludeOutOfRange>
        <Approximate>0</Approximate>
        <HistCounts>1|0|0|0|0|0|0|0|0|0|0|0|0|0|0|0|0|0|1|0|0|0|1|0|0|1|0|0|1|0|0|1|0|0|0|0|0|0|0|1|3|0|0|1|0|0|1|1|0|0|1|0|1|1|0|1|1|2|0|1|4|0|2|2|1|1|2|0|1|1|2|1|4|2|1|4|2|4|5|4|2|8|4|4|6|10|12|6|5|4|6|4|14|4|4|7|5|12|9|10|12|4|10|7|6|7|9|13|15|9|14|9|8|12|7|9|19|11|12|16|21|13|7|10|20|18|16|9|14|15|26|9|17|20|14|13|9|19|9|22|17|28|18|21|18|20|20|33|8|21|13|25|20|25|18|11|12|27|17|9|17|18|14|22|23|9|14|22|15|13|10|15|11|9|17|16|12|11|7|10|18|15|9|11|11|8|15|3|8|10|6|9|7|3|3|2|2|12|5|6|2|7|2|2|3|2|1|5|4|2|0|2|2|1|0|0|1|1|2|1|2|0|2|0|1|2|2|0|3|0|0|1|0|0|0|0|1|0|1|0|0|1|0|1|0|0|1|0|1|1|0|0|0|0|0|1</HistCounts>
      </HistItem>
    </Histograms>
    <Metadata>
      <MDI key="RepresentationType">ATHEMATIC</MDI>
      <MDI key="STATISTICS_COVARIANCES">3.712904839245612e-06</MDI>
      <MDI key="STATISTICS_EXCLUDEDVALUES"></MDI>
      <MDI key="STATISTICS_MAXIMUM">0.84055095911026</MDI>
      <MDI key="STATISTICS_MEAN">0.83440549965948</MDI>
      <MDI key="STATISTICS_MINIMUM">0.82665061950684</MDI>
      <MDI key="STATISTICS_SKIPFACTORX">1</MDI>
      <MDI key="STATISTICS_SKIPFACTORY">1</MDI>
      <MDI key="STATISTICS_STDDEV">0.0019268899395777</MDI>
    </Metadata>
  </PAMRasterBand>
</PAMDataset>
