<PAMDataset>
  <Metadata>
    <MDI key="DataType">Generic</MDI>
  </Metadata>
  <PAMRasterBand band="1">
    <Histograms>
      <HistItem>
        <HistMin>0.8634350299835205</HistMin>
        <HistMax>0.874046266078949</HistMax>
        <BucketCount>256</BucketCount>
        <IncludeOutOfRange>1</IncludeOutOfRange>
        <Approximate>0</Approximate>
        <HistCounts>1|0|0|0|0|0|0|0|0|0|1|0|1|0|0|0|2|0|1|0|0|0|2|0|1|0|2|4|3|1|1|0|1|2|1|4|2|2|1|1|1|1|1|7|0|1|4|1|5|2|1|7|4|2|2|5|1|2|2|5|4|4|6|5|13|7|3|8|8|6|9|5|2|5|6|8|15|8|15|13|5|10|14|11|13|11|6|9|14|12|10|10|13|11|13|4|13|15|14|9|6|22|13|14|6|13|8|11|16|17|21|16|13|16|11|16|11|10|6|12|18|25|23|7|10|19|18|22|23|15|21|13|15|23|12|17|12|19|20|18|11|21|8|10|11|16|16|24|14|18|11|14|22|12|12|8|9|12|10|12|13|8|7|3|7|9|11|8|10|18|7|11|3|3|8|3|5|8|7|7|4|4|7|8|5|5|4|2|0|4|5|4|2|2|0|1|1|0|1|4|2|1|4|2|2|1|0|0|0|0|0|3|1|2|1|3|3|0|1|2|1|1|2|0|1|0|2|1|0|2|0|0|0|1|1|1|0|1|0|0|0|1|1|0|0|0|0|0|1|1|0|0|0|0|0|1</HistCounts>
      </HistItem>
    </Histograms>
    <Metadata>
      <MDI key="RepresentationType">ATHEMATIC</MDI>
      <MDI key="STATISTICS_COVARIANCES">2.773063188187192e-06</MDI>
      <MDI key="STATISTICS_EXCLUDEDVALUES"></MDI>
      <MDI key="STATISTICS_MAXIMUM">0.87404626607895</MDI>
      <MDI key="STATISTICS_MEAN">0.86855433251709</MDI>
      <MDI key="STATISTICS_MINIMUM">0.86343502998352</MDI>
      <MDI key="STATISTICS_SKIPFACTORX">1</MDI>
      <MDI key="STATISTICS_SKIPFACTORY">1</MDI>
      <MDI key="STATISTICS_STDDEV">0.0016652516891411</MDI>
    </Metadata>
  </PAMRasterBand>
</PAMDataset>
