<PAMDataset>
  <Metadata>
    <MDI key="DataType">Generic</MDI>
  </Metadata>
  <PAMRasterBand band="1">
    <Histograms>
      <HistItem>
        <HistMin>0.8707533478736877</HistMin>
        <HistMax>0.8832709193229675</HistMax>
        <BucketCount>256</BucketCount>
        <IncludeOutOfRange>1</IncludeOutOfRange>
        <Approximate>0</Approximate>
        <HistCounts>2|0|0|1|0|0|0|1|0|1|0|2|1|1|2|1|1|0|1|0|1|1|4|5|3|3|2|4|1|7|0|3|4|4|7|7|2|7|4|8|4|2|2|6|3|10|2|7|6|7|8|7|2|5|15|7|7|5|12|15|15|4|12|10|10|7|13|11|10|14|10|4|13|16|11|8|9|9|17|19|17|21|19|9|13|11|14|13|11|23|14|15|20|9|17|14|11|8|16|13|23|19|15|14|22|12|14|11|16|15|19|16|8|17|13|17|13|18|13|14|13|14|4|8|13|14|25|8|9|10|16|1|9|6|9|14|10|9|15|11|9|8|6|5|10|14|13|9|8|14|10|6|3|4|8|12|8|5|7|6|6|6|4|3|5|10|11|5|8|6|3|2|1|4|2|3|4|3|1|4|3|1|2|4|2|2|3|3|4|1|4|0|1|1|0|2|2|2|3|2|1|2|2|2|1|1|0|2|1|2|2|1|1|2|1|1|1|0|2|0|0|1|0|1|0|0|0|0|0|1|1|0|0|2|0|1|2|0|0|0|1|1|1|0|3|0|0|0|0|0|0|0|1|0|0|1</HistCounts>
      </HistItem>
    </Histograms>
    <Metadata>
      <MDI key="RepresentationType">ATHEMATIC</MDI>
      <MDI key="STATISTICS_COVARIANCES">4.504235908614788e-06</MDI>
      <MDI key="STATISTICS_EXCLUDEDVALUES"></MDI>
      <MDI key="STATISTICS_MAXIMUM">0.88327091932297</MDI>
      <MDI key="STATISTICS_MEAN">0.87597700834274</MDI>
      <MDI key="STATISTICS_MINIMUM">0.87075334787369</MDI>
      <MDI key="STATISTICS_SKIPFACTORX">1</MDI>
      <MDI key="STATISTICS_SKIPFACTORY">1</MDI>
      <MDI key="STATISTICS_STDDEV">0.0021223185219506</MDI>
    </Metadata>
  </PAMRasterBand>
</PAMDataset>
