<PAMDataset>
  <Metadata>
    <MDI key="DataType">Generic</MDI>
  </Metadata>
  <PAMRasterBand band="1">
    <Histograms>
      <HistItem>
        <HistMin>0.8634204268455505</HistMin>
        <HistMax>0.8742359280586243</HistMax>
        <BucketCount>256</BucketCount>
        <IncludeOutOfRange>1</IncludeOutOfRange>
        <Approximate>0</Approximate>
        <HistCounts>1|0|0|0|0|0|1|0|0|0|0|0|0|0|0|0|0|0|1|0|0|1|3|1|0|1|0|1|0|0|1|1|0|1|0|0|1|3|0|1|1|1|5|0|3|3|3|2|5|1|1|1|2|7|2|0|7|8|5|8|6|3|6|6|5|3|9|1|8|6|3|10|4|2|4|7|4|8|10|11|8|10|10|7|4|6|13|8|21|9|17|9|19|9|10|8|8|11|8|13|18|21|17|13|12|13|6|10|10|6|20|9|13|17|10|18|14|16|20|16|16|16|17|17|15|23|14|9|16|13|23|18|11|14|14|7|11|13|11|19|10|10|16|23|8|6|14|9|19|19|27|12|6|7|11|15|10|10|11|17|8|21|19|6|11|8|8|8|9|7|6|4|7|16|16|11|6|6|9|6|6|4|6|5|9|8|13|1|5|3|3|4|5|5|6|3|1|3|5|3|4|2|3|3|1|3|3|3|2|4|0|1|0|3|3|1|1|0|2|4|3|1|2|1|1|1|0|1|0|2|0|0|0|3|2|0|1|0|0|0|2|0|0|0|2|1|0|0|0|0|0|0|0|0|0|1</HistCounts>
      </HistItem>
    </Histograms>
    <Metadata>
      <MDI key="RepresentationType">ATHEMATIC</MDI>
      <MDI key="STATISTICS_COVARIANCES">3.067959344902481e-06</MDI>
      <MDI key="STATISTICS_EXCLUDEDVALUES"></MDI>
      <MDI key="STATISTICS_MAXIMUM">0.87423592805862</MDI>
      <MDI key="STATISTICS_MEAN">0.86884336557239</MDI>
      <MDI key="STATISTICS_MINIMUM">0.86342042684555</MDI>
      <MDI key="STATISTICS_SKIPFACTORX">1</MDI>
      <MDI key="STATISTICS_SKIPFACTORY">1</MDI>
      <MDI key="STATISTICS_STDDEV">0.0017515591183007</MDI>
    </Metadata>
  </PAMRasterBand>
</PAMDataset>
