<PAMDataset>
  <Metadata>
    <MDI key="DataType">Generic</MDI>
  </Metadata>
  <PAMRasterBand band="1">
    <Histograms>
      <HistItem>
        <HistMin>0.7217145562171936</HistMin>
        <HistMax>0.9266259074211121</HistMax>
        <BucketCount>256</BucketCount>
        <IncludeOutOfRange>1</IncludeOutOfRange>
        <Approximate>0</Approximate>
        <HistCounts>1|0|0|0|0|0|0|0|0|0|0|0|0|0|0|1|0|0|0|0|0|0|0|0|0|0|0|0|0|0|0|0|0|0|0|1|0|1|0|1|1|1|0|0|0|0|1|1|1|1|0|1|0|2|1|0|0|0|0|0|1|0|1|0|0|0|1|1|1|0|2|0|1|0|0|0|2|0|1|0|1|0|1|1|1|0|1|1|1|0|1|3|1|4|1|1|0|0|1|3|1|3|1|2|1|1|1|2|5|1|1|3|2|2|1|1|1|3|2|5|1|3|2|1|6|3|7|1|4|3|3|0|1|5|7|2|9|2|5|2|5|6|8|8|11|8|6|3|9|9|3|10|6|5|8|2|9|4|6|7|6|7|9|6|5|5|7|11|11|9|11|7|15|9|17|9|7|13|15|12|9|12|13|22|24|42|58|72|70|72|62|62|53|40|37|40|42|29|37|34|26|20|24|18|23|20|13|12|9|13|7|10|14|5|3|2|9|6|3|3|4|2|4|3|4|2|4|2|2|1|3|0|1|1|1|4|2|1|2|0|1|0|1|0|1|1|0|2|0|0|1|0|0|1|0|1</HistCounts>
      </HistItem>
    </Histograms>
    <Metadata>
      <MDI key="RepresentationType">ATHEMATIC</MDI>
      <MDI key="STATISTICS_COVARIANCES">0.0006185060135239771</MDI>
      <MDI key="STATISTICS_EXCLUDEDVALUES"></MDI>
      <MDI key="STATISTICS_MAXIMUM">0.92662590742111</MDI>
      <MDI key="STATISTICS_MEAN">0.86691203951836</MDI>
      <MDI key="STATISTICS_MINIMUM">0.72171455621719</MDI>
      <MDI key="STATISTICS_SKIPFACTORX">1</MDI>
      <MDI key="STATISTICS_SKIPFACTORY">1</MDI>
      <MDI key="STATISTICS_STDDEV">0.024869781131405</MDI>
    </Metadata>
  </PAMRasterBand>
</PAMDataset>
