<PAMDataset>
  <Metadata>
    <MDI key="DataType">Generic</MDI>
  </Metadata>
  <PAMRasterBand band="1">
    <Histograms>
      <HistItem>
        <HistMin>0.8781823515892029</HistMin>
        <HistMax>0.8902392387390137</HistMax>
        <BucketCount>256</BucketCount>
        <IncludeOutOfRange>1</IncludeOutOfRange>
        <Approximate>0</Approximate>
        <HistCounts>1|0|0|0|0|0|0|0|1|0|0|0|0|0|0|0|0|0|0|1|0|1|0|0|1|1|0|1|0|0|0|1|1|1|2|1|0|2|0|1|2|0|2|2|2|1|1|1|0|0|3|1|4|2|2|2|2|4|4|0|2|2|7|3|1|9|3|5|2|3|4|3|9|6|10|4|2|3|6|10|1|5|6|11|8|6|7|7|5|6|6|11|9|9|9|10|11|13|11|4|6|11|14|5|9|13|8|13|9|15|12|8|10|13|10|8|9|17|25|15|17|12|12|19|9|13|24|17|13|11|18|16|12|11|21|21|22|11|20|15|17|11|21|19|10|25|25|14|15|12|10|12|16|21|8|13|14|14|16|20|14|9|14|16|18|9|8|17|8|22|12|9|7|6|6|13|8|13|12|7|11|16|15|6|4|4|6|8|7|7|5|5|13|11|4|3|5|4|7|5|2|3|6|5|5|2|3|5|1|1|4|1|1|1|1|4|1|2|1|2|0|1|1|3|0|0|0|5|0|1|1|1|1|0|0|0|0|0|0|0|0|0|0|0|2|0|0|0|1|0|0|0|0|0|0|1</HistCounts>
      </HistItem>
    </Histograms>
    <Metadata>
      <MDI key="RepresentationType">ATHEMATIC</MDI>
      <MDI key="STATISTICS_COVARIANCES">3.486799332996616e-06</MDI>
      <MDI key="STATISTICS_EXCLUDEDVALUES"></MDI>
      <MDI key="STATISTICS_MAXIMUM">0.89023923873901</MDI>
      <MDI key="STATISTICS_MEAN">0.88460398230702</MDI>
      <MDI key="STATISTICS_MINIMUM">0.8781823515892</MDI>
      <MDI key="STATISTICS_SKIPFACTORX">1</MDI>
      <MDI key="STATISTICS_SKIPFACTORY">1</MDI>
      <MDI key="STATISTICS_STDDEV">0.0018672973338482</MDI>
    </Metadata>
  </PAMRasterBand>
</PAMDataset>
