<PAMDataset>
  <Metadata>
    <MDI key="DataType">Generic</MDI>
  </Metadata>
  <PAMRasterBand band="1">
    <Histograms>
      <HistItem>
        <HistMin>0.8469713926315308</HistMin>
        <HistMax>0.863445520401001</HistMax>
        <BucketCount>256</BucketCount>
        <IncludeOutOfRange>1</IncludeOutOfRange>
        <Approximate>0</Approximate>
        <HistCounts>1|0|0|0|0|0|0|0|0|0|0|0|0|0|0|0|0|0|0|0|0|0|0|0|0|0|0|0|0|0|0|0|0|0|0|0|0|2|0|0|0|0|0|1|0|0|0|0|0|1|0|0|0|0|1|1|0|1|1|0|0|1|1|0|0|0|1|0|0|2|2|1|0|0|0|2|0|1|1|3|0|0|4|0|2|1|3|2|2|4|1|2|4|3|8|6|7|9|7|5|4|4|6|8|11|11|11|16|11|11|8|13|14|9|6|16|16|11|14|14|22|20|16|21|12|21|12|20|13|23|23|29|9|23|23|10|15|20|23|9|13|22|22|28|22|22|28|16|14|16|31|27|16|17|23|16|8|28|13|21|11|16|14|14|15|12|13|12|12|11|20|10|14|12|14|18|12|10|11|7|9|10|9|14|6|6|7|7|12|7|5|6|12|6|6|7|3|4|11|8|4|6|3|8|4|2|4|5|5|2|3|5|5|2|5|1|5|1|1|0|2|1|1|4|4|2|2|0|3|2|1|2|1|0|1|0|0|4|0|2|0|1|0|1|0|3|0|0|1|0|0|0|0|2|0|1</HistCounts>
      </HistItem>
    </Histograms>
    <Metadata>
      <MDI key="RepresentationType">ATHEMATIC</MDI>
      <MDI key="STATISTICS_COVARIANCES">4.681243987943367e-06</MDI>
      <MDI key="STATISTICS_EXCLUDEDVALUES"></MDI>
      <MDI key="STATISTICS_MAXIMUM">0.863445520401</MDI>
      <MDI key="STATISTICS_MEAN">0.8565347918123</MDI>
      <MDI key="STATISTICS_MINIMUM">0.84697139263153</MDI>
      <MDI key="STATISTICS_SKIPFACTORX">1</MDI>
      <MDI key="STATISTICS_SKIPFACTORY">1</MDI>
      <MDI key="STATISTICS_STDDEV">0.0021636182629899</MDI>
    </Metadata>
  </PAMRasterBand>
</PAMDataset>
