<PAMDataset>
  <Metadata>
    <MDI key="DataType">Generic</MDI>
  </Metadata>
  <PAMRasterBand band="1">
    <Histograms>
      <HistItem>
        <HistMin>0.8373160362243652</HistMin>
        <HistMax>0.8485487103462219</HistMax>
        <BucketCount>256</BucketCount>
        <IncludeOutOfRange>1</IncludeOutOfRange>
        <Approximate>0</Approximate>
        <HistCounts>1|0|0|1|0|0|1|2|3|0|1|1|0|0|0|2|2|0|2|0|1|1|2|2|2|0|1|0|1|2|2|4|0|3|3|2|1|2|6|4|3|4|5|3|12|10|3|5|2|6|1|4|3|3|10|6|8|11|10|10|7|8|8|9|8|7|7|9|8|7|11|5|9|14|10|11|7|20|14|9|7|14|14|22|11|12|10|14|16|10|15|10|11|13|18|21|25|27|11|19|13|15|15|14|20|12|21|11|20|17|16|10|8|11|14|16|11|17|16|16|23|14|22|11|15|11|16|14|16|13|11|9|16|12|11|5|11|11|9|6|10|13|9|7|11|9|11|14|6|11|8|8|10|11|7|8|5|3|7|16|10|9|3|5|3|10|14|5|6|4|5|3|9|3|3|1|6|4|6|9|3|3|4|1|4|3|7|2|2|3|4|1|4|1|2|1|2|2|1|1|2|1|0|1|5|2|2|0|0|0|4|0|0|2|0|0|1|1|2|0|0|1|2|0|1|1|0|0|0|0|1|0|1|0|0|0|1|1|0|0|1|0|0|1|0|0|0|0|0|0|0|0|1|0|0|1</HistCounts>
      </HistItem>
    </Histograms>
    <Metadata>
      <MDI key="RepresentationType">ATHEMATIC</MDI>
      <MDI key="STATISTICS_COVARIANCES">3.36662716947071e-06</MDI>
      <MDI key="STATISTICS_EXCLUDEDVALUES"></MDI>
      <MDI key="STATISTICS_MAXIMUM">0.84854871034622</MDI>
      <MDI key="STATISTICS_MEAN">0.84222249828279</MDI>
      <MDI key="STATISTICS_MINIMUM">0.83731603622437</MDI>
      <MDI key="STATISTICS_SKIPFACTORX">1</MDI>
      <MDI key="STATISTICS_SKIPFACTORY">1</MDI>
      <MDI key="STATISTICS_STDDEV">0.001834837096167</MDI>
    </Metadata>
  </PAMRasterBand>
</PAMDataset>
