<PAMDataset>
  <Metadata>
    <MDI key="DataType">Generic</MDI>
  </Metadata>
  <PAMRasterBand band="1">
    <Histograms>
      <HistItem>
        <HistMin>0.8757151365280151</HistMin>
        <HistMax>0.8865423798561096</HistMax>
        <BucketCount>256</BucketCount>
        <IncludeOutOfRange>1</IncludeOutOfRange>
        <Approximate>0</Approximate>
        <HistCounts>1|0|0|0|0|0|0|0|0|0|0|1|0|0|0|0|0|0|0|0|0|0|0|0|0|0|1|0|0|1|1|0|1|0|2|0|2|2|0|2|0|1|0|2|1|3|1|5|6|4|5|3|5|4|10|9|6|7|5|15|9|5|6|10|9|11|9|8|10|12|18|12|17|12|7|8|12|14|6|8|6|7|17|14|13|12|13|7|14|14|13|18|15|14|18|16|7|11|17|11|18|18|18|9|13|16|14|16|16|7|15|17|17|17|11|7|17|14|12|13|12|7|11|6|14|8|8|8|14|4|9|13|10|11|19|14|6|6|10|10|14|11|3|4|9|8|7|6|8|6|16|5|7|10|5|7|12|6|9|8|5|9|7|4|9|6|8|6|10|2|6|3|8|1|1|9|12|6|6|6|4|6|5|5|6|6|6|4|6|7|9|5|2|4|8|7|6|4|9|2|4|6|5|3|2|7|11|10|10|1|6|5|7|4|2|2|6|1|4|3|3|4|1|2|4|2|1|2|3|1|2|2|1|1|0|2|0|2|3|2|2|3|1|3|0|0|1|0|0|1|1|0|1|0|2|1</HistCounts>
      </HistItem>
    </Histograms>
    <Metadata>
      <MDI key="RepresentationType">ATHEMATIC</MDI>
      <MDI key="STATISTICS_COVARIANCES">4.275120563895977e-06</MDI>
      <MDI key="STATISTICS_EXCLUDEDVALUES"></MDI>
      <MDI key="STATISTICS_MAXIMUM">0.88654237985611</MDI>
      <MDI key="STATISTICS_MEAN">0.88101733323186</MDI>
      <MDI key="STATISTICS_MINIMUM">0.87571513652802</MDI>
      <MDI key="STATISTICS_SKIPFACTORX">1</MDI>
      <MDI key="STATISTICS_SKIPFACTORY">1</MDI>
      <MDI key="STATISTICS_STDDEV">0.0020676364680224</MDI>
    </Metadata>
  </PAMRasterBand>
</PAMDataset>
