<PAMDataset>
  <Metadata>
    <MDI key="DataType">Generic</MDI>
  </Metadata>
  <PAMRasterBand band="1">
    <Histograms>
      <HistItem>
        <HistMin>0.80173259973526</HistMin>
        <HistMax>0.8311655521392822</HistMax>
        <BucketCount>256</BucketCount>
        <IncludeOutOfRange>1</IncludeOutOfRange>
        <Approximate>0</Approximate>
        <HistCounts>1|0|0|0|0|0|0|0|0|0|0|0|0|0|0|0|0|0|0|0|0|0|0|0|0|0|0|0|0|0|0|0|0|0|0|0|0|0|0|0|0|0|0|0|0|0|1|1|0|0|0|0|0|0|1|0|0|0|0|1|0|1|0|0|0|0|1|1|0|0|0|0|0|2|0|0|0|0|0|1|2|0|0|0|0|0|0|1|0|0|0|0|1|2|0|1|0|0|0|0|1|1|0|0|0|0|0|0|1|0|0|0|0|3|0|2|0|0|0|0|1|3|1|1|3|0|2|4|3|1|1|1|0|1|2|9|6|2|1|2|5|10|6|3|9|5|9|8|8|9|10|4|11|9|7|9|9|22|15|18|18|19|20|17|22|17|9|19|21|27|18|19|25|24|20|21|25|22|23|28|23|20|35|28|27|31|20|19|21|29|19|20|35|24|12|21|24|23|22|29|32|24|26|19|17|16|24|16|18|18|18|16|17|11|13|9|12|13|14|7|18|10|7|6|5|7|4|8|6|3|2|2|3|3|4|5|0|3|1|3|0|1|0|0|0|0|0|1|1|1|0|1|1|1|0|1</HistCounts>
      </HistItem>
    </Histograms>
    <Metadata>
      <MDI key="RepresentationType">ATHEMATIC</MDI>
      <MDI key="STATISTICS_COVARIANCES">9.694411586761393e-06</MDI>
      <MDI key="STATISTICS_EXCLUDEDVALUES"></MDI>
      <MDI key="STATISTICS_MAXIMUM">0.83116555213928</MDI>
      <MDI key="STATISTICS_MEAN">0.82292535342276</MDI>
      <MDI key="STATISTICS_MINIMUM">0.80173259973526</MDI>
      <MDI key="STATISTICS_SKIPFACTORX">1</MDI>
      <MDI key="STATISTICS_SKIPFACTORY">1</MDI>
      <MDI key="STATISTICS_STDDEV">0.0031135850055461</MDI>
    </Metadata>
  </PAMRasterBand>
</PAMDataset>
