<PAMDataset>
  <Metadata>
    <MDI key="DataType">Generic</MDI>
  </Metadata>
  <PAMRasterBand band="1">
    <Histograms>
      <HistItem>
        <HistMin>0.8263859748840332</HistMin>
        <HistMax>0.8476909399032593</HistMax>
        <BucketCount>256</BucketCount>
        <IncludeOutOfRange>1</IncludeOutOfRange>
        <Approximate>0</Approximate>
        <HistCounts>1|1|0|0|0|0|0|2|1|3|1|2|0|0|0|1|2|2|1|0|0|1|0|4|0|1|1|1|0|1|1|4|5|1|3|3|5|1|5|5|1|3|3|5|3|6|7|9|10|7|8|17|7|14|21|9|11|13|19|15|21|16|17|15|14|20|16|18|12|21|16|15|15|22|32|24|14|21|21|18|21|14|28|18|17|10|14|14|16|15|15|14|9|7|12|15|9|11|10|12|5|10|2|4|2|5|4|4|4|4|8|3|7|4|3|4|4|2|2|4|4|2|6|2|4|5|7|3|3|1|0|1|1|6|2|1|3|1|1|4|4|3|5|6|1|2|2|3|3|10|7|1|9|5|5|5|6|8|5|8|11|8|4|6|3|5|9|11|7|8|5|9|8|7|7|7|17|10|8|5|11|6|3|11|5|11|4|2|5|5|4|9|9|5|7|1|4|8|3|9|2|4|9|5|5|7|10|1|9|8|6|7|2|8|6|2|0|3|10|6|6|4|7|6|3|7|5|4|3|2|4|3|2|3|0|2|1|1|1|2|2|1|1|0|3|0|0|0|0|0|2|1|0|0|0|1</HistCounts>
      </HistItem>
    </Histograms>
    <Metadata>
      <MDI key="RepresentationType">ATHEMATIC</MDI>
      <MDI key="STATISTICS_COVARIANCES">2.388551034271089e-05</MDI>
      <MDI key="STATISTICS_EXCLUDEDVALUES"></MDI>
      <MDI key="STATISTICS_MAXIMUM">0.84769093990326</MDI>
      <MDI key="STATISTICS_MEAN">0.83599982134998</MDI>
      <MDI key="STATISTICS_MINIMUM">0.82638597488403</MDI>
      <MDI key="STATISTICS_SKIPFACTORX">1</MDI>
      <MDI key="STATISTICS_SKIPFACTORY">1</MDI>
      <MDI key="STATISTICS_STDDEV">0.004887280464912</MDI>
    </Metadata>
  </PAMRasterBand>
</PAMDataset>
