<PAMDataset>
  <Metadata>
    <MDI key="DataType">Generic</MDI>
  </Metadata>
  <PAMRasterBand band="1">
    <Histograms>
      <HistItem>
        <HistMin>0.8581123352050781</HistMin>
        <HistMax>0.8741350769996643</HistMax>
        <BucketCount>256</BucketCount>
        <IncludeOutOfRange>1</IncludeOutOfRange>
        <Approximate>0</Approximate>
        <HistCounts>1|0|0|1|0|1|0|0|1|2|1|2|1|5|3|1|2|2|1|1|1|2|2|3|2|3|3|1|2|1|7|3|3|3|6|10|7|6|3|13|8|13|9|7|10|15|8|18|13|12|8|17|17|10|9|21|17|7|11|18|27|8|9|14|17|13|11|10|20|17|12|7|18|22|8|18|17|18|12|14|17|23|11|10|11|8|7|11|16|9|5|9|8|7|8|9|12|5|10|4|2|11|10|7|3|8|4|6|4|7|9|4|1|5|7|9|5|7|3|5|1|4|7|8|7|7|9|5|4|3|8|9|8|12|6|3|8|10|12|3|18|9|6|5|8|10|10|4|6|4|7|4|6|5|3|4|8|8|8|6|6|3|5|5|11|7|3|4|4|3|5|6|5|3|4|4|4|2|4|7|8|4|6|6|3|5|4|6|4|7|6|6|2|3|7|5|2|7|6|3|7|7|5|3|2|2|7|9|3|2|4|3|7|2|2|7|4|5|6|8|2|4|5|3|6|4|3|3|6|5|3|2|3|2|2|1|2|4|1|2|0|1|0|1|2|1|1|0|1|1|1|1|0|0|0|1</HistCounts>
      </HistItem>
    </Histograms>
    <Metadata>
      <MDI key="RepresentationType">ATHEMATIC</MDI>
      <MDI key="STATISTICS_COVARIANCES">1.354075931468106e-05</MDI>
      <MDI key="STATISTICS_EXCLUDEDVALUES"></MDI>
      <MDI key="STATISTICS_MAXIMUM">0.87413507699966</MDI>
      <MDI key="STATISTICS_MEAN">0.8650593611598</MDI>
      <MDI key="STATISTICS_MINIMUM">0.85811233520508</MDI>
      <MDI key="STATISTICS_SKIPFACTORX">1</MDI>
      <MDI key="STATISTICS_SKIPFACTORY">1</MDI>
      <MDI key="STATISTICS_STDDEV">0.0036797770740469</MDI>
    </Metadata>
  </PAMRasterBand>
</PAMDataset>
