<PAMDataset>
  <Metadata>
    <MDI key="DataType">Generic</MDI>
  </Metadata>
  <PAMRasterBand band="1">
    <Histograms>
      <HistItem>
        <HistMin>0.8112345337867737</HistMin>
        <HistMax>0.8239452242851257</HistMax>
        <BucketCount>256</BucketCount>
        <IncludeOutOfRange>1</IncludeOutOfRange>
        <Approximate>0</Approximate>
        <HistCounts>1|0|0|0|0|0|0|0|0|0|0|0|0|0|0|0|2|1|0|1|2|1|2|0|4|0|0|2|1|2|0|3|0|4|2|2|0|3|4|2|1|9|2|2|2|1|4|6|2|4|5|5|3|2|2|6|5|6|5|4|6|3|4|8|7|8|7|3|6|7|8|9|10|7|3|4|4|14|7|12|2|12|4|13|9|9|15|25|7|13|11|10|14|7|10|15|13|13|14|16|14|12|10|24|10|14|13|19|12|20|9|15|8|15|10|18|14|18|16|16|6|18|14|16|20|21|19|10|9|9|15|15|23|4|16|8|17|11|17|15|24|10|12|12|9|17|11|10|9|18|6|13|20|16|13|15|9|8|9|9|16|9|10|3|7|7|10|7|7|11|8|10|4|5|4|5|3|12|3|6|3|3|2|8|5|2|5|1|3|5|5|4|11|1|3|3|6|0|2|1|7|0|6|6|3|4|1|6|2|6|2|2|1|1|2|3|0|0|1|2|1|1|1|1|2|0|2|1|1|0|0|0|3|1|2|0|0|0|0|1|0|1|0|1|0|0|0|1|0|0|0|0|0|0|0|1</HistCounts>
      </HistItem>
    </Histograms>
    <Metadata>
      <MDI key="RepresentationType">ATHEMATIC</MDI>
      <MDI key="STATISTICS_COVARIANCES">4.522249856237719e-06</MDI>
      <MDI key="STATISTICS_EXCLUDEDVALUES"></MDI>
      <MDI key="STATISTICS_MAXIMUM">0.82394522428513</MDI>
      <MDI key="STATISTICS_MEAN">0.81735382989049</MDI>
      <MDI key="STATISTICS_MINIMUM">0.81123453378677</MDI>
      <MDI key="STATISTICS_SKIPFACTORX">1</MDI>
      <MDI key="STATISTICS_SKIPFACTORY">1</MDI>
      <MDI key="STATISTICS_STDDEV">0.0021265582183984</MDI>
    </Metadata>
  </PAMRasterBand>
</PAMDataset>
