<PAMDataset>
  <Metadata>
    <MDI key="DataType">Generic</MDI>
  </Metadata>
  <PAMRasterBand band="1">
    <Histograms>
      <HistItem>
        <HistMin>0.8430638909339905</HistMin>
        <HistMax>0.8629814386367798</HistMax>
        <BucketCount>256</BucketCount>
        <IncludeOutOfRange>1</IncludeOutOfRange>
        <Approximate>0</Approximate>
        <HistCounts>1|0|0|0|0|0|1|2|1|0|0|1|1|3|1|1|1|0|0|3|0|1|5|3|1|2|2|2|2|2|7|5|2|6|4|1|6|7|3|3|4|4|1|3|4|5|5|7|10|10|9|5|9|7|12|10|9|3|5|8|13|6|7|10|11|11|5|11|13|12|8|11|13|13|11|11|11|14|11|9|7|9|13|18|19|16|7|6|11|9|15|20|8|9|10|12|8|6|11|14|5|8|10|9|12|7|17|13|4|15|9|9|12|11|12|18|13|9|12|8|11|14|10|10|9|17|9|12|14|18|17|9|20|9|11|12|10|15|11|6|14|13|12|16|9|10|12|15|11|9|10|11|13|3|11|6|11|8|3|3|6|7|10|4|15|7|3|8|10|5|10|6|4|9|4|5|8|5|9|4|6|3|4|8|10|6|6|4|3|4|2|1|4|7|4|3|3|5|3|5|1|1|2|1|2|2|3|1|2|3|2|2|2|5|0|2|2|1|1|2|2|1|3|2|2|1|1|1|2|2|0|1|0|1|1|0|0|3|0|2|0|0|0|1|0|0|0|0|0|0|0|0|0|0|0|1</HistCounts>
      </HistItem>
    </Histograms>
    <Metadata>
      <MDI key="RepresentationType">ATHEMATIC</MDI>
      <MDI key="STATISTICS_COVARIANCES">1.388316026104571e-05</MDI>
      <MDI key="STATISTICS_EXCLUDEDVALUES"></MDI>
      <MDI key="STATISTICS_MAXIMUM">0.86298143863678</MDI>
      <MDI key="STATISTICS_MEAN">0.85204229626805</MDI>
      <MDI key="STATISTICS_MINIMUM">0.84306389093399</MDI>
      <MDI key="STATISTICS_SKIPFACTORX">1</MDI>
      <MDI key="STATISTICS_SKIPFACTORY">1</MDI>
      <MDI key="STATISTICS_STDDEV">0.0037260113071548</MDI>
    </Metadata>
  </PAMRasterBand>
</PAMDataset>
