<PAMDataset>
  <Metadata>
    <MDI key="DataType">Generic</MDI>
  </Metadata>
  <PAMRasterBand band="1">
    <Histograms>
      <HistItem>
        <HistMin>0.8626717329025269</HistMin>
        <HistMax>0.8776969909667969</HistMax>
        <BucketCount>256</BucketCount>
        <IncludeOutOfRange>1</IncludeOutOfRange>
        <Approximate>0</Approximate>
        <HistCounts>1|1|0|0|0|0|1|0|2|2|0|0|1|2|5|0|1|3|4|3|3|9|6|1|3|2|4|4|8|4|10|11|2|10|4|5|9|3|9|15|15|10|3|17|12|12|17|13|22|12|10|20|21|14|13|16|11|28|12|14|21|18|15|14|16|16|7|15|8|17|17|9|26|16|13|17|9|16|22|11|10|5|13|15|2|11|9|12|8|7|4|10|10|9|4|7|2|3|4|7|3|5|3|10|3|4|5|9|4|9|5|6|4|3|4|6|3|6|15|10|8|5|4|7|3|5|6|3|5|4|6|5|4|7|8|7|5|5|8|6|5|4|4|9|2|2|4|8|8|8|11|8|11|7|8|11|7|4|2|3|9|8|4|10|4|3|9|5|3|6|6|5|3|5|4|10|6|5|5|1|3|4|5|4|8|8|5|7|4|4|6|9|3|6|3|6|10|7|3|7|5|9|9|2|5|9|2|4|0|9|0|2|6|3|8|3|6|4|2|6|1|4|2|3|5|2|1|1|0|0|3|1|1|0|0|1|3|0|0|1|1|0|1|1|1|0|0|0|0|0|0|0|0|0|0|1</HistCounts>
      </HistItem>
    </Histograms>
    <Metadata>
      <MDI key="RepresentationType">ATHEMATIC</MDI>
      <MDI key="STATISTICS_COVARIANCES">1.165224244993856e-05</MDI>
      <MDI key="STATISTICS_EXCLUDEDVALUES"></MDI>
      <MDI key="STATISTICS_MAXIMUM">0.8776969909668</MDI>
      <MDI key="STATISTICS_MEAN">0.86884594779462</MDI>
      <MDI key="STATISTICS_MINIMUM">0.86267173290253</MDI>
      <MDI key="STATISTICS_SKIPFACTORX">1</MDI>
      <MDI key="STATISTICS_SKIPFACTORY">1</MDI>
      <MDI key="STATISTICS_STDDEV">0.0034135381131516</MDI>
    </Metadata>
  </PAMRasterBand>
</PAMDataset>
