<PAMDataset>
  <Metadata>
    <MDI key="DataType">Generic</MDI>
  </Metadata>
  <PAMRasterBand band="1">
    <Histograms>
      <HistItem>
        <HistMin>0.8138076066970825</HistMin>
        <HistMax>0.8343754410743713</HistMax>
        <BucketCount>256</BucketCount>
        <IncludeOutOfRange>1</IncludeOutOfRange>
        <Approximate>0</Approximate>
        <HistCounts>1|0|0|0|1|0|1|1|0|2|1|1|1|2|4|1|0|1|2|1|3|0|5|2|5|3|8|3|2|5|10|6|5|9|8|5|7|4|6|6|10|7|13|6|8|8|11|7|8|10|7|14|10|9|9|9|8|12|2|18|15|11|9|13|15|7|5|20|8|10|8|11|13|16|6|9|13|6|9|10|28|24|14|12|11|10|13|13|15|17|18|15|11|9|11|16|9|19|11|11|12|18|12|7|10|14|13|12|12|14|13|7|9|7|5|4|5|5|4|6|6|4|10|10|5|4|6|9|0|1|3|3|5|4|3|2|3|10|4|3|10|1|4|1|2|4|6|1|2|4|2|4|4|4|3|5|6|5|2|4|9|6|2|4|2|6|5|9|9|11|4|5|8|2|5|9|11|6|9|6|5|5|11|5|14|5|7|12|4|6|3|5|3|6|7|5|3|5|5|7|7|6|7|4|2|3|1|3|5|8|5|0|1|1|3|8|7|3|3|3|4|4|7|5|5|12|7|2|1|1|5|2|6|5|6|2|1|5|4|4|0|1|1|0|5|1|1|1|1|0|1|0|1|0|0|1</HistCounts>
      </HistItem>
    </Histograms>
    <Metadata>
      <MDI key="RepresentationType">ATHEMATIC</MDI>
      <MDI key="STATISTICS_COVARIANCES">2.310382202737273e-05</MDI>
      <MDI key="STATISTICS_EXCLUDEDVALUES"></MDI>
      <MDI key="STATISTICS_MAXIMUM">0.83437544107437</MDI>
      <MDI key="STATISTICS_MEAN">0.82300868105143</MDI>
      <MDI key="STATISTICS_MINIMUM">0.81380760669708</MDI>
      <MDI key="STATISTICS_SKIPFACTORX">1</MDI>
      <MDI key="STATISTICS_SKIPFACTORY">1</MDI>
      <MDI key="STATISTICS_STDDEV">0.0048066435302998</MDI>
    </Metadata>
  </PAMRasterBand>
</PAMDataset>
