<PAMDataset>
  <Metadata>
    <MDI key="DataType">Generic</MDI>
  </Metadata>
  <PAMRasterBand band="1">
    <Histograms>
      <HistItem>
        <HistMin>0.871788501739502</HistMin>
        <HistMax>0.8867791891098022</HistMax>
        <BucketCount>256</BucketCount>
        <IncludeOutOfRange>1</IncludeOutOfRange>
        <Approximate>0</Approximate>
        <HistCounts>1|0|0|0|0|0|0|1|0|2|0|0|0|0|1|0|0|1|0|1|0|0|0|1|3|3|0|1|2|1|2|0|0|3|2|2|2|5|5|1|2|5|6|2|2|9|8|5|5|3|11|6|6|9|8|8|9|11|8|14|11|3|6|7|10|8|10|16|12|12|16|14|15|7|14|17|13|17|15|12|15|15|15|11|16|9|11|5|8|7|12|8|16|9|15|5|9|10|8|10|7|8|6|8|5|11|8|13|9|10|7|15|5|10|9|11|12|9|6|6|12|10|14|9|8|8|8|8|12|11|12|11|16|14|13|9|6|20|14|13|8|11|18|13|19|12|14|10|9|16|12|15|11|12|12|11|14|14|17|10|15|12|9|17|11|8|8|15|13|9|8|8|12|11|10|8|9|2|4|5|6|5|7|6|5|1|2|2|8|8|5|3|2|1|1|2|4|4|3|3|1|1|2|3|2|0|3|0|1|1|3|0|1|2|2|1|0|0|1|3|0|1|1|0|1|0|0|2|0|1|0|0|0|1|0|0|0|1|0|0|0|0|0|0|0|0|1|0|0|1|2|0|0|1|0|1</HistCounts>
      </HistItem>
    </Histograms>
    <Metadata>
      <MDI key="RepresentationType">ATHEMATIC</MDI>
      <MDI key="STATISTICS_COVARIANCES">7.097148205543794e-06</MDI>
      <MDI key="STATISTICS_EXCLUDEDVALUES"></MDI>
      <MDI key="STATISTICS_MAXIMUM">0.8867791891098</MDI>
      <MDI key="STATISTICS_MEAN">0.87870546620339</MDI>
      <MDI key="STATISTICS_MINIMUM">0.8717885017395</MDI>
      <MDI key="STATISTICS_SKIPFACTORX">1</MDI>
      <MDI key="STATISTICS_SKIPFACTORY">1</MDI>
      <MDI key="STATISTICS_STDDEV">0.0026640473354548</MDI>
    </Metadata>
  </PAMRasterBand>
</PAMDataset>
