<PAMDataset>
  <Metadata>
    <MDI key="DataType">Generic</MDI>
  </Metadata>
  <PAMRasterBand band="1">
    <Histograms>
      <HistItem>
        <HistMin>0.831327497959137</HistMin>
        <HistMax>0.8473485708236694</HistMax>
        <BucketCount>256</BucketCount>
        <IncludeOutOfRange>1</IncludeOutOfRange>
        <Approximate>0</Approximate>
        <HistCounts>2|1|0|0|0|0|0|0|0|1|0|0|0|0|0|1|0|1|1|4|2|3|2|4|1|4|6|2|1|3|6|3|9|2|7|12|2|2|3|6|6|12|8|10|10|18|4|9|10|16|11|11|4|12|12|27|19|24|14|14|10|19|12|13|11|24|19|15|14|15|20|8|12|21|16|15|11|25|12|16|13|13|6|15|5|9|9|4|6|11|10|8|9|10|11|8|8|5|7|13|10|7|7|7|8|7|7|4|9|5|8|5|4|5|4|4|5|3|8|4|8|5|3|4|7|2|4|8|5|6|7|3|5|4|5|2|6|3|6|6|4|3|7|7|5|3|7|5|6|5|13|5|6|7|7|6|5|7|16|6|14|6|8|5|4|5|8|5|14|7|9|6|5|3|6|6|5|3|8|12|5|6|11|6|13|1|10|3|8|7|8|3|5|3|10|3|9|3|10|8|8|4|9|2|7|7|4|6|4|3|10|5|5|3|4|6|6|3|2|7|2|2|3|2|1|2|3|5|2|2|2|2|0|0|2|1|0|0|1|1|4|2|1|0|1|0|0|0|0|0|1|1|0|0|0|1</HistCounts>
      </HistItem>
    </Histograms>
    <Metadata>
      <MDI key="RepresentationType">ATHEMATIC</MDI>
      <MDI key="STATISTICS_COVARIANCES">1.322386871805856e-05</MDI>
      <MDI key="STATISTICS_EXCLUDEDVALUES"></MDI>
      <MDI key="STATISTICS_MAXIMUM">0.84734857082367</MDI>
      <MDI key="STATISTICS_MEAN">0.83838865958154</MDI>
      <MDI key="STATISTICS_MINIMUM">0.83132749795914</MDI>
      <MDI key="STATISTICS_SKIPFACTORX">1</MDI>
      <MDI key="STATISTICS_SKIPFACTORY">1</MDI>
      <MDI key="STATISTICS_STDDEV">0.0036364637655363</MDI>
    </Metadata>
  </PAMRasterBand>
</PAMDataset>
