<PAMDataset>
  <Metadata>
    <MDI key="DataType">Generic</MDI>
  </Metadata>
  <PAMRasterBand band="1">
    <Histograms>
      <HistItem>
        <HistMin>0.8601694107055664</HistMin>
        <HistMax>0.8736144304275513</HistMax>
        <BucketCount>256</BucketCount>
        <IncludeOutOfRange>1</IncludeOutOfRange>
        <Approximate>0</Approximate>
        <HistCounts>1|1|0|1|1|2|1|1|0|0|2|1|2|2|6|3|4|1|5|1|4|8|4|6|0|6|1|8|5|7|3|9|4|3|6|8|18|7|8|4|18|10|17|5|7|18|10|14|11|15|18|14|8|12|8|8|11|13|15|14|17|13|9|15|21|10|14|10|8|16|13|7|8|8|12|8|15|5|4|14|9|15|6|9|15|12|18|5|5|12|8|6|7|4|4|19|12|8|10|3|9|7|6|6|11|19|14|13|13|13|9|3|16|9|21|15|13|13|12|17|8|15|11|6|11|7|20|8|18|12|11|16|11|21|4|12|17|6|16|6|12|11|7|19|10|11|8|13|10|3|12|8|8|3|7|6|6|5|1|5|6|4|7|4|5|6|8|0|4|3|1|3|0|2|9|4|4|3|3|0|4|1|1|5|1|9|1|4|0|0|2|0|0|1|0|1|3|5|0|2|1|1|1|4|1|1|0|3|0|1|0|0|2|0|0|1|1|1|2|0|0|2|0|0|0|0|0|0|0|1|0|2|1|1|0|1|0|0|0|0|0|0|0|0|0|0|0|0|0|0|1|0|0|0|0|1</HistCounts>
      </HistItem>
    </Histograms>
    <Metadata>
      <MDI key="RepresentationType">ATHEMATIC</MDI>
      <MDI key="STATISTICS_COVARIANCES">5.988678842623109e-06</MDI>
      <MDI key="STATISTICS_EXCLUDEDVALUES"></MDI>
      <MDI key="STATISTICS_MAXIMUM">0.87361443042755</MDI>
      <MDI key="STATISTICS_MEAN">0.86535318650305</MDI>
      <MDI key="STATISTICS_MINIMUM">0.86016941070557</MDI>
      <MDI key="STATISTICS_SKIPFACTORX">1</MDI>
      <MDI key="STATISTICS_SKIPFACTORY">1</MDI>
      <MDI key="STATISTICS_STDDEV">0.0024471777300848</MDI>
    </Metadata>
  </PAMRasterBand>
</PAMDataset>
