<PAMDataset>
  <Metadata>
    <MDI key="DataType">Generic</MDI>
  </Metadata>
  <PAMRasterBand band="1">
    <Histograms>
      <HistItem>
        <HistMin>0.8544374108314514</HistMin>
        <HistMax>0.8708615303039551</HistMax>
        <BucketCount>256</BucketCount>
        <IncludeOutOfRange>1</IncludeOutOfRange>
        <Approximate>0</Approximate>
        <HistCounts>1|0|1|0|0|0|1|0|0|1|2|1|2|0|2|4|1|3|5|1|3|2|2|4|3|1|3|3|3|4|1|5|5|5|3|12|11|9|10|10|7|11|9|4|10|13|11|8|12|6|10|8|16|10|13|11|14|14|13|13|11|19|9|12|9|14|8|14|12|14|8|5|15|13|13|7|10|9|10|13|14|9|26|7|11|9|15|10|9|7|11|6|13|13|10|15|8|12|10|17|11|7|7|13|11|12|8|15|6|11|3|8|9|4|5|3|12|8|8|8|12|15|8|5|12|4|8|9|9|3|6|8|6|7|4|10|5|11|8|5|10|12|10|4|9|9|12|7|6|4|5|10|9|6|5|7|3|11|12|8|6|1|4|3|9|6|6|5|9|8|6|7|4|5|7|6|7|5|4|3|6|5|5|2|3|0|3|6|3|6|1|3|4|5|5|5|4|7|1|3|6|6|3|2|10|7|4|5|4|3|5|1|5|5|2|4|4|5|3|4|1|3|1|5|6|4|0|3|1|5|1|2|4|1|1|1|1|0|1|0|1|1|0|0|0|2|0|0|0|0|0|0|0|1|0|1</HistCounts>
      </HistItem>
    </Histograms>
    <Metadata>
      <MDI key="RepresentationType">ATHEMATIC</MDI>
      <MDI key="STATISTICS_COVARIANCES">1.251309448060279e-05</MDI>
      <MDI key="STATISTICS_EXCLUDEDVALUES"></MDI>
      <MDI key="STATISTICS_MAXIMUM">0.87086153030396</MDI>
      <MDI key="STATISTICS_MEAN">0.86152236707509</MDI>
      <MDI key="STATISTICS_MINIMUM">0.85443741083145</MDI>
      <MDI key="STATISTICS_SKIPFACTORX">1</MDI>
      <MDI key="STATISTICS_SKIPFACTORY">1</MDI>
      <MDI key="STATISTICS_STDDEV">0.0035373852604152</MDI>
    </Metadata>
  </PAMRasterBand>
</PAMDataset>
