<PAMDataset>
  <Metadata>
    <MDI key="DataType">Generic</MDI>
  </Metadata>
  <PAMRasterBand band="1">
    <Histograms>
      <HistItem>
        <HistMin>0.8643811941146851</HistMin>
        <HistMax>0.8810130953788757</HistMax>
        <BucketCount>256</BucketCount>
        <IncludeOutOfRange>1</IncludeOutOfRange>
        <Approximate>0</Approximate>
        <HistCounts>1|0|0|0|0|0|0|0|1|0|0|1|0|0|0|0|0|0|0|0|2|0|0|1|0|2|1|2|0|3|0|1|2|3|1|1|3|0|2|1|3|2|3|1|4|2|1|0|5|7|2|3|6|6|6|5|6|12|14|5|15|10|4|9|8|13|8|18|15|18|19|18|18|19|14|16|21|21|18|19|31|15|16|22|25|19|15|19|18|24|13|14|19|19|17|11|15|17|18|15|9|10|14|18|8|5|7|10|7|14|2|7|6|5|9|3|8|5|5|6|5|6|3|5|9|4|4|5|12|3|6|8|3|3|5|3|5|6|6|4|3|4|7|7|5|11|7|4|6|6|8|4|6|14|2|7|11|8|6|9|8|6|2|3|10|6|8|4|5|12|3|0|4|6|4|9|3|2|8|4|4|10|5|11|6|4|9|4|2|5|6|6|3|13|7|7|7|4|11|3|10|5|3|6|7|5|5|3|4|5|3|3|6|5|8|5|2|9|4|2|4|8|2|2|4|3|5|2|5|3|6|4|2|0|3|0|4|4|3|0|3|3|3|2|2|1|0|0|3|1|0|0|0|0|1|1</HistCounts>
      </HistItem>
    </Histograms>
    <Metadata>
      <MDI key="RepresentationType">ATHEMATIC</MDI>
      <MDI key="STATISTICS_COVARIANCES">1.240882357792993e-05</MDI>
      <MDI key="STATISTICS_EXCLUDEDVALUES"></MDI>
      <MDI key="STATISTICS_MAXIMUM">0.88101309537888</MDI>
      <MDI key="STATISTICS_MEAN">0.87226308405399</MDI>
      <MDI key="STATISTICS_MINIMUM">0.86438119411469</MDI>
      <MDI key="STATISTICS_SKIPFACTORX">1</MDI>
      <MDI key="STATISTICS_SKIPFACTORY">1</MDI>
      <MDI key="STATISTICS_STDDEV">0.0035226160134096</MDI>
    </Metadata>
  </PAMRasterBand>
</PAMDataset>
