<PAMDataset>
  <Metadata>
    <MDI key="DataType">Generic</MDI>
  </Metadata>
  <PAMRasterBand band="1">
    <Histograms>
      <HistItem>
        <HistMin>0.8555236458778381</HistMin>
        <HistMax>0.8693307042121887</HistMax>
        <BucketCount>256</BucketCount>
        <IncludeOutOfRange>1</IncludeOutOfRange>
        <Approximate>0</Approximate>
        <HistCounts>1|0|0|0|0|1|0|2|1|0|0|2|0|0|0|0|1|0|0|3|1|1|0|0|2|1|3|3|3|4|5|6|5|0|2|1|10|7|4|2|3|9|4|7|6|5|11|3|3|4|5|15|21|10|12|7|6|19|10|5|7|16|18|15|16|14|15|15|10|10|10|19|17|20|9|8|13|16|18|18|15|14|14|20|14|12|15|22|27|19|14|24|11|19|13|11|22|18|24|11|14|11|12|12|12|18|10|18|17|16|11|9|13|9|12|12|15|8|19|7|10|4|11|12|11|8|10|8|7|12|2|4|5|4|2|3|9|7|3|5|6|4|6|1|2|7|3|6|4|6|2|2|3|3|3|5|5|3|6|3|8|6|2|2|4|4|2|2|4|5|3|4|6|4|4|2|4|2|1|4|6|5|5|3|4|5|6|2|5|1|11|4|4|2|2|4|4|1|2|9|6|11|5|2|2|5|4|3|5|6|6|6|3|3|5|6|5|2|1|1|3|3|2|1|0|3|1|2|1|0|0|0|1|0|1|2|0|0|0|1|0|2|0|0|0|0|0|0|0|0|0|0|0|0|0|1</HistCounts>
      </HistItem>
    </Histograms>
    <Metadata>
      <MDI key="RepresentationType">ATHEMATIC</MDI>
      <MDI key="STATISTICS_COVARIANCES">6.978058622944224e-06</MDI>
      <MDI key="STATISTICS_EXCLUDEDVALUES"></MDI>
      <MDI key="STATISTICS_MAXIMUM">0.86933070421219</MDI>
      <MDI key="STATISTICS_MEAN">0.86130085676909</MDI>
      <MDI key="STATISTICS_MINIMUM">0.85552364587784</MDI>
      <MDI key="STATISTICS_SKIPFACTORX">1</MDI>
      <MDI key="STATISTICS_SKIPFACTORY">1</MDI>
      <MDI key="STATISTICS_STDDEV">0.0026416015261474</MDI>
    </Metadata>
  </PAMRasterBand>
</PAMDataset>
