<PAMDataset>
  <PAMRasterBand band="1">
    <Histograms>
      <HistItem>
        <HistMin>0.812683112411735</HistMin>
        <HistMax>0.8254074399681277</HistMax>
        <BucketCount>256</BucketCount>
        <IncludeOutOfRange>1</IncludeOutOfRange>
        <Approximate>0</Approximate>
        <HistCounts>1|0|0|1|1|1|0|1|0|0|0|0|1|2|1|0|0|0|1|1|1|0|1|0|0|0|1|0|0|0|0|1|0|3|0|2|2|3|1|1|0|3|3|1|1|0|4|1|1|1|4|3|2|4|4|2|1|6|10|5|0|4|0|4|9|2|0|2|0|3|8|3|12|9|3|4|6|5|3|5|6|11|8|4|6|12|12|15|9|14|7|7|9|12|23|12|13|15|16|8|10|16|14|8|12|16|11|9|8|17|24|10|18|7|19|14|29|21|21|7|19|23|11|20|11|19|8|14|10|19|6|15|17|17|14|10|23|9|12|12|9|11|12|10|13|19|15|11|12|8|7|10|11|15|10|12|6|6|13|7|11|8|15|8|8|10|0|15|4|11|9|13|7|6|7|6|9|6|7|4|8|4|4|4|13|9|6|6|4|5|7|10|5|12|6|6|7|4|6|3|7|3|7|2|4|2|4|2|6|1|3|2|1|8|0|11|3|4|1|6|6|2|3|2|4|0|3|0|7|2|2|0|3|0|1|0|0|4|0|4|1|1|0|2|0|0|0|1|0|0|0|0|0|0|0|1</HistCounts>
      </HistItem>
    </Histograms>
    <Metadata>
      <MDI key="RepresentationType">ATHEMATIC</MDI>
      <MDI key="STATISTICS_COVARIANCES">4.95295741836046e-06</MDI>
      <MDI key="STATISTICS_EXCLUDEDVALUES"></MDI>
      <MDI key="STATISTICS_MAXIMUM">0.82540743996813</MDI>
      <MDI key="STATISTICS_MEAN">0.81926856345329</MDI>
      <MDI key="STATISTICS_MINIMUM">0.81268311241173</MDI>
      <MDI key="STATISTICS_SKIPFACTORX">1</MDI>
      <MDI key="STATISTICS_SKIPFACTORY">1</MDI>
      <MDI key="STATISTICS_STDDEV">0.0022255240772367</MDI>
    </Metadata>
  </PAMRasterBand>
</PAMDataset>
