<PAMDataset>
  <Metadata>
    <MDI key="DataType">Generic</MDI>
  </Metadata>
  <PAMRasterBand band="1">
    <Histograms>
      <HistItem>
        <HistMin>0.8540650606155396</HistMin>
        <HistMax>0.8801388144493103</HistMax>
        <BucketCount>256</BucketCount>
        <IncludeOutOfRange>1</IncludeOutOfRange>
        <Approximate>0</Approximate>
        <HistCounts>1|1|0|0|1|0|0|0|0|0|0|1|0|0|0|0|1|0|0|0|0|0|1|0|1|0|0|0|0|0|0|0|1|0|0|0|0|0|0|0|0|0|0|1|0|0|0|0|0|1|0|1|0|1|0|0|0|0|0|0|0|0|0|0|0|0|0|0|2|0|1|0|1|0|0|0|1|0|1|0|0|2|1|0|0|1|0|1|0|1|0|0|1|0|0|0|0|0|0|0|2|0|0|0|0|3|3|0|0|0|1|1|0|1|0|1|1|0|0|1|1|1|1|3|1|0|0|0|3|1|2|2|5|3|1|4|1|1|4|2|3|5|0|10|1|8|10|15|12|10|12|13|16|6|12|23|16|19|16|14|24|28|28|16|22|25|21|41|24|35|22|20|45|27|30|27|31|32|33|29|31|45|25|25|35|18|32|22|22|20|23|20|23|20|16|15|18|14|23|10|12|11|17|15|9|5|12|21|9|6|11|11|4|9|8|8|8|4|9|14|8|8|3|7|4|7|8|2|9|3|5|1|5|3|3|1|1|0|1|1|1|0|1|0|0|0|0|0|1|0|0|0|0|0|0|1</HistCounts>
      </HistItem>
    </Histograms>
    <Metadata>
      <MDI key="RepresentationType">ATHEMATIC</MDI>
      <MDI key="STATISTICS_COVARIANCES">8.08332904155396e-06</MDI>
      <MDI key="STATISTICS_EXCLUDEDVALUES"></MDI>
      <MDI key="STATISTICS_MAXIMUM">0.88013881444931</MDI>
      <MDI key="STATISTICS_MEAN">0.87224768772721</MDI>
      <MDI key="STATISTICS_MINIMUM">0.85406506061554</MDI>
      <MDI key="STATISTICS_SKIPFACTORX">1</MDI>
      <MDI key="STATISTICS_SKIPFACTORY">1</MDI>
      <MDI key="STATISTICS_STDDEV">0.0028431195967729</MDI>
    </Metadata>
  </PAMRasterBand>
</PAMDataset>
