<PAMDataset>
  <Metadata>
    <MDI key="DataType">Generic</MDI>
  </Metadata>
  <PAMRasterBand band="1">
    <Histograms>
      <HistItem>
        <HistMin>0.8147138357162476</HistMin>
        <HistMax>0.8356488943099976</HistMax>
        <BucketCount>256</BucketCount>
        <IncludeOutOfRange>1</IncludeOutOfRange>
        <Approximate>0</Approximate>
        <HistCounts>1|0|0|0|0|0|0|1|0|0|0|0|0|0|0|1|0|0|0|0|0|0|0|2|1|1|0|0|0|0|0|0|0|0|0|0|0|0|1|0|0|0|0|2|0|0|0|1|1|1|1|2|1|0|0|2|1|0|3|0|0|0|1|1|1|3|3|1|1|1|0|0|1|3|2|2|0|7|3|1|4|5|6|7|2|9|11|10|7|7|10|9|13|11|14|11|9|13|12|13|6|9|16|14|7|18|20|14|18|13|17|12|20|16|16|17|14|12|19|27|23|24|20|11|18|23|14|12|17|21|26|11|18|14|23|18|24|16|23|18|22|27|18|15|16|20|21|12|16|20|16|22|18|14|18|14|14|17|23|18|10|16|16|18|7|8|16|11|12|9|14|10|7|6|11|9|9|6|12|4|8|5|7|6|4|2|1|4|2|3|4|4|3|1|3|3|3|2|2|5|1|4|1|1|0|0|5|2|0|3|3|0|2|1|0|1|1|1|1|2|0|1|1|0|1|0|0|1|1|1|0|0|0|1|0|0|0|1|0|0|0|0|0|0|0|0|1|0|0|0|0|0|0|0|0|2</HistCounts>
      </HistItem>
    </Histograms>
    <Metadata>
      <MDI key="RepresentationType">ATHEMATIC</MDI>
      <MDI key="STATISTICS_COVARIANCES">7.199534277938338e-06</MDI>
      <MDI key="STATISTICS_EXCLUDEDVALUES"></MDI>
      <MDI key="STATISTICS_MAXIMUM">0.83564889431</MDI>
      <MDI key="STATISTICS_MEAN">0.82570963021368</MDI>
      <MDI key="STATISTICS_MINIMUM">0.81471383571625</MDI>
      <MDI key="STATISTICS_SKIPFACTORX">1</MDI>
      <MDI key="STATISTICS_SKIPFACTORY">1</MDI>
      <MDI key="STATISTICS_STDDEV">0.002683194789414</MDI>
    </Metadata>
  </PAMRasterBand>
</PAMDataset>
