<PAMDataset>
  <Metadata>
    <MDI key="DataType">Generic</MDI>
  </Metadata>
  <PAMRasterBand band="1">
    <Histograms>
      <HistItem>
        <HistMin>0.8740475177764893</HistMin>
        <HistMax>0.8878473043441772</HistMax>
        <BucketCount>256</BucketCount>
        <IncludeOutOfRange>1</IncludeOutOfRange>
        <Approximate>0</Approximate>
        <HistCounts>1|0|0|0|0|0|1|0|0|1|0|1|0|0|0|0|0|0|3|1|0|0|0|0|0|3|1|0|0|1|1|0|0|0|1|1|0|1|2|0|1|1|1|1|1|3|2|1|4|3|2|4|2|1|1|9|6|3|4|7|7|13|5|4|5|9|12|14|10|10|12|17|13|7|12|13|12|19|16|21|23|16|20|21|11|22|21|11|14|20|23|19|24|10|30|22|20|15|16|27|19|19|20|19|22|14|11|17|29|22|10|14|14|10|15|10|16|14|13|19|13|9|8|15|18|9|11|8|9|6|12|8|6|12|9|5|7|7|5|6|7|5|7|11|3|6|3|6|7|3|3|4|4|7|6|4|5|4|2|4|7|0|6|1|7|3|8|2|3|3|1|7|1|5|4|2|9|4|2|5|4|1|4|12|4|4|2|0|3|9|9|3|7|5|4|3|4|4|6|6|7|4|1|3|1|0|4|5|2|10|3|3|1|1|4|3|2|2|6|8|6|2|3|1|4|4|5|3|4|2|1|0|0|1|2|0|1|6|3|1|0|0|0|0|0|0|2|0|0|0|0|0|0|0|1|1</HistCounts>
      </HistItem>
    </Histograms>
    <Metadata>
      <MDI key="RepresentationType">ATHEMATIC</MDI>
      <MDI key="STATISTICS_COVARIANCES">6.18628018863105e-06</MDI>
      <MDI key="STATISTICS_EXCLUDEDVALUES"></MDI>
      <MDI key="STATISTICS_MAXIMUM">0.88784730434418</MDI>
      <MDI key="STATISTICS_MEAN">0.88039145898074</MDI>
      <MDI key="STATISTICS_MINIMUM">0.87404751777649</MDI>
      <MDI key="STATISTICS_SKIPFACTORX">1</MDI>
      <MDI key="STATISTICS_SKIPFACTORY">1</MDI>
      <MDI key="STATISTICS_STDDEV">0.0024872233893704</MDI>
    </Metadata>
  </PAMRasterBand>
</PAMDataset>
