<PAMDataset>
  <Metadata>
    <MDI key="DataType">Generic</MDI>
  </Metadata>
  <PAMRasterBand band="1">
    <Histograms>
      <HistItem>
        <HistMin>0.7522773742675781</HistMin>
        <HistMax>0.7677531242370605</HistMax>
        <BucketCount>256</BucketCount>
        <IncludeOutOfRange>1</IncludeOutOfRange>
        <Approximate>0</Approximate>
        <HistCounts>1|0|0|0|0|0|0|0|0|0|0|0|0|0|0|0|0|0|0|0|1|0|0|0|0|0|0|0|0|0|1|0|0|0|0|0|0|0|0|0|0|0|0|0|2|0|3|0|1|0|1|0|3|0|0|0|6|1|1|2|2|1|4|0|3|0|5|1|4|0|8|1|4|1|4|1|6|3|8|0|3|0|2|1|16|3|8|1|8|1|8|5|13|1|14|0|17|0|14|0|10|6|21|1|17|6|12|4|15|7|21|1|19|4|20|1|15|4|34|5|30|3|30|3|26|5|49|0|31|2|33|4|30|6|48|4|43|2|35|3|37|6|36|10|34|2|39|7|33|3|31|3|31|0|20|2|19|5|41|2|36|4|23|2|28|2|27|5|20|2|24|3|17|3|25|2|20|0|18|4|16|2|21|2|14|0|10|0|6|2|11|2|6|1|5|1|5|1|6|1|7|0|7|3|6|2|2|1|0|2|2|0|2|0|3|0|0|0|2|0|3|1|7|1|2|0|0|0|1|0|2|0|0|0|0|0|0|0|0|0|1|0|0|0|0|0|0|0|0|0|0|0|0|0|0|1</HistCounts>
      </HistItem>
    </Histograms>
    <Metadata>
      <MDI key="RepresentationType">ATHEMATIC</MDI>
      <MDI key="STATISTICS_COVARIANCES">4.208799339120256e-06</MDI>
      <MDI key="STATISTICS_EXCLUDEDVALUES"></MDI>
      <MDI key="STATISTICS_MAXIMUM">0.76775312423706</MDI>
      <MDI key="STATISTICS_MEAN">0.76071570109576</MDI>
      <MDI key="STATISTICS_MINIMUM">0.75227737426758</MDI>
      <MDI key="STATISTICS_SKIPFACTORX">1</MDI>
      <MDI key="STATISTICS_SKIPFACTORY">1</MDI>
      <MDI key="STATISTICS_STDDEV">0.0020515358488509</MDI>
    </Metadata>
  </PAMRasterBand>
</PAMDataset>
