<PAMDataset>
  <PAMRasterBand band="1">
    <Histograms>
      <HistItem>
        <HistMin>0.8623068043579414</HistMin>
        <HistMax>0.8746839182719456</HistMax>
        <BucketCount>256</BucketCount>
        <IncludeOutOfRange>1</IncludeOutOfRange>
        <Approximate>0</Approximate>
        <HistCounts>4|0|0|2|1|0|0|1|0|2|4|0|2|1|2|0|1|1|1|0|0|1|3|4|1|4|4|0|2|4|2|0|5|2|4|7|6|9|2|3|2|7|7|3|2|1|2|7|8|8|11|12|10|12|11|7|9|11|5|10|12|14|24|16|9|13|11|6|12|16|10|7|10|15|17|11|21|26|16|13|9|16|21|17|17|12|18|16|17|13|18|11|9|17|13|11|11|14|15|21|15|15|14|6|8|13|12|16|15|15|7|16|11|12|14|13|14|7|8|10|5|14|7|10|12|4|5|15|7|3|7|5|4|9|4|9|4|4|4|9|4|7|4|3|3|3|3|7|4|4|7|11|4|6|9|5|0|3|6|7|4|5|5|1|2|5|4|10|7|4|9|4|3|4|3|4|8|7|8|10|7|10|7|2|6|4|3|10|3|2|7|9|4|9|3|5|5|1|7|2|1|3|3|1|2|2|4|7|7|6|2|3|3|2|0|2|2|1|3|3|5|3|5|2|5|1|0|2|2|0|2|1|1|3|2|0|0|0|0|1|0|2|2|0|0|0|1|0|1|1|0|0|0|0|0|1</HistCounts>
      </HistItem>
    </Histograms>
    <Metadata>
      <MDI key="RepresentationType">ATHEMATIC</MDI>
      <MDI key="STATISTICS_COVARIANCES">6.147912131101448e-06</MDI>
      <MDI key="STATISTICS_EXCLUDEDVALUES"></MDI>
      <MDI key="STATISTICS_MAXIMUM">0.87468391827195</MDI>
      <MDI key="STATISTICS_MEAN">0.86764085581397</MDI>
      <MDI key="STATISTICS_MINIMUM">0.86230680435794</MDI>
      <MDI key="STATISTICS_SKIPFACTORX">1</MDI>
      <MDI key="STATISTICS_SKIPFACTORY">1</MDI>
      <MDI key="STATISTICS_STDDEV">0.0024794983627947</MDI>
    </Metadata>
  </PAMRasterBand>
</PAMDataset>
