<PAMDataset>
  <Metadata>
    <MDI key="DataType">Generic</MDI>
  </Metadata>
  <PAMRasterBand band="1">
    <Histograms>
      <HistItem>
        <HistMin>0.8769947290420532</HistMin>
        <HistMax>0.8913342952728271</HistMax>
        <BucketCount>256</BucketCount>
        <IncludeOutOfRange>1</IncludeOutOfRange>
        <Approximate>0</Approximate>
        <HistCounts>1|0|0|0|0|0|0|0|1|0|0|0|0|0|0|0|0|0|0|0|0|0|0|0|1|0|0|0|0|0|0|1|1|1|1|1|2|1|0|0|1|1|0|0|2|1|0|2|3|2|7|4|5|5|9|1|2|5|8|2|5|4|20|15|6|5|17|13|6|9|9|20|6|15|11|13|13|16|13|14|25|21|18|18|22|17|19|15|24|26|28|19|26|25|26|22|24|45|18|21|20|17|29|17|23|16|17|19|17|13|21|17|9|6|16|12|14|9|9|6|12|11|8|15|7|10|19|4|7|6|7|9|5|6|8|3|6|3|10|5|5|5|3|7|7|10|5|9|1|3|2|4|3|4|6|5|2|4|3|3|1|6|1|1|6|3|3|5|5|5|4|6|9|12|3|2|4|10|4|6|3|7|7|6|5|0|5|8|4|8|5|5|4|3|7|9|6|6|4|5|2|4|1|4|4|2|2|3|1|5|3|3|3|5|1|0|1|2|3|3|3|3|3|1|2|0|3|0|1|2|1|1|0|0|0|1|0|0|1|0|0|2|0|1|0|0|0|0|0|0|0|0|0|0|0|1</HistCounts>
      </HistItem>
    </Histograms>
    <Metadata>
      <MDI key="RepresentationType">ATHEMATIC</MDI>
      <MDI key="STATISTICS_COVARIANCES">5.828753227502056e-06</MDI>
      <MDI key="STATISTICS_EXCLUDEDVALUES"></MDI>
      <MDI key="STATISTICS_MAXIMUM">0.89133429527283</MDI>
      <MDI key="STATISTICS_MEAN">0.88340941257775</MDI>
      <MDI key="STATISTICS_MINIMUM">0.87699472904205</MDI>
      <MDI key="STATISTICS_SKIPFACTORX">1</MDI>
      <MDI key="STATISTICS_SKIPFACTORY">1</MDI>
      <MDI key="STATISTICS_STDDEV">0.0024142810995205</MDI>
    </Metadata>
  </PAMRasterBand>
</PAMDataset>
