<PAMDataset>
  <Metadata>
    <MDI key="DataType">Generic</MDI>
  </Metadata>
  <PAMRasterBand band="1">
    <Histograms>
      <HistItem>
        <HistMin>0.8612656593322754</HistMin>
        <HistMax>0.8754028081893921</HistMax>
        <BucketCount>256</BucketCount>
        <IncludeOutOfRange>1</IncludeOutOfRange>
        <Approximate>0</Approximate>
        <HistCounts>1|0|1|0|0|0|0|0|0|0|0|0|0|0|1|1|1|1|0|0|0|1|0|2|1|5|0|2|1|3|2|0|0|2|2|4|2|3|2|2|3|2|3|0|6|2|6|2|2|5|2|1|1|10|5|3|4|5|13|9|7|7|8|7|6|3|7|11|10|8|10|10|7|1|15|7|14|12|8|11|10|10|10|12|12|7|19|10|11|17|4|18|13|11|11|16|16|12|13|14|15|15|14|11|19|28|22|9|15|18|23|23|20|21|21|15|16|15|24|16|13|9|27|19|13|13|22|9|12|8|11|5|18|5|8|6|8|15|3|5|11|5|11|6|5|6|4|8|5|3|6|4|3|0|2|8|8|7|4|4|4|3|3|4|5|8|5|5|4|3|5|5|4|3|5|4|7|1|4|3|5|9|6|1|5|7|9|1|3|8|3|3|6|4|5|1|3|13|9|5|5|10|8|2|2|1|9|6|4|5|2|10|3|5|7|2|3|4|4|4|2|5|5|4|8|3|0|5|1|3|4|2|1|3|6|1|1|0|2|1|2|3|4|1|0|4|0|0|0|1|1|0|0|0|1|1</HistCounts>
      </HistItem>
    </Histograms>
    <Metadata>
      <MDI key="RepresentationType">ATHEMATIC</MDI>
      <MDI key="STATISTICS_COVARIANCES">7.615362958601359e-06</MDI>
      <MDI key="STATISTICS_EXCLUDEDVALUES"></MDI>
      <MDI key="STATISTICS_MAXIMUM">0.87540280818939</MDI>
      <MDI key="STATISTICS_MEAN">0.86810386467725</MDI>
      <MDI key="STATISTICS_MINIMUM">0.86126565933228</MDI>
      <MDI key="STATISTICS_SKIPFACTORX">1</MDI>
      <MDI key="STATISTICS_SKIPFACTORY">1</MDI>
      <MDI key="STATISTICS_STDDEV">0.0027595947091197</MDI>
    </Metadata>
  </PAMRasterBand>
</PAMDataset>
