<PAMDataset>
  <Metadata>
    <MDI key="DataType">Generic</MDI>
  </Metadata>
  <PAMRasterBand band="1">
    <Histograms>
      <HistItem>
        <HistMin>0.8379842042922974</HistMin>
        <HistMax>0.8523483276367188</HistMax>
        <BucketCount>256</BucketCount>
        <IncludeOutOfRange>1</IncludeOutOfRange>
        <Approximate>0</Approximate>
        <HistCounts>1|0|0|0|0|0|0|0|0|0|0|0|0|0|0|0|1|0|1|0|1|1|2|0|1|2|3|0|1|2|2|1|2|2|2|3|2|4|2|1|1|6|4|7|1|7|4|9|8|6|1|8|10|9|9|10|12|11|12|9|19|12|10|14|20|16|10|11|13|16|16|12|16|14|13|16|15|15|12|16|30|20|18|20|15|17|20|18|18|16|11|33|22|12|20|10|23|28|12|15|14|17|21|19|16|17|20|24|15|10|11|13|10|11|6|9|9|2|8|9|12|11|9|13|11|8|10|10|10|8|6|11|7|10|7|7|11|10|6|11|3|9|14|5|6|7|6|12|9|3|5|5|7|4|4|5|3|9|10|6|9|7|10|2|9|7|7|5|6|6|6|4|1|6|6|2|2|9|7|3|4|4|0|3|2|5|2|1|2|1|3|1|3|1|0|1|1|1|2|1|1|1|1|1|0|2|1|0|1|0|2|1|0|0|1|0|2|0|0|0|0|1|3|0|0|0|0|1|0|0|0|0|0|0|1|0|0|0|1|0|0|0|0|0|0|0|0|0|0|0|0|0|0|0|0|1</HistCounts>
      </HistItem>
    </Histograms>
    <Metadata>
      <MDI key="RepresentationType">ATHEMATIC</MDI>
      <MDI key="STATISTICS_COVARIANCES">4.929757590964339e-06</MDI>
      <MDI key="STATISTICS_EXCLUDEDVALUES"></MDI>
      <MDI key="STATISTICS_MAXIMUM">0.85234832763672</MDI>
      <MDI key="STATISTICS_MEAN">0.84382823735476</MDI>
      <MDI key="STATISTICS_MINIMUM">0.8379842042923</MDI>
      <MDI key="STATISTICS_SKIPFACTORX">1</MDI>
      <MDI key="STATISTICS_SKIPFACTORY">1</MDI>
      <MDI key="STATISTICS_STDDEV">0.002220305742677</MDI>
    </Metadata>
  </PAMRasterBand>
</PAMDataset>
