<PAMDataset>
  <Metadata>
    <MDI key="DataType">Generic</MDI>
  </Metadata>
  <PAMRasterBand band="1">
    <Histograms>
      <HistItem>
        <HistMin>0.8639583587646484</HistMin>
        <HistMax>0.8781840205192566</HistMax>
        <BucketCount>256</BucketCount>
        <IncludeOutOfRange>1</IncludeOutOfRange>
        <Approximate>0</Approximate>
        <HistCounts>1|0|0|0|0|0|0|0|0|0|0|0|0|0|0|0|0|0|0|0|0|2|0|0|0|1|2|0|0|0|1|1|1|0|0|0|2|1|3|0|2|2|3|2|0|3|1|2|4|2|3|2|8|5|6|3|6|6|11|7|5|12|8|15|6|8|8|9|13|7|8|9|6|23|9|12|10|11|20|14|14|10|17|20|13|17|13|10|15|22|19|17|11|19|18|12|10|12|18|13|23|17|23|12|24|11|14|13|19|16|15|24|12|12|17|22|15|13|19|19|17|9|10|9|8|7|13|9|9|10|15|5|5|6|11|8|14|10|12|10|11|8|5|10|10|8|9|7|8|6|9|3|7|7|5|7|6|6|6|8|6|7|5|5|6|7|7|7|6|5|5|5|7|6|5|7|5|5|9|6|1|6|1|9|5|2|2|2|9|4|4|1|2|5|3|4|4|3|7|4|5|2|4|2|2|4|0|3|6|5|3|1|1|2|6|4|4|4|3|5|2|1|2|0|0|1|3|4|1|3|5|2|2|0|2|4|0|1|0|3|1|0|0|0|0|1|1|1|2|1|0|1|1|0|0|1</HistCounts>
      </HistItem>
    </Histograms>
    <Metadata>
      <MDI key="RepresentationType">ATHEMATIC</MDI>
      <MDI key="STATISTICS_COVARIANCES">6.467629547517238e-06</MDI>
      <MDI key="STATISTICS_EXCLUDEDVALUES"></MDI>
      <MDI key="STATISTICS_MAXIMUM">0.87818402051926</MDI>
      <MDI key="STATISTICS_MEAN">0.87063459191471</MDI>
      <MDI key="STATISTICS_MINIMUM">0.86395835876465</MDI>
      <MDI key="STATISTICS_SKIPFACTORX">1</MDI>
      <MDI key="STATISTICS_SKIPFACTORY">1</MDI>
      <MDI key="STATISTICS_STDDEV">0.0025431534651918</MDI>
    </Metadata>
  </PAMRasterBand>
</PAMDataset>
