<PAMDataset>
  <PAMRasterBand band="1">
    <Histograms>
      <HistItem>
        <HistMin>0.8512652387697536</HistMin>
        <HistMax>0.8666975447153914</HistMax>
        <BucketCount>256</BucketCount>
        <IncludeOutOfRange>1</IncludeOutOfRange>
        <Approximate>0</Approximate>
        <HistCounts>1|0|0|0|0|0|0|0|0|0|1|0|1|0|0|0|0|0|1|2|1|0|1|2|2|0|1|1|1|1|1|3|2|1|3|1|2|2|5|6|4|2|1|3|4|3|4|2|3|1|3|6|3|4|2|8|5|16|4|9|4|6|11|11|4|3|4|9|16|6|11|8|8|11|7|8|13|8|4|13|10|11|14|13|10|14|9|11|11|13|18|12|17|6|8|12|6|11|11|7|13|17|15|6|8|5|10|7|12|9|11|13|16|15|18|17|8|12|17|16|14|12|14|14|16|14|4|13|12|9|17|11|9|5|13|9|10|11|10|9|7|16|10|11|7|14|5|8|10|7|13|9|14|4|13|6|7|7|8|10|7|5|6|6|9|8|7|12|7|9|5|6|7|8|10|5|7|11|8|6|8|6|4|2|10|7|8|9|10|5|3|5|3|5|6|11|2|5|6|4|4|8|5|2|5|6|4|6|3|2|6|2|2|5|6|8|7|5|3|4|2|3|4|4|3|2|5|5|1|3|3|3|0|1|0|5|3|2|0|0|1|2|2|2|0|0|1|1|1|0|0|2|1|0|1|1</HistCounts>
      </HistItem>
    </Histograms>
    <Metadata>
      <MDI key="RepresentationType">ATHEMATIC</MDI>
      <MDI key="STATISTICS_COVARIANCES">9.226958197723496e-06</MDI>
      <MDI key="STATISTICS_EXCLUDEDVALUES"></MDI>
      <MDI key="STATISTICS_MAXIMUM">0.86669754471539</MDI>
      <MDI key="STATISTICS_MEAN">0.8589824265133</MDI>
      <MDI key="STATISTICS_MINIMUM">0.85126523876975</MDI>
      <MDI key="STATISTICS_SKIPFACTORX">1</MDI>
      <MDI key="STATISTICS_SKIPFACTORY">1</MDI>
      <MDI key="STATISTICS_STDDEV">0.0030375908542336</MDI>
    </Metadata>
  </PAMRasterBand>
</PAMDataset>
