<PAMDataset>
  <PAMRasterBand band="1">
    <Histograms>
      <HistItem>
        <HistMin>0.877828077671055</HistMin>
        <HistMax>0.8936064557333013</HistMax>
        <BucketCount>256</BucketCount>
        <IncludeOutOfRange>1</IncludeOutOfRange>
        <Approximate>0</Approximate>
        <HistCounts>1|0|0|0|0|0|0|0|0|0|1|1|0|1|0|1|0|0|0|1|1|1|0|0|1|3|0|2|1|6|3|1|1|1|3|3|2|4|1|4|4|0|4|5|1|8|4|4|10|9|4|8|5|8|3|9|11|13|14|14|10|6|10|13|2|6|13|11|9|10|10|16|19|8|6|18|21|10|9|11|13|23|18|12|10|22|27|17|10|11|10|7|9|18|18|9|14|15|12|13|16|13|6|13|14|13|10|13|15|14|14|15|16|5|16|12|10|19|14|9|12|12|10|14|9|9|7|7|5|14|8|10|2|9|11|5|7|7|7|10|6|3|6|7|7|6|6|10|4|5|10|6|11|3|7|5|6|6|4|8|12|6|4|8|6|3|8|6|3|6|8|7|10|4|5|5|5|3|5|8|5|6|7|4|4|8|4|3|5|7|5|3|4|5|3|6|5|4|2|5|6|0|5|6|1|3|4|5|7|1|6|1|8|0|0|4|3|6|3|4|4|3|4|1|1|1|3|2|1|1|1|0|2|2|4|3|2|3|1|0|1|3|2|5|0|1|3|1|3|1|0|1|0|1|1|2</HistCounts>
      </HistItem>
    </Histograms>
    <Metadata>
      <MDI key="RepresentationType">ATHEMATIC</MDI>
      <MDI key="STATISTICS_COVARIANCES">1.004297359554715e-05</MDI>
      <MDI key="STATISTICS_EXCLUDEDVALUES"></MDI>
      <MDI key="STATISTICS_MAXIMUM">0.8936064557333</MDI>
      <MDI key="STATISTICS_MEAN">0.88512060231157</MDI>
      <MDI key="STATISTICS_MINIMUM">0.87782807767105</MDI>
      <MDI key="STATISTICS_SKIPFACTORX">1</MDI>
      <MDI key="STATISTICS_SKIPFACTORY">1</MDI>
      <MDI key="STATISTICS_STDDEV">0.0031690650980293</MDI>
    </Metadata>
  </PAMRasterBand>
</PAMDataset>
