<PAMDataset>
  <Metadata>
    <MDI key="DataType">Generic</MDI>
  </Metadata>
  <PAMRasterBand band="1">
    <Histograms>
      <HistItem>
        <HistMin>0.8843408823013306</HistMin>
        <HistMax>0.8968133330345154</HistMax>
        <BucketCount>256</BucketCount>
        <IncludeOutOfRange>1</IncludeOutOfRange>
        <Approximate>0</Approximate>
        <HistCounts>1|0|1|0|0|1|1|0|0|0|0|0|0|0|2|2|0|1|1|0|1|2|2|2|1|4|0|2|4|3|2|3|1|2|5|4|6|1|5|5|6|6|6|5|10|14|9|10|8|14|4|9|8|9|15|16|10|13|17|18|15|26|14|18|16|13|16|11|8|21|13|18|13|17|14|16|11|13|7|10|26|17|18|13|11|18|17|14|11|10|15|13|13|21|13|16|15|22|11|10|13|13|13|16|17|12|14|14|19|9|14|7|13|15|14|9|12|6|9|13|13|11|8|5|5|3|11|9|5|4|9|7|11|4|5|3|6|4|3|9|8|5|4|8|4|3|6|3|2|6|5|5|3|7|4|4|3|1|2|6|3|5|4|5|5|4|4|1|4|2|2|0|1|5|3|1|3|4|4|2|1|7|5|2|8|7|0|5|7|4|4|3|4|8|12|7|11|3|3|3|6|5|3|2|4|5|2|4|1|3|2|4|2|4|2|5|3|1|4|4|1|2|0|2|3|0|1|2|0|2|0|1|5|0|1|0|1|1|1|0|0|1|1|0|0|0|0|0|0|0|0|0|0|0|0|1</HistCounts>
      </HistItem>
    </Histograms>
    <Metadata>
      <MDI key="RepresentationType">ATHEMATIC</MDI>
      <MDI key="STATISTICS_COVARIANCES">5.797656964204064e-06</MDI>
      <MDI key="STATISTICS_EXCLUDEDVALUES"></MDI>
      <MDI key="STATISTICS_MAXIMUM">0.89681333303452</MDI>
      <MDI key="STATISTICS_MEAN">0.88948232136667</MDI>
      <MDI key="STATISTICS_MINIMUM">0.88434088230133</MDI>
      <MDI key="STATISTICS_SKIPFACTORX">1</MDI>
      <MDI key="STATISTICS_SKIPFACTORY">1</MDI>
      <MDI key="STATISTICS_STDDEV">0.0024078324202909</MDI>
    </Metadata>
  </PAMRasterBand>
</PAMDataset>
