<PAMDataset>
  <Metadata>
    <MDI key="DataType">Generic</MDI>
  </Metadata>
  <PAMRasterBand band="1">
    <Histograms>
      <HistItem>
        <HistMin>0.8642574548721313</HistMin>
        <HistMax>0.8909779787063599</HistMax>
        <BucketCount>256</BucketCount>
        <IncludeOutOfRange>1</IncludeOutOfRange>
        <Approximate>0</Approximate>
        <HistCounts>1|0|0|0|0|0|0|0|0|0|0|0|0|0|0|0|0|0|0|0|0|0|0|1|0|0|0|0|0|0|0|0|1|0|0|0|0|0|0|0|0|1|0|0|0|2|3|0|0|1|0|0|0|1|0|2|0|0|0|0|1|1|1|0|0|1|0|0|0|2|0|1|2|0|1|0|0|0|1|2|0|0|0|1|1|0|0|0|4|1|0|0|2|2|0|0|0|0|0|0|0|1|0|1|0|0|0|0|0|0|1|0|2|2|0|3|3|2|1|2|1|5|2|0|2|2|3|5|1|0|2|3|0|3|2|3|6|2|3|4|4|4|6|6|3|5|7|3|3|8|13|8|9|4|8|9|11|13|9|9|11|13|18|26|14|20|23|31|25|25|24|25|30|18|45|23|31|25|36|38|34|32|26|34|34|29|42|24|22|24|19|13|19|21|21|14|10|16|21|10|16|16|15|15|4|9|13|17|11|8|11|17|12|8|13|12|2|9|7|8|7|7|14|6|9|5|9|14|5|10|8|7|8|7|4|6|4|3|8|1|3|8|1|4|0|3|1|0|0|0|0|1|0|1|0|1</HistCounts>
      </HistItem>
    </Histograms>
    <Metadata>
      <MDI key="RepresentationType">ATHEMATIC</MDI>
      <MDI key="STATISTICS_COVARIANCES">1.056020249336821e-05</MDI>
      <MDI key="STATISTICS_EXCLUDEDVALUES"></MDI>
      <MDI key="STATISTICS_MAXIMUM">0.89097797870636</MDI>
      <MDI key="STATISTICS_MEAN">0.88328396815807</MDI>
      <MDI key="STATISTICS_MINIMUM">0.86425745487213</MDI>
      <MDI key="STATISTICS_SKIPFACTORX">1</MDI>
      <MDI key="STATISTICS_SKIPFACTORY">1</MDI>
      <MDI key="STATISTICS_STDDEV">0.0032496465182183</MDI>
    </Metadata>
  </PAMRasterBand>
</PAMDataset>
