<PAMDataset>
  <Metadata>
    <MDI key="DataType">Generic</MDI>
  </Metadata>
  <PAMRasterBand band="1">
    <Histograms>
      <HistItem>
        <HistMin>0.8717226982116699</HistMin>
        <HistMax>0.8849524855613708</HistMax>
        <BucketCount>256</BucketCount>
        <IncludeOutOfRange>1</IncludeOutOfRange>
        <Approximate>0</Approximate>
        <HistCounts>1|0|0|0|0|0|0|0|0|0|1|0|0|1|0|0|0|0|0|0|0|0|0|0|2|0|0|1|0|1|1|1|0|4|0|2|2|4|1|3|8|3|5|5|3|5|11|4|3|6|12|6|5|6|6|11|5|7|9|10|11|16|7|9|14|22|17|12|13|19|14|20|23|19|17|11|12|20|20|21|24|21|20|17|25|29|16|20|22|20|24|12|17|24|20|16|19|12|25|26|14|10|12|11|21|13|14|12|15|14|11|6|5|10|16|13|9|4|7|9|9|6|4|7|10|6|4|0|4|5|2|5|5|5|6|6|3|3|2|2|6|3|5|6|10|1|6|0|5|5|3|6|7|3|5|3|3|6|8|1|5|9|5|9|2|3|6|5|0|6|9|3|2|4|2|5|3|5|5|5|3|3|5|3|4|3|9|2|8|5|4|2|5|4|1|5|3|8|6|5|2|6|4|4|4|3|6|8|6|3|3|0|6|7|6|3|1|3|4|1|2|0|5|2|4|1|2|3|4|1|3|3|2|2|0|1|2|2|2|1|0|0|0|2|0|0|1|0|0|0|0|0|0|0|0|1</HistCounts>
      </HistItem>
    </Histograms>
    <Metadata>
      <MDI key="RepresentationType">ATHEMATIC</MDI>
      <MDI key="STATISTICS_COVARIANCES">6.480920812458277e-06</MDI>
      <MDI key="STATISTICS_EXCLUDEDVALUES"></MDI>
      <MDI key="STATISTICS_MAXIMUM">0.88495248556137</MDI>
      <MDI key="STATISTICS_MEAN">0.87745960179716</MDI>
      <MDI key="STATISTICS_MINIMUM">0.87172269821167</MDI>
      <MDI key="STATISTICS_SKIPFACTORX">1</MDI>
      <MDI key="STATISTICS_SKIPFACTORY">1</MDI>
      <MDI key="STATISTICS_STDDEV">0.002545765270495</MDI>
    </Metadata>
  </PAMRasterBand>
</PAMDataset>
