<PAMDataset>
  <Metadata>
    <MDI key="DataType">Generic</MDI>
  </Metadata>
  <PAMRasterBand band="1">
    <Histograms>
      <HistItem>
        <HistMin>0.8468509316444397</HistMin>
        <HistMax>0.8594626784324646</HistMax>
        <BucketCount>256</BucketCount>
        <IncludeOutOfRange>1</IncludeOutOfRange>
        <Approximate>0</Approximate>
        <HistCounts>1|0|1|1|0|0|0|0|0|1|1|2|1|0|0|1|1|0|1|1|5|7|1|8|2|2|3|1|1|2|3|6|3|6|6|3|5|5|6|4|6|5|3|8|5|5|8|5|2|2|2|1|10|7|8|11|3|7|6|8|7|8|14|9|8|16|12|10|9|9|10|13|11|17|12|12|11|23|16|7|11|15|12|15|11|13|14|25|10|17|13|13|18|17|12|8|22|15|21|12|14|6|10|12|15|12|13|10|9|15|18|8|8|20|14|21|6|8|9|10|6|14|12|8|2|10|17|10|2|2|3|5|9|9|2|9|7|10|11|5|8|6|9|3|10|7|10|11|7|3|2|12|5|3|7|11|9|14|11|9|4|12|5|5|9|9|11|9|7|10|8|5|8|4|3|8|10|10|7|7|9|5|4|8|5|5|6|11|10|4|9|5|4|2|5|2|3|2|3|4|3|2|0|4|2|0|3|3|1|8|2|1|2|1|4|0|0|3|0|2|2|2|2|1|1|2|0|1|2|2|0|6|0|0|0|0|0|0|0|0|0|0|0|0|0|0|0|0|1|0|0|0|0|0|0|1</HistCounts>
      </HistItem>
    </Histograms>
    <Metadata>
      <MDI key="RepresentationType">ATHEMATIC</MDI>
      <MDI key="STATISTICS_COVARIANCES">5.762998885194603e-06</MDI>
      <MDI key="STATISTICS_EXCLUDEDVALUES"></MDI>
      <MDI key="STATISTICS_MAXIMUM">0.85946267843246</MDI>
      <MDI key="STATISTICS_MEAN">0.85242897771299</MDI>
      <MDI key="STATISTICS_MINIMUM">0.84685093164444</MDI>
      <MDI key="STATISTICS_SKIPFACTORX">1</MDI>
      <MDI key="STATISTICS_SKIPFACTORY">1</MDI>
      <MDI key="STATISTICS_STDDEV">0.0024006246864503</MDI>
    </Metadata>
  </PAMRasterBand>
</PAMDataset>
