<PAMDataset>
  <Metadata>
    <MDI key="DataType">Generic</MDI>
  </Metadata>
  <PAMRasterBand band="1">
    <Histograms>
      <HistItem>
        <HistMin>0.7843406200408936</HistMin>
        <HistMax>0.7969509363174438</HistMax>
        <BucketCount>256</BucketCount>
        <IncludeOutOfRange>1</IncludeOutOfRange>
        <Approximate>0</Approximate>
        <HistCounts>1|0|1|0|0|0|1|0|0|0|0|0|0|1|0|1|0|1|2|0|0|2|1|1|1|1|3|6|0|3|0|0|0|1|6|4|2|4|2|4|7|1|9|4|5|4|9|1|5|4|6|9|7|7|10|3|7|9|10|15|16|11|4|10|4|13|11|20|12|15|9|13|8|9|7|7|17|17|8|16|11|9|13|12|9|10|9|4|12|11|11|10|14|12|9|8|16|9|5|16|5|25|17|16|14|10|17|9|17|14|15|15|16|12|3|14|14|10|6|9|14|14|8|5|4|10|14|15|13|18|5|10|9|9|16|6|11|13|11|7|19|4|13|11|11|11|10|8|13|9|9|11|10|12|12|8|8|12|10|7|3|4|10|4|4|9|2|4|5|10|5|11|3|5|3|3|4|2|6|5|6|2|11|1|5|4|12|5|13|2|7|1|6|3|11|7|6|7|1|4|5|4|1|6|1|11|0|6|2|1|0|5|1|2|2|3|2|3|4|0|4|1|3|1|1|1|2|3|1|0|0|1|0|0|1|1|1|2|1|2|0|1|0|0|0|0|0|0|0|0|0|0|1|0|0|1</HistCounts>
      </HistItem>
    </Histograms>
    <Metadata>
      <MDI key="RepresentationType">ATHEMATIC</MDI>
      <MDI key="STATISTICS_COVARIANCES">5.623831140562617e-06</MDI>
      <MDI key="STATISTICS_EXCLUDEDVALUES"></MDI>
      <MDI key="STATISTICS_MAXIMUM">0.79695093631744</MDI>
      <MDI key="STATISTICS_MEAN">0.79014632623643</MDI>
      <MDI key="STATISTICS_MINIMUM">0.78434062004089</MDI>
      <MDI key="STATISTICS_SKIPFACTORX">1</MDI>
      <MDI key="STATISTICS_SKIPFACTORY">1</MDI>
      <MDI key="STATISTICS_STDDEV">0.002371461815118</MDI>
    </Metadata>
  </PAMRasterBand>
</PAMDataset>
