<PAMDataset>
  <PAMRasterBand band="1">
    <Histograms>
      <HistItem>
        <HistMin>0.8008934893107491</HistMin>
        <HistMax>0.8131768571983924</HistMax>
        <BucketCount>256</BucketCount>
        <IncludeOutOfRange>1</IncludeOutOfRange>
        <Approximate>0</Approximate>
        <HistCounts>1|0|0|0|0|0|0|0|0|0|1|0|0|0|1|0|0|0|0|0|0|0|0|0|0|0|1|0|2|0|1|2|4|1|1|0|0|0|0|1|0|2|0|2|2|3|3|5|4|3|1|3|2|0|1|3|0|6|4|3|3|3|5|1|6|5|4|2|0|6|2|2|4|3|6|4|5|4|2|2|3|4|9|7|7|5|9|1|5|6|9|10|7|5|5|5|5|6|13|19|11|7|10|10|4|7|8|22|10|16|5|8|7|15|16|15|9|11|13|10|11|12|12|19|15|8|16|14|16|19|18|13|24|13|19|8|24|18|16|22|11|21|16|15|20|18|21|20|20|22|15|18|13|20|14|15|17|8|8|18|12|13|11|7|22|12|10|13|16|4|8|8|13|15|13|3|6|8|9|10|6|8|9|5|7|6|13|9|12|7|5|8|6|4|4|9|8|5|8|7|5|7|2|6|2|7|4|2|4|5|1|2|2|5|3|3|7|3|1|4|4|2|3|2|0|1|1|0|2|1|4|1|0|1|1|1|1|1|2|0|1|0|0|0|0|0|1|0|0|1|0|0|0|0|1|1</HistCounts>
      </HistItem>
    </Histograms>
    <Metadata>
      <MDI key="RepresentationType">ATHEMATIC</MDI>
      <MDI key="STATISTICS_COVARIANCES">3.937283372426548e-06</MDI>
      <MDI key="STATISTICS_EXCLUDEDVALUES"></MDI>
      <MDI key="STATISTICS_MAXIMUM">0.81317685719839</MDI>
      <MDI key="STATISTICS_MEAN">0.80757574540206</MDI>
      <MDI key="STATISTICS_MINIMUM">0.80089348931075</MDI>
      <MDI key="STATISTICS_SKIPFACTORX">1</MDI>
      <MDI key="STATISTICS_SKIPFACTORY">1</MDI>
      <MDI key="STATISTICS_STDDEV">0.0019842588975299</MDI>
    </Metadata>
  </PAMRasterBand>
</PAMDataset>
