<PAMDataset>
  <PAMRasterBand band="1">
    <Histograms>
      <HistItem>
        <HistMin>0.8663874565863631</HistMin>
        <HistMax>0.8832114402257827</HistMax>
        <BucketCount>256</BucketCount>
        <IncludeOutOfRange>1</IncludeOutOfRange>
        <Approximate>0</Approximate>
        <HistCounts>1|1|0|0|0|0|0|1|0|0|0|0|1|0|1|1|2|2|0|1|0|4|1|1|1|1|3|5|3|8|1|1|4|1|6|6|9|6|4|2|7|8|9|10|5|9|6|6|9|16|12|10|16|11|16|17|9|12|10|13|11|12|7|11|19|19|11|6|16|14|11|12|10|10|14|13|15|19|13|21|14|13|17|16|18|12|18|10|14|15|17|22|13|18|16|10|15|11|23|18|12|15|15|15|11|15|11|14|11|19|20|11|9|15|13|6|14|9|14|7|12|9|7|7|5|4|8|8|5|11|5|5|5|5|6|9|1|7|6|6|8|6|6|8|8|7|6|4|3|4|4|4|7|3|9|8|6|6|3|6|3|6|7|2|6|10|2|5|2|4|6|4|3|1|4|9|5|7|3|4|4|6|3|3|9|7|3|7|6|7|4|2|4|3|4|2|4|5|4|1|2|3|3|2|4|1|2|6|3|3|1|2|3|0|1|2|2|1|1|1|3|0|1|1|0|1|1|0|0|0|0|1|0|0|0|0|0|0|0|0|0|0|0|0|1|0|0|0|0|0|0|0|0|0|0|1</HistCounts>
      </HistItem>
    </Histograms>
    <Metadata>
      <MDI key="RepresentationType">ATHEMATIC</MDI>
      <MDI key="STATISTICS_COVARIANCES">9.341205469329328e-06</MDI>
      <MDI key="STATISTICS_EXCLUDEDVALUES"></MDI>
      <MDI key="STATISTICS_MAXIMUM">0.88321144022578</MDI>
      <MDI key="STATISTICS_MEAN">0.8732185712066</MDI>
      <MDI key="STATISTICS_MINIMUM">0.86638745658636</MDI>
      <MDI key="STATISTICS_SKIPFACTORX">1</MDI>
      <MDI key="STATISTICS_SKIPFACTORY">1</MDI>
      <MDI key="STATISTICS_STDDEV">0.003056338572431</MDI>
    </Metadata>
  </PAMRasterBand>
</PAMDataset>
