<PAMDataset>
  <Metadata>
    <MDI key="DataType">Generic</MDI>
  </Metadata>
  <PAMRasterBand band="1">
    <Histograms>
      <HistItem>
        <HistMin>0.8584561944007874</HistMin>
        <HistMax>0.8733031153678894</HistMax>
        <BucketCount>256</BucketCount>
        <IncludeOutOfRange>1</IncludeOutOfRange>
        <Approximate>0</Approximate>
        <HistCounts>1|1|0|0|0|0|0|0|0|0|0|0|0|0|1|0|0|1|3|1|4|0|3|1|0|1|0|1|2|5|3|1|1|3|2|4|2|2|5|4|0|2|5|2|6|0|5|8|8|5|3|2|7|9|10|7|6|8|17|10|4|4|8|4|7|8|14|17|9|16|7|11|12|7|9|8|17|16|11|16|20|23|16|11|6|17|22|21|12|19|23|24|12|13|15|12|18|26|23|37|22|14|11|21|15|16|16|23|16|20|13|17|12|15|11|15|22|19|12|14|9|15|7|12|13|6|20|16|12|12|13|6|10|8|9|10|13|11|15|7|7|6|7|2|14|5|3|5|7|5|7|3|6|2|1|3|3|3|2|7|5|4|5|1|2|2|5|2|5|3|0|3|3|6|4|6|7|8|4|2|1|2|0|3|4|6|8|6|2|2|1|3|3|3|3|10|0|4|3|1|1|0|3|3|3|5|4|2|0|0|3|5|1|4|2|3|0|2|2|1|0|0|2|1|1|0|4|0|0|1|0|0|1|1|0|1|1|1|1|0|2|0|0|0|0|0|1|0|0|1|1|0|0|0|0|1</HistCounts>
      </HistItem>
    </Histograms>
    <Metadata>
      <MDI key="RepresentationType">ATHEMATIC</MDI>
      <MDI key="STATISTICS_COVARIANCES">6.214990182184352e-06</MDI>
      <MDI key="STATISTICS_EXCLUDEDVALUES"></MDI>
      <MDI key="STATISTICS_MAXIMUM">0.87330311536789</MDI>
      <MDI key="STATISTICS_MEAN">0.86482043948024</MDI>
      <MDI key="STATISTICS_MINIMUM">0.85845619440079</MDI>
      <MDI key="STATISTICS_SKIPFACTORX">1</MDI>
      <MDI key="STATISTICS_SKIPFACTORY">1</MDI>
      <MDI key="STATISTICS_STDDEV">0.0024929882033785</MDI>
    </Metadata>
  </PAMRasterBand>
</PAMDataset>
