<PAMDataset>
  <PAMRasterBand band="1">
    <Histograms>
      <HistItem>
        <HistMin>0.8520266357929226</HistMin>
        <HistMax>0.8843217912543742</HistMax>
        <BucketCount>256</BucketCount>
        <IncludeOutOfRange>1</IncludeOutOfRange>
        <Approximate>0</Approximate>
        <HistCounts>1|0|0|0|0|0|0|0|0|0|0|0|0|0|1|0|0|0|1|0|1|0|0|0|0|0|0|1|1|1|1|0|1|0|0|1|0|3|0|0|1|3|3|1|1|1|2|1|0|1|3|5|3|3|1|3|2|3|5|0|2|5|5|7|6|7|6|5|4|3|7|7|5|5|7|8|3|9|8|9|8|5|7|10|9|11|5|8|12|15|8|12|9|21|10|19|10|9|17|11|13|6|11|8|16|10|17|12|15|16|17|16|12|10|21|13|8|8|13|21|14|16|16|8|19|15|21|10|17|16|24|18|14|17|12|17|18|15|14|20|15|18|12|13|12|19|11|10|15|18|15|15|20|6|15|13|20|12|10|12|11|10|10|11|8|3|5|13|8|13|4|16|9|8|13|8|14|10|5|6|6|7|10|6|8|7|6|12|3|5|6|4|7|1|2|7|3|3|3|1|6|5|5|3|0|1|4|1|3|1|4|1|1|2|3|0|0|1|1|1|2|0|0|2|1|1|0|0|0|0|0|0|1|0|1|1|1|0|0|0|0|0|0|0|0|0|0|0|0|0|0|0|0|0|0|1</HistCounts>
      </HistItem>
    </Histograms>
    <Metadata>
      <MDI key="RepresentationType">ATHEMATIC</MDI>
      <MDI key="STATISTICS_COVARIANCES">2.426860668012317e-05</MDI>
      <MDI key="STATISTICS_EXCLUDEDVALUES"></MDI>
      <MDI key="STATISTICS_MAXIMUM">0.88432179125437</MDI>
      <MDI key="STATISTICS_MEAN">0.86837102453506</MDI>
      <MDI key="STATISTICS_MINIMUM">0.85202663579292</MDI>
      <MDI key="STATISTICS_SKIPFACTORX">1</MDI>
      <MDI key="STATISTICS_SKIPFACTORY">1</MDI>
      <MDI key="STATISTICS_STDDEV">0.0049263177607746</MDI>
    </Metadata>
  </PAMRasterBand>
</PAMDataset>
