<PAMDataset>
  <Metadata>
    <MDI key="DataType">Generic</MDI>
  </Metadata>
  <PAMRasterBand band="1">
    <Histograms>
      <HistItem>
        <HistMin>0.862564742565155</HistMin>
        <HistMax>0.8787026405334473</HistMax>
        <BucketCount>256</BucketCount>
        <IncludeOutOfRange>1</IncludeOutOfRange>
        <Approximate>0</Approximate>
        <HistCounts>1|0|0|0|0|0|0|0|0|0|0|0|0|0|0|0|0|0|0|0|0|0|0|0|0|0|0|0|0|0|0|0|1|1|0|1|0|0|0|2|1|0|4|0|4|1|0|1|0|2|4|2|3|4|5|0|4|3|3|5|2|3|9|2|3|11|6|3|3|5|7|6|6|8|11|19|4|6|4|13|2|13|10|18|19|7|10|10|13|16|10|18|23|21|11|17|13|11|12|12|16|15|16|22|23|22|17|13|20|20|19|25|23|23|11|14|25|12|21|16|16|25|19|19|12|5|23|25|13|14|18|10|13|10|16|15|15|17|17|15|4|5|11|10|8|12|9|6|6|5|6|8|5|9|9|7|8|8|8|4|7|7|8|8|9|7|6|4|12|6|11|13|6|8|8|3|7|5|2|11|6|7|1|6|8|4|2|3|5|4|3|5|8|4|6|5|6|3|1|1|3|3|0|3|5|13|2|1|0|0|1|2|4|4|6|2|4|2|0|2|1|0|1|0|1|0|2|4|1|1|2|1|0|0|1|0|1|0|1|1|0|0|0|0|1|0|0|0|0|0|0|0|0|0|0|1</HistCounts>
      </HistItem>
    </Histograms>
    <Metadata>
      <MDI key="RepresentationType">ATHEMATIC</MDI>
      <MDI key="STATISTICS_COVARIANCES">6.284343057653151e-06</MDI>
      <MDI key="STATISTICS_EXCLUDEDVALUES"></MDI>
      <MDI key="STATISTICS_MAXIMUM">0.87870264053345</MDI>
      <MDI key="STATISTICS_MEAN">0.87042161788791</MDI>
      <MDI key="STATISTICS_MINIMUM">0.86256474256516</MDI>
      <MDI key="STATISTICS_SKIPFACTORX">1</MDI>
      <MDI key="STATISTICS_SKIPFACTORY">1</MDI>
      <MDI key="STATISTICS_STDDEV">0.0025068592018008</MDI>
    </Metadata>
  </PAMRasterBand>
</PAMDataset>
