<PAMDataset>
  <Metadata>
    <MDI key="DataType">Generic</MDI>
  </Metadata>
  <PAMRasterBand band="1">
    <Histograms>
      <HistItem>
        <HistMin>0.8631277084350586</HistMin>
        <HistMax>0.876252293586731</HistMax>
        <BucketCount>256</BucketCount>
        <IncludeOutOfRange>1</IncludeOutOfRange>
        <Approximate>0</Approximate>
        <HistCounts>1|0|0|0|0|0|0|0|0|0|0|0|0|0|0|0|0|1|0|0|0|0|0|2|0|0|0|0|0|0|0|0|2|0|0|1|0|1|1|0|0|0|3|0|0|1|1|1|6|4|0|0|0|1|6|4|2|3|4|2|3|4|1|6|3|6|4|6|1|4|9|6|3|5|4|11|10|7|7|4|16|16|9|8|8|8|13|13|11|14|7|7|15|5|8|19|13|18|18|11|9|16|12|15|20|13|7|9|10|26|18|16|18|13|22|16|15|21|15|11|17|10|22|9|10|23|17|8|22|18|18|18|15|15|18|11|24|18|7|22|15|10|15|17|20|10|10|12|13|10|12|9|8|8|7|14|8|10|9|6|7|5|5|7|8|5|9|7|7|9|9|5|11|6|4|9|9|9|3|9|11|12|4|7|5|4|6|10|5|10|10|6|10|2|7|7|3|6|7|8|2|4|7|5|2|0|1|3|3|6|2|2|5|1|3|2|1|2|3|2|1|1|1|0|1|2|1|1|0|2|2|0|0|1|3|0|1|4|0|0|0|0|0|0|0|0|1|0|0|2|0|0|1|0|0|1</HistCounts>
      </HistItem>
    </Histograms>
    <Metadata>
      <MDI key="RepresentationType">ATHEMATIC</MDI>
      <MDI key="STATISTICS_COVARIANCES">4.407003400577389e-06</MDI>
      <MDI key="STATISTICS_EXCLUDEDVALUES"></MDI>
      <MDI key="STATISTICS_MAXIMUM">0.87625229358673</MDI>
      <MDI key="STATISTICS_MEAN">0.86982692532241</MDI>
      <MDI key="STATISTICS_MINIMUM">0.86312770843506</MDI>
      <MDI key="STATISTICS_SKIPFACTORX">1</MDI>
      <MDI key="STATISTICS_SKIPFACTORY">1</MDI>
      <MDI key="STATISTICS_STDDEV">0.0020992864027039</MDI>
    </Metadata>
  </PAMRasterBand>
</PAMDataset>
