<PAMDataset>
  <Metadata>
    <MDI key="DataType">Generic</MDI>
  </Metadata>
  <PAMRasterBand band="1">
    <Histograms>
      <HistItem>
        <HistMin>0.8135641813278198</HistMin>
        <HistMax>0.8249302506446838</HistMax>
        <BucketCount>256</BucketCount>
        <IncludeOutOfRange>1</IncludeOutOfRange>
        <Approximate>0</Approximate>
        <HistCounts>1|0|0|0|0|1|0|1|0|2|0|0|0|1|1|0|1|0|1|0|1|0|4|4|0|2|0|2|1|5|7|2|5|4|0|4|2|4|4|5|2|5|2|7|7|3|10|1|5|2|8|5|9|12|15|12|11|8|12|2|10|10|13|7|11|17|6|10|12|20|19|10|11|11|11|9|11|25|9|14|7|13|11|22|9|22|9|19|7|17|12|19|26|19|17|18|15|13|14|14|18|8|8|16|10|12|14|13|21|10|13|9|19|18|14|17|10|17|9|12|12|10|9|14|17|14|11|6|9|12|8|10|4|16|5|19|13|8|8|12|10|7|8|3|5|4|8|9|9|12|2|4|5|5|7|7|3|3|4|6|3|1|2|8|9|4|5|6|5|8|7|7|2|9|6|1|3|6|5|3|4|6|2|5|6|6|2|6|3|2|1|5|7|2|3|1|7|3|5|4|2|3|1|4|3|2|2|0|4|1|4|3|6|1|1|0|1|0|2|0|1|1|2|4|1|2|1|3|0|1|0|1|0|0|0|0|0|1|0|1|0|0|0|0|0|0|0|0|0|0|1|0|1|0|0|1</HistCounts>
      </HistItem>
    </Histograms>
    <Metadata>
      <MDI key="RepresentationType">ATHEMATIC</MDI>
      <MDI key="STATISTICS_COVARIANCES">4.091116929203355e-06</MDI>
      <MDI key="STATISTICS_EXCLUDEDVALUES"></MDI>
      <MDI key="STATISTICS_MAXIMUM">0.82493025064468</MDI>
      <MDI key="STATISTICS_MEAN">0.81844069346786</MDI>
      <MDI key="STATISTICS_MINIMUM">0.81356418132782</MDI>
      <MDI key="STATISTICS_SKIPFACTORX">1</MDI>
      <MDI key="STATISTICS_SKIPFACTORY">1</MDI>
      <MDI key="STATISTICS_STDDEV">0.0020226509657386</MDI>
    </Metadata>
  </PAMRasterBand>
</PAMDataset>
