<PAMDataset>
  <Metadata>
    <MDI key="DataType">Generic</MDI>
  </Metadata>
  <PAMRasterBand band="1">
    <Histograms>
      <HistItem>
        <HistMin>0.843431293964386</HistMin>
        <HistMax>0.855252206325531</HistMax>
        <BucketCount>256</BucketCount>
        <IncludeOutOfRange>1</IncludeOutOfRange>
        <Approximate>0</Approximate>
        <HistCounts>1|0|0|1|1|0|2|1|1|3|1|1|1|3|2|3|1|2|2|0|5|5|1|2|2|5|4|6|2|5|5|8|7|5|4|7|6|6|7|17|6|8|12|9|14|12|16|15|10|22|10|12|16|10|12|19|18|16|12|23|12|16|13|20|20|14|20|14|21|20|30|17|16|11|19|18|17|25|21|21|8|19|21|15|18|22|16|7|14|6|10|10|16|14|23|13|10|12|12|10|11|9|7|8|14|9|5|7|6|11|7|5|5|7|9|5|9|3|6|11|5|6|10|7|6|5|7|4|3|3|4|7|6|3|3|8|7|3|2|8|3|1|5|2|1|6|2|4|7|2|3|4|4|3|5|4|2|2|5|3|2|5|4|6|2|2|4|2|3|5|3|0|2|1|3|5|3|3|0|4|0|2|1|2|3|3|6|6|0|4|3|7|2|5|3|0|0|4|6|5|2|3|1|3|2|4|6|1|3|2|5|5|4|4|4|2|5|4|3|1|3|2|2|3|1|2|2|2|1|1|2|1|2|1|1|0|0|0|0|1|3|1|0|0|0|0|1|2|1|0|1|0|1|0|0|1</HistCounts>
      </HistItem>
    </Histograms>
    <Metadata>
      <MDI key="RepresentationType">ATHEMATIC</MDI>
      <MDI key="STATISTICS_COVARIANCES">5.717228199761581e-06</MDI>
      <MDI key="STATISTICS_EXCLUDEDVALUES"></MDI>
      <MDI key="STATISTICS_MAXIMUM">0.85525220632553</MDI>
      <MDI key="STATISTICS_MEAN">0.84786946184933</MDI>
      <MDI key="STATISTICS_MINIMUM">0.84343129396439</MDI>
      <MDI key="STATISTICS_SKIPFACTORX">1</MDI>
      <MDI key="STATISTICS_SKIPFACTORY">1</MDI>
      <MDI key="STATISTICS_STDDEV">0.0023910726044521</MDI>
    </Metadata>
  </PAMRasterBand>
</PAMDataset>
