<PAMDataset>
  <Metadata>
    <MDI key="DataType">Generic</MDI>
  </Metadata>
  <PAMRasterBand band="1">
    <Histograms>
      <HistItem>
        <HistMin>0.7311162948608398</HistMin>
        <HistMax>0.9109652638435364</HistMax>
        <BucketCount>256</BucketCount>
        <IncludeOutOfRange>1</IncludeOutOfRange>
        <Approximate>0</Approximate>
        <HistCounts>1|0|0|0|0|0|0|1|0|0|0|0|0|0|0|0|0|0|0|0|0|0|1|1|0|0|0|0|0|0|0|0|0|0|0|0|0|0|0|0|0|0|0|0|0|1|0|0|0|1|0|0|0|0|0|0|0|0|0|0|0|0|0|0|1|0|0|0|0|0|0|0|0|0|0|0|0|0|0|2|0|0|1|0|0|0|0|0|0|1|0|0|0|0|0|0|0|0|0|0|1|0|0|0|1|0|1|0|0|1|0|0|0|0|0|0|0|0|0|0|0|0|0|0|0|0|0|0|0|0|0|0|1|0|1|0|0|0|0|0|2|2|0|0|0|0|0|0|0|0|0|1|0|1|0|0|0|0|0|0|0|0|0|1|1|0|0|1|0|0|0|1|0|0|0|0|1|2|1|0|0|1|0|0|1|2|0|0|1|0|0|1|2|1|3|0|6|0|1|2|5|3|3|5|3|4|2|7|4|4|7|9|15|9|20|19|28|37|47|73|75|108|103|100|123|118|100|73|58|64|47|53|54|24|20|24|20|9|14|9|4|7|4|3|7|5|4|3|0|2|3|0|3|1|1|1</HistCounts>
      </HistItem>
    </Histograms>
    <Metadata>
      <MDI key="RepresentationType">ATHEMATIC</MDI>
      <MDI key="STATISTICS_COVARIANCES">0.0001803734752445596</MDI>
      <MDI key="STATISTICS_EXCLUDEDVALUES"></MDI>
      <MDI key="STATISTICS_MAXIMUM">0.91096526384354</MDI>
      <MDI key="STATISTICS_MEAN">0.88800759993494</MDI>
      <MDI key="STATISTICS_MINIMUM">0.73111629486084</MDI>
      <MDI key="STATISTICS_SKIPFACTORX">1</MDI>
      <MDI key="STATISTICS_SKIPFACTORY">1</MDI>
      <MDI key="STATISTICS_STDDEV">0.013430319253263</MDI>
    </Metadata>
  </PAMRasterBand>
</PAMDataset>
