<PAMDataset>
  <Metadata>
    <MDI key="DataType">Generic</MDI>
  </Metadata>
  <PAMRasterBand band="1">
    <Histograms>
      <HistItem>
        <HistMin>0.8344550728797913</HistMin>
        <HistMax>0.8515212535858154</HistMax>
        <BucketCount>256</BucketCount>
        <IncludeOutOfRange>1</IncludeOutOfRange>
        <Approximate>0</Approximate>
        <HistCounts>1|1|0|0|0|0|0|0|0|1|0|1|2|1|0|0|0|0|3|1|0|1|0|1|0|0|0|0|0|1|2|0|2|3|0|1|0|4|5|2|1|2|6|9|9|2|6|6|8|4|6|5|7|4|6|7|8|6|23|12|6|4|13|13|11|6|8|6|10|11|6|8|13|10|10|11|12|11|20|8|22|14|15|9|14|22|13|20|19|13|13|19|19|16|13|13|16|17|13|18|17|16|8|16|12|15|16|15|9|9|12|19|5|9|7|6|13|14|14|14|9|17|7|10|4|10|9|18|10|15|10|12|14|8|10|16|13|15|5|9|8|11|4|10|9|6|9|15|7|7|9|10|10|2|10|10|12|1|3|6|4|9|4|6|7|7|6|4|3|7|7|8|5|5|6|8|7|3|3|3|7|6|10|9|7|6|6|4|4|6|8|3|2|4|5|6|5|2|4|4|5|4|3|3|2|1|0|4|1|0|3|3|0|2|2|4|3|1|3|3|0|0|1|1|3|1|4|0|0|2|0|0|0|2|1|0|0|1|1|0|0|0|1|0|1|0|1|0|0|0|0|0|0|0|1|1</HistCounts>
      </HistItem>
    </Histograms>
    <Metadata>
      <MDI key="RepresentationType">ATHEMATIC</MDI>
      <MDI key="STATISTICS_COVARIANCES">9.329209905406709e-06</MDI>
      <MDI key="STATISTICS_EXCLUDEDVALUES"></MDI>
      <MDI key="STATISTICS_MAXIMUM">0.85152125358582</MDI>
      <MDI key="STATISTICS_MEAN">0.84216603975743</MDI>
      <MDI key="STATISTICS_MINIMUM">0.83445507287979</MDI>
      <MDI key="STATISTICS_SKIPFACTORX">1</MDI>
      <MDI key="STATISTICS_SKIPFACTORY">1</MDI>
      <MDI key="STATISTICS_STDDEV">0.0030543755344434</MDI>
    </Metadata>
  </PAMRasterBand>
</PAMDataset>
