<PAMDataset>
  <PAMRasterBand band="1">
    <Histograms>
      <HistItem>
        <HistMin>0.8264221089017952</HistMin>
        <HistMax>0.8544180806359249</HistMax>
        <BucketCount>256</BucketCount>
        <IncludeOutOfRange>1</IncludeOutOfRange>
        <Approximate>0</Approximate>
        <HistCounts>1|0|0|0|0|0|0|0|0|0|0|0|0|0|0|0|0|0|0|0|0|0|0|0|0|0|0|0|0|0|1|0|2|0|0|0|0|0|1|1|1|0|0|0|0|4|1|4|2|3|2|2|4|3|3|10|4|1|5|10|6|4|8|11|9|9|6|9|9|16|19|8|14|20|16|18|12|23|16|16|18|18|17|16|23|14|28|19|19|17|10|21|23|18|11|22|22|17|21|20|24|20|27|28|22|18|12|16|18|20|29|23|20|17|22|17|24|22|18|11|10|22|19|11|11|14|16|9|11|10|13|11|10|10|8|13|14|9|4|7|12|8|9|13|8|8|7|6|10|12|8|10|11|11|8|5|3|4|9|8|6|7|7|2|2|5|6|4|5|9|3|4|3|4|3|2|4|2|2|0|3|1|0|2|1|1|1|0|1|0|0|0|4|0|0|1|1|0|0|1|1|1|1|1|0|0|0|0|0|0|0|0|0|0|0|0|0|0|0|0|0|0|0|0|0|0|0|0|0|0|0|0|0|0|0|0|0|0|0|0|0|0|0|0|0|0|0|0|0|0|0|0|0|0|0|1</HistCounts>
      </HistItem>
    </Histograms>
    <Metadata>
      <MDI key="RepresentationType">ATHEMATIC</MDI>
      <MDI key="STATISTICS_COVARIANCES">1.170136565225214e-05</MDI>
      <MDI key="STATISTICS_EXCLUDEDVALUES"></MDI>
      <MDI key="STATISTICS_MAXIMUM">0.85441808063592</MDI>
      <MDI key="STATISTICS_MEAN">0.83826654264403</MDI>
      <MDI key="STATISTICS_MINIMUM">0.8264221089018</MDI>
      <MDI key="STATISTICS_SKIPFACTORX">1</MDI>
      <MDI key="STATISTICS_SKIPFACTORY">1</MDI>
      <MDI key="STATISTICS_STDDEV">0.0034207258955158</MDI>
    </Metadata>
  </PAMRasterBand>
</PAMDataset>
