<PAMDataset>
  <Metadata>
    <MDI key="DataType">Generic</MDI>
  </Metadata>
  <PAMRasterBand band="1">
    <Histograms>
      <HistItem>
        <HistMin>0.8829832673072815</HistMin>
        <HistMax>0.8964535593986511</HistMax>
        <BucketCount>256</BucketCount>
        <IncludeOutOfRange>1</IncludeOutOfRange>
        <Approximate>0</Approximate>
        <HistCounts>1|0|0|3|0|0|0|0|1|1|0|1|2|0|0|0|0|0|2|0|3|3|3|0|1|0|0|2|2|3|4|2|5|5|1|2|1|2|5|3|1|2|3|3|1|2|4|2|2|3|8|5|2|4|3|5|10|6|11|8|8|7|7|12|9|11|7|4|8|9|12|9|12|15|14|7|13|17|4|14|18|14|11|10|16|17|13|16|13|17|19|12|13|14|19|17|16|9|19|16|21|18|18|13|16|16|17|15|16|13|19|20|13|9|16|19|16|13|14|11|22|12|11|10|6|7|9|7|11|12|7|8|11|15|9|8|7|4|3|11|3|7|3|4|9|9|7|3|1|10|4|5|5|10|4|8|2|5|2|5|5|4|8|6|4|3|9|4|3|2|2|7|5|4|6|6|3|6|2|8|4|8|6|3|6|5|3|5|7|9|1|8|5|6|4|7|3|5|3|2|9|2|6|3|3|6|4|9|6|8|5|7|0|3|4|7|4|4|5|4|2|5|2|3|3|6|2|0|2|1|4|3|0|2|0|4|1|2|0|0|3|0|2|1|3|0|0|0|1|0|0|1|0|0|0|1</HistCounts>
      </HistItem>
    </Histograms>
    <Metadata>
      <MDI key="RepresentationType">ATHEMATIC</MDI>
      <MDI key="STATISTICS_COVARIANCES">7.020080578478522e-06</MDI>
      <MDI key="STATISTICS_EXCLUDEDVALUES"></MDI>
      <MDI key="STATISTICS_MAXIMUM">0.89645355939865</MDI>
      <MDI key="STATISTICS_MEAN">0.88927071396261</MDI>
      <MDI key="STATISTICS_MINIMUM">0.88298326730728</MDI>
      <MDI key="STATISTICS_SKIPFACTORX">1</MDI>
      <MDI key="STATISTICS_SKIPFACTORY">1</MDI>
      <MDI key="STATISTICS_STDDEV">0.0026495434660482</MDI>
    </Metadata>
  </PAMRasterBand>
</PAMDataset>
