<PAMDataset>
  <Metadata>
    <MDI key="DataType">Generic</MDI>
  </Metadata>
  <PAMRasterBand band="1">
    <Histograms>
      <HistItem>
        <HistMin>0.7569470405578613</HistMin>
        <HistMax>0.8874795436859131</HistMax>
        <BucketCount>256</BucketCount>
        <IncludeOutOfRange>1</IncludeOutOfRange>
        <Approximate>0</Approximate>
        <HistCounts>1|0|0|0|0|1|0|0|0|0|0|0|0|0|0|0|0|0|0|0|0|0|0|1|0|0|0|1|0|3|1|0|1|1|0|1|0|0|0|0|1|0|1|1|1|3|0|0|0|0|1|2|0|0|0|1|0|1|1|1|0|0|0|0|1|1|0|0|1|0|1|1|0|0|2|0|2|1|0|0|3|3|2|2|1|1|1|5|2|3|0|1|2|1|0|1|0|1|2|2|0|1|2|0|3|0|1|0|2|1|1|2|3|1|2|0|1|2|1|0|3|1|0|1|2|2|0|1|1|4|1|2|2|3|2|1|1|4|2|4|2|4|1|4|5|3|3|3|4|2|4|7|1|5|3|2|2|4|5|2|4|5|3|5|4|4|1|6|5|2|4|8|2|3|5|10|4|11|6|4|9|7|3|4|7|10|4|5|6|5|11|3|5|6|3|10|4|8|7|9|6|6|5|7|6|6|6|8|8|9|10|7|15|24|25|23|32|31|29|38|38|29|22|36|37|45|53|53|32|43|41|33|34|27|31|28|27|21|35|20|23|25|19|15|28|24|10|11|6|9|8|8|4|3|4|1</HistCounts>
      </HistItem>
    </Histograms>
    <Metadata>
      <MDI key="RepresentationType">ATHEMATIC</MDI>
      <MDI key="STATISTICS_COVARIANCES">0.0004666914837095877</MDI>
      <MDI key="STATISTICS_EXCLUDEDVALUES"></MDI>
      <MDI key="STATISTICS_MAXIMUM">0.88747954368591</MDI>
      <MDI key="STATISTICS_MEAN">0.86325793042779</MDI>
      <MDI key="STATISTICS_MINIMUM">0.75694704055786</MDI>
      <MDI key="STATISTICS_SKIPFACTORX">1</MDI>
      <MDI key="STATISTICS_SKIPFACTORY">1</MDI>
      <MDI key="STATISTICS_STDDEV">0.021603043389985</MDI>
    </Metadata>
  </PAMRasterBand>
</PAMDataset>
