<PAMDataset>
  <Metadata>
    <MDI key="DataType">Generic</MDI>
  </Metadata>
  <PAMRasterBand band="1">
    <Histograms>
      <HistItem>
        <HistMin>0.884093165397644</HistMin>
        <HistMax>0.8967188000679016</HistMax>
        <BucketCount>256</BucketCount>
        <IncludeOutOfRange>1</IncludeOutOfRange>
        <Approximate>0</Approximate>
        <HistCounts>1|0|0|2|0|2|0|0|0|1|0|0|0|4|2|1|0|0|2|4|0|0|0|1|4|1|6|2|3|1|2|2|4|2|2|3|2|3|2|5|3|2|0|3|4|3|7|1|2|6|5|7|9|5|11|10|9|8|15|11|13|6|10|12|9|8|13|12|16|16|12|12|17|25|16|14|16|11|15|26|10|17|13|19|20|16|16|21|22|18|16|13|22|17|23|14|13|13|9|13|15|15|10|18|13|23|12|8|15|14|15|13|11|14|15|11|14|10|8|8|4|4|8|7|4|6|10|6|6|5|5|10|8|2|5|5|9|9|3|1|3|8|5|5|5|2|2|8|8|6|3|3|2|4|3|4|5|4|3|6|3|4|5|3|6|7|4|6|8|3|2|10|6|4|3|6|3|9|6|7|3|9|5|3|4|10|5|8|3|2|5|2|10|2|5|5|4|5|4|4|6|3|9|4|4|8|3|4|10|2|4|3|9|7|3|4|3|3|6|6|4|1|3|5|3|2|3|0|1|1|0|2|1|0|0|1|1|0|2|1|0|1|1|1|0|1|0|0|0|1|2|0|0|0|0|1</HistCounts>
      </HistItem>
    </Histograms>
    <Metadata>
      <MDI key="RepresentationType">ATHEMATIC</MDI>
      <MDI key="STATISTICS_COVARIANCES">6.440614167499531e-06</MDI>
      <MDI key="STATISTICS_EXCLUDEDVALUES"></MDI>
      <MDI key="STATISTICS_MAXIMUM">0.8967188000679</MDI>
      <MDI key="STATISTICS_MEAN">0.88969227075577</MDI>
      <MDI key="STATISTICS_MINIMUM">0.88409316539764</MDI>
      <MDI key="STATISTICS_SKIPFACTORX">1</MDI>
      <MDI key="STATISTICS_SKIPFACTORY">1</MDI>
      <MDI key="STATISTICS_STDDEV">0.0025378365131544</MDI>
    </Metadata>
  </PAMRasterBand>
</PAMDataset>
