<PAMDataset>
  <Metadata>
    <MDI key="DataType">Generic</MDI>
  </Metadata>
  <PAMRasterBand band="1">
    <Histograms>
      <HistItem>
        <HistMin>0.8402397632598877</HistMin>
        <HistMax>0.8527425527572632</HistMax>
        <BucketCount>256</BucketCount>
        <IncludeOutOfRange>1</IncludeOutOfRange>
        <Approximate>0</Approximate>
        <HistCounts>1|1|0|0|0|0|0|0|0|0|0|0|0|1|0|0|0|0|0|0|2|0|1|1|0|1|2|0|1|2|0|1|1|0|1|3|1|1|1|3|5|3|5|5|3|3|3|2|10|4|3|3|3|6|7|8|4|7|12|10|13|14|4|10|9|10|15|12|9|14|3|15|16|15|10|11|13|12|18|14|14|13|16|13|17|11|23|12|12|18|19|19|12|16|17|21|12|26|20|19|21|25|18|14|20|17|18|23|14|16|21|12|17|14|21|18|19|13|14|7|12|15|10|4|11|8|8|5|5|9|9|4|16|11|3|10|5|4|7|4|6|5|7|5|7|3|7|7|3|6|4|9|2|7|1|5|6|4|2|2|5|4|4|3|1|4|1|2|4|0|3|2|3|1|5|1|5|3|2|2|1|4|2|4|6|9|3|5|7|6|8|3|4|4|4|8|2|4|2|11|7|8|1|2|3|4|9|2|2|2|6|3|6|4|3|5|2|5|10|2|4|2|3|7|1|2|3|3|1|1|5|3|2|2|2|2|3|2|0|2|0|4|1|0|0|0|0|1|1|0|2|0|2|2|0|1</HistCounts>
      </HistItem>
    </Histograms>
    <Metadata>
      <MDI key="RepresentationType">ATHEMATIC</MDI>
      <MDI key="STATISTICS_COVARIANCES">5.8175580103226e-06</MDI>
      <MDI key="STATISTICS_EXCLUDEDVALUES"></MDI>
      <MDI key="STATISTICS_MAXIMUM">0.85274255275726</MDI>
      <MDI key="STATISTICS_MEAN">0.84594617575407</MDI>
      <MDI key="STATISTICS_MINIMUM">0.84023976325989</MDI>
      <MDI key="STATISTICS_SKIPFACTORX">1</MDI>
      <MDI key="STATISTICS_SKIPFACTORY">1</MDI>
      <MDI key="STATISTICS_STDDEV">0.0024119614446178</MDI>
    </Metadata>
  </PAMRasterBand>
</PAMDataset>
