<PAMDataset>
  <Metadata>
    <MDI key="DataType">Generic</MDI>
  </Metadata>
  <PAMRasterBand band="1">
    <Histograms>
      <HistItem>
        <HistMin>0.878720223903656</HistMin>
        <HistMax>0.889342188835144</HistMax>
        <BucketCount>256</BucketCount>
        <IncludeOutOfRange>1</IncludeOutOfRange>
        <Approximate>0</Approximate>
        <HistCounts>3|1|0|0|0|0|0|0|2|4|1|2|3|0|0|1|1|0|2|1|3|2|2|6|2|1|5|4|2|4|4|6|8|7|7|6|4|5|15|7|4|7|5|12|19|15|5|5|12|14|12|18|12|17|13|13|19|17|28|12|18|13|16|19|18|8|15|20|20|20|20|19|15|11|18|21|23|17|24|17|14|16|14|23|15|18|14|22|14|13|12|13|9|18|13|9|8|2|7|7|17|10|10|14|6|9|14|13|10|6|4|10|9|9|7|6|4|7|7|8|5|6|6|6|3|4|4|5|3|7|6|2|4|2|7|6|2|6|4|6|4|5|5|6|7|2|2|5|2|3|4|3|6|6|9|5|2|4|3|2|2|4|2|7|6|2|3|3|3|3|4|5|6|7|4|1|4|6|7|4|5|2|4|3|2|6|6|5|1|3|2|7|4|9|5|2|6|4|6|1|9|3|3|1|3|2|4|2|5|2|3|5|3|4|0|2|1|4|3|1|3|0|3|2|2|2|1|0|0|1|0|1|1|1|1|0|1|1|0|0|0|0|0|1|0|0|0|0|0|0|0|0|0|0|0|1</HistCounts>
      </HistItem>
    </Histograms>
    <Metadata>
      <MDI key="RepresentationType">ATHEMATIC</MDI>
      <MDI key="STATISTICS_COVARIANCES">4.444591587009161e-06</MDI>
      <MDI key="STATISTICS_EXCLUDEDVALUES"></MDI>
      <MDI key="STATISTICS_MAXIMUM">0.88934218883514</MDI>
      <MDI key="STATISTICS_MEAN">0.882799295187</MDI>
      <MDI key="STATISTICS_MINIMUM">0.87872022390366</MDI>
      <MDI key="STATISTICS_SKIPFACTORX">1</MDI>
      <MDI key="STATISTICS_SKIPFACTORY">1</MDI>
      <MDI key="STATISTICS_STDDEV">0.0021082200044135</MDI>
    </Metadata>
  </PAMRasterBand>
</PAMDataset>
