<PAMDataset>
  <PAMRasterBand band="1">
    <Histograms>
      <HistItem>
        <HistMin>0.8594120869889421</HistMin>
        <HistMax>0.8708683016048673</HistMax>
        <BucketCount>256</BucketCount>
        <IncludeOutOfRange>1</IncludeOutOfRange>
        <Approximate>0</Approximate>
        <HistCounts>1|0|0|0|0|0|0|0|1|0|0|0|0|0|2|1|0|0|1|1|0|1|2|1|1|2|2|1|3|1|0|3|0|3|2|3|2|2|1|5|5|5|10|4|5|6|3|5|8|3|7|6|6|11|11|10|10|7|7|8|8|10|9|9|12|15|13|12|17|17|6|9|9|13|14|11|6|16|16|19|15|19|15|17|7|15|16|14|15|10|7|14|9|22|23|26|23|17|11|10|16|12|8|14|15|10|15|17|22|23|13|11|15|14|11|15|17|13|3|12|7|16|15|11|12|8|10|14|8|5|10|11|7|12|5|13|7|5|7|7|9|10|10|9|6|7|4|6|5|6|7|7|10|5|8|8|10|6|1|2|8|3|10|5|4|8|3|7|4|9|4|7|9|3|4|4|6|6|8|6|5|6|6|5|8|9|2|6|3|5|4|3|0|4|3|3|7|1|5|2|0|2|1|3|5|2|2|0|2|1|3|6|1|2|1|1|3|0|0|3|1|1|1|9|5|0|0|0|1|1|1|0|0|0|1|1|2|1|1|1|0|0|0|0|0|0|0|0|1|0|0|0|1|0|0|1</HistCounts>
      </HistItem>
    </Histograms>
    <Metadata>
      <MDI key="RepresentationType">ATHEMATIC</MDI>
      <MDI key="STATISTICS_COVARIANCES">4.218955973181355e-06</MDI>
      <MDI key="STATISTICS_EXCLUDEDVALUES"></MDI>
      <MDI key="STATISTICS_MAXIMUM">0.87086830160487</MDI>
      <MDI key="STATISTICS_MEAN">0.86444281542276</MDI>
      <MDI key="STATISTICS_MINIMUM">0.85941208698894</MDI>
      <MDI key="STATISTICS_SKIPFACTORX">1</MDI>
      <MDI key="STATISTICS_SKIPFACTORY">1</MDI>
      <MDI key="STATISTICS_STDDEV">0.0020540097305469</MDI>
    </Metadata>
  </PAMRasterBand>
</PAMDataset>
