<PAMDataset>
  <PAMRasterBand band="1">
    <Histograms>
      <HistItem>
        <HistMin>0.8520960546046873</HistMin>
        <HistMax>0.8651140062469196</HistMax>
        <BucketCount>256</BucketCount>
        <IncludeOutOfRange>1</IncludeOutOfRange>
        <Approximate>0</Approximate>
        <HistCounts>1|0|0|0|0|0|0|0|0|0|0|0|0|0|0|0|0|0|0|0|0|0|1|0|0|1|0|0|1|0|0|0|0|0|1|4|0|0|0|0|1|1|1|0|0|1|1|1|4|2|2|1|2|1|4|2|4|2|3|2|2|3|3|4|8|7|1|8|3|8|8|3|2|6|8|5|5|11|7|13|6|3|7|15|9|27|10|8|8|16|11|18|11|10|13|10|16|8|16|17|18|13|16|17|17|25|13|11|8|16|10|17|19|21|22|13|23|16|23|12|15|17|17|21|15|23|17|17|19|21|14|18|15|29|15|13|16|14|14|17|23|16|13|14|16|10|17|14|13|15|7|17|12|13|12|8|13|12|13|6|14|6|9|7|10|5|8|9|16|8|6|5|4|4|6|6|6|7|7|5|11|2|5|3|3|0|2|1|4|3|0|0|3|9|4|1|5|3|2|2|1|3|2|1|2|1|2|2|0|0|0|0|1|1|0|3|1|1|1|1|0|1|0|5|1|0|0|0|2|4|1|0|1|0|0|0|1|0|1|0|1|1|1|0|3|0|1|0|0|0|0|1|0|0|0|2</HistCounts>
      </HistItem>
    </Histograms>
    <Metadata>
      <MDI key="RepresentationType">ATHEMATIC</MDI>
      <MDI key="STATISTICS_COVARIANCES">3.574711530732499e-06</MDI>
      <MDI key="STATISTICS_EXCLUDEDVALUES"></MDI>
      <MDI key="STATISTICS_MAXIMUM">0.86511400624692</MDI>
      <MDI key="STATISTICS_MEAN">0.8585052028994</MDI>
      <MDI key="STATISTICS_MINIMUM">0.85209605460469</MDI>
      <MDI key="STATISTICS_SKIPFACTORX">1</MDI>
      <MDI key="STATISTICS_SKIPFACTORY">1</MDI>
      <MDI key="STATISTICS_STDDEV">0.001890690754918</MDI>
    </Metadata>
  </PAMRasterBand>
</PAMDataset>
