<PAMDataset>
  <Metadata>
    <MDI key="DataType">Generic</MDI>
  </Metadata>
  <PAMRasterBand band="1">
    <Histograms>
      <HistItem>
        <HistMin>0.8553908467292786</HistMin>
        <HistMax>0.869720458984375</HistMax>
        <BucketCount>256</BucketCount>
        <IncludeOutOfRange>1</IncludeOutOfRange>
        <Approximate>0</Approximate>
        <HistCounts>1|0|0|0|0|0|0|0|0|0|0|0|0|0|0|0|0|0|0|0|0|0|0|0|0|0|0|0|0|0|0|0|0|0|0|0|0|0|0|0|0|0|0|0|0|0|0|1|1|1|1|0|0|1|1|0|1|0|3|3|0|1|1|2|0|3|4|1|3|1|6|3|0|0|3|1|3|3|1|5|9|4|4|3|7|9|13|12|5|13|12|13|13|7|9|20|18|9|14|13|7|25|17|20|15|12|14|22|15|21|20|29|21|19|21|26|26|16|17|20|23|19|22|16|21|28|19|22|12|18|15|18|15|13|15|14|10|12|9|18|12|7|3|7|14|9|5|13|12|8|12|8|7|8|7|8|11|8|7|12|4|8|7|4|7|7|10|11|8|7|7|10|6|5|3|6|9|6|7|6|9|8|4|5|7|8|9|6|7|5|5|9|5|12|3|7|3|5|4|8|6|5|5|9|9|8|4|6|6|6|8|6|8|2|7|2|3|3|2|10|5|3|2|5|6|2|3|2|2|1|4|2|2|1|0|0|2|3|1|4|2|0|0|1|0|0|0|0|0|0|0|0|0|1|1|1</HistCounts>
      </HistItem>
    </Histograms>
    <Metadata>
      <MDI key="RepresentationType">ATHEMATIC</MDI>
      <MDI key="STATISTICS_COVARIANCES">5.283496804655918e-06</MDI>
      <MDI key="STATISTICS_EXCLUDEDVALUES"></MDI>
      <MDI key="STATISTICS_MAXIMUM">0.86972045898438</MDI>
      <MDI key="STATISTICS_MEAN">0.86312500402331</MDI>
      <MDI key="STATISTICS_MINIMUM">0.85539084672928</MDI>
      <MDI key="STATISTICS_SKIPFACTORX">1</MDI>
      <MDI key="STATISTICS_SKIPFACTORY">1</MDI>
      <MDI key="STATISTICS_STDDEV">0.0022985858271241</MDI>
    </Metadata>
  </PAMRasterBand>
</PAMDataset>
