<PAMDataset>
  <Metadata>
    <MDI key="DataType">Generic</MDI>
  </Metadata>
  <PAMRasterBand band="1">
    <Histograms>
      <HistItem>
        <HistMin>0.8767032027244568</HistMin>
        <HistMax>0.8907710909843445</HistMax>
        <BucketCount>256</BucketCount>
        <IncludeOutOfRange>1</IncludeOutOfRange>
        <Approximate>0</Approximate>
        <HistCounts>1|0|0|0|0|0|0|0|0|0|0|0|1|3|2|1|0|1|1|0|1|0|4|1|0|1|2|8|1|1|0|2|1|5|3|2|3|4|5|6|9|6|4|2|1|12|7|0|5|5|9|4|2|7|4|11|11|1|9|13|9|7|9|10|16|9|13|10|22|4|9|7|20|14|8|8|13|12|25|7|12|17|15|13|15|15|23|11|11|20|9|18|9|27|16|17|8|18|13|8|21|22|15|19|35|15|16|14|20|15|12|16|25|16|11|13|11|17|11|9|8|14|15|12|9|12|6|5|5|5|4|8|7|5|9|8|7|4|1|4|9|4|7|8|6|4|1|3|1|10|2|3|3|6|9|3|1|6|2|1|8|3|4|2|0|8|3|3|2|5|2|5|0|3|6|2|2|5|2|2|7|1|5|3|1|4|2|2|3|2|4|6|1|11|7|6|11|8|2|4|3|4|4|6|13|4|6|2|7|3|6|5|5|10|6|0|6|5|4|7|2|4|9|5|3|1|2|3|3|6|5|3|3|1|1|0|1|0|1|2|0|1|0|1|0|0|0|0|0|0|0|0|0|0|0|1</HistCounts>
      </HistItem>
    </Histograms>
    <Metadata>
      <MDI key="RepresentationType">ATHEMATIC</MDI>
      <MDI key="STATISTICS_COVARIANCES">8.006075703833116e-06</MDI>
      <MDI key="STATISTICS_EXCLUDEDVALUES"></MDI>
      <MDI key="STATISTICS_MAXIMUM">0.89077109098434</MDI>
      <MDI key="STATISTICS_MEAN">0.88302641741931</MDI>
      <MDI key="STATISTICS_MINIMUM">0.87670320272446</MDI>
      <MDI key="STATISTICS_SKIPFACTORX">1</MDI>
      <MDI key="STATISTICS_SKIPFACTORY">1</MDI>
      <MDI key="STATISTICS_STDDEV">0.0028295009637449</MDI>
    </Metadata>
  </PAMRasterBand>
</PAMDataset>
