<PAMDataset>
  <Metadata>
    <MDI key="DataType">Generic</MDI>
  </Metadata>
  <PAMRasterBand band="1">
    <Histograms>
      <HistItem>
        <HistMin>0.885856568813324</HistMin>
        <HistMax>0.8981325030326843</HistMax>
        <BucketCount>256</BucketCount>
        <IncludeOutOfRange>1</IncludeOutOfRange>
        <Approximate>0</Approximate>
        <HistCounts>1|0|1|1|0|0|0|0|0|2|2|1|2|1|1|0|1|0|0|1|1|0|1|0|4|1|0|2|1|1|7|1|4|1|3|2|8|4|3|4|9|7|4|4|6|6|5|6|7|5|12|5|10|9|10|10|10|11|6|11|11|15|15|10|13|11|23|10|17|21|18|14|15|6|12|27|17|14|11|12|18|17|20|15|14|13|21|19|15|18|12|25|14|8|17|10|21|24|14|16|15|22|23|12|8|9|13|17|8|9|12|15|12|7|14|5|12|8|14|10|7|4|10|8|7|4|14|14|7|5|9|3|5|3|3|6|3|8|3|4|4|3|7|7|4|1|7|1|5|3|1|4|4|5|4|12|5|9|7|5|5|3|5|5|10|6|6|4|3|1|1|2|2|3|7|3|6|4|4|3|6|3|3|9|6|4|6|4|1|5|2|5|3|1|6|2|9|1|3|6|5|2|5|5|3|6|4|5|1|0|3|3|3|1|3|7|6|2|0|2|4|7|2|0|3|2|5|1|1|0|3|2|3|2|2|3|2|0|0|1|1|1|0|1|1|4|1|1|1|1|0|0|0|1|1|1</HistCounts>
      </HistItem>
    </Histograms>
    <Metadata>
      <MDI key="RepresentationType">ATHEMATIC</MDI>
      <MDI key="STATISTICS_COVARIANCES">6.041920099702288e-06</MDI>
      <MDI key="STATISTICS_EXCLUDEDVALUES"></MDI>
      <MDI key="STATISTICS_MAXIMUM">0.89813250303268</MDI>
      <MDI key="STATISTICS_MEAN">0.89112446058542</MDI>
      <MDI key="STATISTICS_MINIMUM">0.88585656881332</MDI>
      <MDI key="STATISTICS_SKIPFACTORX">1</MDI>
      <MDI key="STATISTICS_SKIPFACTORY">1</MDI>
      <MDI key="STATISTICS_STDDEV">0.0024580317531924</MDI>
    </Metadata>
  </PAMRasterBand>
</PAMDataset>
