<PAMDataset>
  <Metadata>
    <MDI key="DataType">Generic</MDI>
  </Metadata>
  <PAMRasterBand band="1">
    <Histograms>
      <HistItem>
        <HistMin>0.7322306036949158</HistMin>
        <HistMax>0.8032939434051514</HistMax>
        <BucketCount>256</BucketCount>
        <IncludeOutOfRange>1</IncludeOutOfRange>
        <Approximate>0</Approximate>
        <HistCounts>1|0|0|0|0|0|0|0|0|0|0|0|0|0|0|0|0|0|1|0|0|0|0|0|0|0|0|0|0|0|0|0|0|0|0|0|1|1|0|0|0|0|0|1|0|0|1|0|0|0|0|0|0|0|0|1|0|0|0|0|0|0|0|0|1|1|0|0|2|0|0|0|0|1|0|0|0|0|0|0|1|0|1|0|0|0|0|0|1|0|0|0|0|0|0|0|0|0|2|2|0|0|0|0|0|2|1|0|2|0|0|0|1|0|0|1|0|1|2|0|2|2|0|3|0|0|1|3|1|0|3|5|0|3|3|1|1|3|1|1|1|2|2|6|2|3|3|1|4|3|4|4|1|1|2|4|2|3|4|3|7|10|6|8|5|7|7|11|7|6|3|8|6|9|7|9|10|8|10|7|12|13|15|15|12|11|22|26|15|36|48|29|55|53|45|61|65|54|43|43|44|62|28|40|52|23|33|44|17|27|22|19|14|13|19|22|12|15|12|16|13|15|14|10|6|7|2|7|4|2|4|7|0|4|1|0|5|0|0|2|5|0|3|2|0|0|4|0|1|3|0|0|2|0|0|2</HistCounts>
      </HistItem>
    </Histograms>
    <Metadata>
      <MDI key="RepresentationType">ATHEMATIC</MDI>
      <MDI key="STATISTICS_COVARIANCES">5.005669400789855e-05</MDI>
      <MDI key="STATISTICS_EXCLUDEDVALUES"></MDI>
      <MDI key="STATISTICS_MAXIMUM">0.80329394340515</MDI>
      <MDI key="STATISTICS_MEAN">0.78619135636836</MDI>
      <MDI key="STATISTICS_MINIMUM">0.73223060369492</MDI>
      <MDI key="STATISTICS_SKIPFACTORX">1</MDI>
      <MDI key="STATISTICS_SKIPFACTORY">1</MDI>
      <MDI key="STATISTICS_STDDEV">0.007075075547858</MDI>
    </Metadata>
  </PAMRasterBand>
</PAMDataset>
