<PAMDataset>
  <PAMRasterBand band="1">
    <Histograms>
      <HistItem>
        <HistMin>0.8449115557935065</HistMin>
        <HistMax>0.8640727185864405</HistMax>
        <BucketCount>256</BucketCount>
        <IncludeOutOfRange>1</IncludeOutOfRange>
        <Approximate>0</Approximate>
        <HistCounts>1|0|0|2|0|1|2|0|2|0|0|0|0|0|1|0|2|2|4|1|3|2|1|3|1|4|5|1|4|3|2|7|2|1|5|3|4|5|3|8|7|2|3|4|2|3|3|6|7|7|4|2|8|5|3|5|2|7|7|4|3|7|1|4|4|5|4|3|4|5|5|4|3|6|2|1|3|9|10|5|5|6|1|8|7|9|4|9|4|5|3|9|5|13|4|7|13|5|9|6|6|4|6|5|4|3|4|7|5|8|7|6|6|6|3|5|2|11|5|1|5|6|6|6|6|4|6|6|1|6|6|4|9|7|8|4|9|4|17|7|3|11|9|7|12|13|5|10|8|9|15|19|16|7|16|11|15|8|17|15|16|21|21|16|13|15|15|22|14|22|23|22|20|16|20|15|15|16|17|13|22|25|24|13|19|18|17|11|12|17|20|16|11|10|9|11|8|5|10|17|9|8|8|5|6|2|3|5|6|7|5|3|2|0|4|1|4|2|2|1|2|1|1|2|1|2|0|0|0|4|0|1|0|1|0|0|1|0|0|0|0|0|0|0|0|0|0|0|0|0|0|0|0|0|0|1</HistCounts>
      </HistItem>
    </Histograms>
    <Metadata>
      <MDI key="RepresentationType">ATHEMATIC</MDI>
      <MDI key="STATISTICS_COVARIANCES">1.501031509676496e-05</MDI>
      <MDI key="STATISTICS_EXCLUDEDVALUES"></MDI>
      <MDI key="STATISTICS_MAXIMUM">0.86407271858644</MDI>
      <MDI key="STATISTICS_MEAN">0.85542586455914</MDI>
      <MDI key="STATISTICS_MINIMUM">0.84491155579351</MDI>
      <MDI key="STATISTICS_SKIPFACTORX">1</MDI>
      <MDI key="STATISTICS_SKIPFACTORY">1</MDI>
      <MDI key="STATISTICS_STDDEV">0.0038743147906133</MDI>
    </Metadata>
  </PAMRasterBand>
</PAMDataset>
