<PAMDataset>
  <Metadata>
    <MDI key="DataType">Generic</MDI>
  </Metadata>
  <PAMRasterBand band="1">
    <Histograms>
      <HistItem>
        <HistMin>0.878735363483429</HistMin>
        <HistMax>0.8958473801612854</HistMax>
        <BucketCount>256</BucketCount>
        <IncludeOutOfRange>1</IncludeOutOfRange>
        <Approximate>0</Approximate>
        <HistCounts>1|0|0|0|0|0|0|0|0|0|0|0|0|0|0|0|0|0|0|0|0|0|1|0|0|1|0|1|2|0|1|1|2|2|1|1|3|1|1|3|2|2|8|6|3|4|10|5|6|6|8|8|7|7|7|10|7|7|15|6|10|12|13|14|7|18|10|8|16|17|10|12|14|14|7|10|14|19|14|9|20|11|12|9|15|15|9|11|7|11|7|16|11|9|9|17|16|16|18|16|15|13|10|12|18|13|12|12|15|10|10|15|19|15|12|14|17|10|16|15|20|15|11|17|22|16|11|8|17|28|22|11|14|16|7|8|11|6|9|11|16|3|10|9|8|5|3|8|7|5|8|6|5|6|8|9|4|7|10|5|3|6|6|5|4|2|7|6|4|3|11|6|5|3|4|2|2|5|4|7|7|4|5|6|1|4|4|1|3|5|1|1|0|4|3|3|4|5|0|1|6|3|0|1|3|3|5|3|3|5|1|3|4|3|1|2|2|2|2|2|1|1|3|1|1|3|3|2|0|3|1|3|2|0|0|0|2|1|1|2|0|0|0|1|0|2|0|0|0|1|0|0|0|0|0|1</HistCounts>
      </HistItem>
    </Histograms>
    <Metadata>
      <MDI key="RepresentationType">ATHEMATIC</MDI>
      <MDI key="STATISTICS_COVARIANCES">9.022137134591844e-06</MDI>
      <MDI key="STATISTICS_EXCLUDEDVALUES"></MDI>
      <MDI key="STATISTICS_MAXIMUM">0.89584738016129</MDI>
      <MDI key="STATISTICS_MEAN">0.88639593783766</MDI>
      <MDI key="STATISTICS_MINIMUM">0.87873536348343</MDI>
      <MDI key="STATISTICS_SKIPFACTORX">1</MDI>
      <MDI key="STATISTICS_SKIPFACTORY">1</MDI>
      <MDI key="STATISTICS_STDDEV">0.0030036872564553</MDI>
    </Metadata>
  </PAMRasterBand>
</PAMDataset>
