<PAMDataset>
  <Metadata>
    <MDI key="DataType">Generic</MDI>
  </Metadata>
  <PAMRasterBand band="1">
    <Histograms>
      <HistItem>
        <HistMin>0.8575015068054199</HistMin>
        <HistMax>0.8783709406852722</HistMax>
        <BucketCount>256</BucketCount>
        <IncludeOutOfRange>1</IncludeOutOfRange>
        <Approximate>0</Approximate>
        <HistCounts>2|0|0|0|0|0|0|0|1|1|0|0|0|0|0|1|0|0|0|0|2|0|1|0|0|2|0|0|2|2|0|0|2|0|3|1|1|0|2|2|0|1|1|3|1|4|5|1|0|1|0|2|1|2|1|1|1|2|0|0|1|2|0|2|2|1|0|1|0|1|3|1|0|0|0|0|1|4|4|1|1|2|3|0|1|0|0|3|1|1|2|0|2|4|4|1|2|3|5|6|3|1|5|4|6|4|2|6|5|7|8|2|9|6|12|6|11|12|11|8|10|9|10|7|9|9|5|13|3|6|9|15|6|14|17|12|9|10|6|14|11|9|5|7|8|9|9|17|12|14|15|13|8|9|24|9|19|22|19|15|20|17|20|17|28|24|22|24|19|25|26|17|12|13|13|19|20|14|16|16|18|10|16|23|20|12|10|11|14|10|25|12|8|12|6|6|6|5|7|16|19|9|9|10|16|9|7|10|8|4|5|11|7|11|5|2|3|7|8|7|13|6|2|3|16|6|5|7|1|4|4|6|2|1|2|1|7|2|0|2|1|2|5|2|4|1|0|1|0|3|1|1|0|0|0|1</HistCounts>
      </HistItem>
    </Histograms>
    <Metadata>
      <MDI key="RepresentationType">ATHEMATIC</MDI>
      <MDI key="STATISTICS_COVARIANCES">1.20638956700034e-05</MDI>
      <MDI key="STATISTICS_EXCLUDEDVALUES"></MDI>
      <MDI key="STATISTICS_MAXIMUM">0.87837094068527</MDI>
      <MDI key="STATISTICS_MEAN">0.87067178413272</MDI>
      <MDI key="STATISTICS_MINIMUM">0.85750150680542</MDI>
      <MDI key="STATISTICS_SKIPFACTORX">1</MDI>
      <MDI key="STATISTICS_SKIPFACTORY">1</MDI>
      <MDI key="STATISTICS_STDDEV">0.0034733119166011</MDI>
    </Metadata>
  </PAMRasterBand>
</PAMDataset>
