<PAMDataset>
  <Metadata>
    <MDI key="DataType">Generic</MDI>
  </Metadata>
  <PAMRasterBand band="1">
    <Histograms>
      <HistItem>
        <HistMin>0.8622713088989258</HistMin>
        <HistMax>0.9057896733283997</HistMax>
        <BucketCount>256</BucketCount>
        <IncludeOutOfRange>1</IncludeOutOfRange>
        <Approximate>0</Approximate>
        <HistCounts>1|0|0|0|0|0|0|0|0|1|0|0|0|0|0|0|0|0|0|0|0|0|0|0|0|1|0|0|0|0|0|0|0|0|0|0|0|1|0|1|0|0|1|0|0|0|0|0|0|0|0|0|1|0|0|1|0|0|1|0|0|1|0|0|1|1|2|2|1|1|2|1|0|3|3|3|2|0|4|4|3|3|2|2|4|3|5|5|3|3|5|4|3|6|4|5|9|2|5|8|4|8|7|6|5|9|11|10|18|6|18|20|10|22|18|18|15|14|28|20|23|39|12|25|26|23|44|52|28|25|40|28|24|42|28|26|23|27|20|19|22|19|18|9|13|14|10|10|3|8|8|5|3|5|7|5|7|8|6|7|9|7|7|12|8|8|11|7|8|5|3|4|6|8|5|3|8|7|3|8|6|1|15|5|3|6|6|1|7|6|7|5|9|2|6|6|7|8|7|5|5|7|1|9|14|4|2|7|3|2|8|0|3|4|9|4|3|6|6|2|10|7|3|7|7|4|3|6|5|2|10|1|2|2|1|2|2|1|4|1|1|2|2|0|1|4|0|1|2|0|0|0|0|0|0|1</HistCounts>
      </HistItem>
    </Histograms>
    <Metadata>
      <MDI key="RepresentationType">ATHEMATIC</MDI>
      <MDI key="STATISTICS_COVARIANCES">4.356701149643142e-05</MDI>
      <MDI key="STATISTICS_EXCLUDEDVALUES"></MDI>
      <MDI key="STATISTICS_MAXIMUM">0.9057896733284</MDI>
      <MDI key="STATISTICS_MEAN">0.8868287833035</MDI>
      <MDI key="STATISTICS_MINIMUM">0.86227130889893</MDI>
      <MDI key="STATISTICS_SKIPFACTORX">1</MDI>
      <MDI key="STATISTICS_SKIPFACTORY">1</MDI>
      <MDI key="STATISTICS_STDDEV">0.0066005311525991</MDI>
    </Metadata>
  </PAMRasterBand>
</PAMDataset>
