<PAMDataset>
  <PAMRasterBand band="1">
    <Histograms>
      <HistItem>
        <HistMin>0.8182590926972353</HistMin>
        <HistMax>0.8310220432370009</HistMax>
        <BucketCount>256</BucketCount>
        <IncludeOutOfRange>1</IncludeOutOfRange>
        <Approximate>0</Approximate>
        <HistCounts>1|1|0|1|0|0|1|0|0|2|0|1|1|2|0|0|0|0|1|0|3|0|2|1|1|1|2|1|3|1|3|1|1|2|3|1|5|7|0|1|6|1|4|4|4|5|4|3|9|7|3|5|7|5|4|11|6|4|3|3|11|10|18|8|5|12|2|8|6|6|14|14|25|10|19|19|10|7|16|13|15|16|17|13|12|16|19|20|15|11|25|16|15|19|22|18|13|19|13|25|20|9|13|15|18|21|25|19|10|21|13|12|14|17|10|17|13|16|14|18|17|10|13|21|13|15|15|15|10|14|14|8|16|12|7|12|12|9|12|6|11|9|13|8|13|11|7|3|10|8|11|12|18|4|11|9|5|9|3|5|9|7|4|3|2|2|3|5|5|0|1|3|4|1|2|5|3|3|3|1|6|4|3|2|2|0|1|0|1|1|0|1|1|3|1|4|3|5|0|3|2|0|1|2|0|2|0|2|3|0|0|0|1|2|1|2|1|0|0|1|0|0|0|0|0|0|1|0|1|0|0|1|0|1|0|1|0|0|0|0|0|0|0|0|0|0|0|0|0|0|0|1|0|0|0|1</HistCounts>
      </HistItem>
    </Histograms>
    <Metadata>
      <MDI key="RepresentationType">ATHEMATIC</MDI>
      <MDI key="STATISTICS_COVARIANCES">3.751065928970161e-06</MDI>
      <MDI key="STATISTICS_EXCLUDEDVALUES"></MDI>
      <MDI key="STATISTICS_MAXIMUM">0.831022043237</MDI>
      <MDI key="STATISTICS_MEAN">0.82363866572384</MDI>
      <MDI key="STATISTICS_MINIMUM">0.81825909269724</MDI>
      <MDI key="STATISTICS_SKIPFACTORX">1</MDI>
      <MDI key="STATISTICS_SKIPFACTORY">1</MDI>
      <MDI key="STATISTICS_STDDEV">0.0019367668752253</MDI>
    </Metadata>
  </PAMRasterBand>
</PAMDataset>
