<PAMDataset>
  <PAMRasterBand band="1">
    <Histograms>
      <HistItem>
        <HistMin>0.8683916438447868</HistMin>
        <HistMax>0.8824820543192805</HistMax>
        <BucketCount>256</BucketCount>
        <IncludeOutOfRange>1</IncludeOutOfRange>
        <Approximate>0</Approximate>
        <HistCounts>1|0|0|0|0|0|1|1|0|0|1|1|2|1|1|0|0|1|1|2|0|1|1|2|0|2|1|0|1|1|8|0|2|1|2|9|3|3|5|5|4|5|13|7|10|10|5|4|6|5|10|0|10|5|8|14|10|7|12|12|12|16|9|9|10|10|18|12|13|12|15|14|19|10|20|14|12|18|23|18|21|16|19|24|24|19|17|14|15|17|17|17|15|19|20|17|16|14|17|7|17|9|12|26|14|16|10|14|19|11|8|10|12|17|13|10|10|6|9|12|9|9|9|10|6|10|6|13|5|7|4|1|6|1|4|6|8|5|15|2|1|7|6|10|3|3|2|5|2|6|1|6|6|6|4|2|2|3|4|2|2|7|8|8|5|0|8|1|1|9|0|3|7|5|7|8|8|7|2|2|7|5|5|5|3|0|4|5|0|5|5|3|12|2|4|6|2|9|3|11|1|5|2|4|4|6|5|3|1|1|5|3|4|1|2|5|5|2|5|3|2|0|0|0|0|3|1|0|1|2|2|1|0|2|1|0|0|0|0|1|0|0|1|0|0|0|0|0|0|0|0|0|1|1|1|1</HistCounts>
      </HistItem>
    </Histograms>
    <Metadata>
      <MDI key="RepresentationType">ATHEMATIC</MDI>
      <MDI key="STATISTICS_COVARIANCES">7.116313480572168e-06</MDI>
      <MDI key="STATISTICS_EXCLUDEDVALUES"></MDI>
      <MDI key="STATISTICS_MAXIMUM">0.88248205431928</MDI>
      <MDI key="STATISTICS_MEAN">0.87433527857982</MDI>
      <MDI key="STATISTICS_MINIMUM">0.86839164384479</MDI>
      <MDI key="STATISTICS_SKIPFACTORX">1</MDI>
      <MDI key="STATISTICS_SKIPFACTORY">1</MDI>
      <MDI key="STATISTICS_STDDEV">0.0026676419326012</MDI>
    </Metadata>
  </PAMRasterBand>
</PAMDataset>
