<PAMDataset>
  <PAMRasterBand band="1">
    <Histograms>
      <HistItem>
        <HistMin>0.8466865375620772</HistMin>
        <HistMax>0.8604823024845543</HistMax>
        <BucketCount>256</BucketCount>
        <IncludeOutOfRange>1</IncludeOutOfRange>
        <Approximate>0</Approximate>
        <HistCounts>1|1|0|0|1|0|0|0|1|1|0|0|0|1|0|0|4|2|0|0|5|1|0|1|1|2|2|1|2|1|0|2|1|3|5|1|1|5|6|1|4|2|1|2|6|6|9|6|5|5|5|7|6|13|6|4|2|5|10|8|15|9|5|7|10|6|16|10|12|6|12|8|17|11|6|13|13|4|12|13|11|15|14|12|20|12|20|14|21|9|10|12|17|19|19|11|8|16|15|16|12|14|20|10|9|7|14|15|15|23|11|15|9|9|12|14|8|20|9|8|12|9|7|7|9|7|5|11|15|10|10|15|9|11|4|5|12|9|11|10|11|4|8|7|6|7|9|9|7|12|6|10|5|9|4|5|7|9|7|10|4|4|7|6|3|7|5|4|7|5|8|10|4|3|6|8|6|7|7|5|9|8|11|6|15|4|7|5|2|7|5|8|6|6|7|6|5|3|5|3|4|2|3|6|5|3|1|3|7|2|9|4|2|2|3|3|4|3|1|0|5|3|2|1|3|1|2|2|1|2|1|0|1|1|1|1|0|0|2|0|0|0|1|0|0|0|0|1|1|0|0|0|1|0|0|1</HistCounts>
      </HistItem>
    </Histograms>
    <Metadata>
      <MDI key="RepresentationType">ATHEMATIC</MDI>
      <MDI key="STATISTICS_COVARIANCES">7.008103340359145e-06</MDI>
      <MDI key="STATISTICS_EXCLUDEDVALUES"></MDI>
      <MDI key="STATISTICS_MAXIMUM">0.86048230248455</MDI>
      <MDI key="STATISTICS_MEAN">0.8530643629265</MDI>
      <MDI key="STATISTICS_MINIMUM">0.84668653756208</MDI>
      <MDI key="STATISTICS_SKIPFACTORX">1</MDI>
      <MDI key="STATISTICS_SKIPFACTORY">1</MDI>
      <MDI key="STATISTICS_STDDEV">0.002647282255514</MDI>
    </Metadata>
  </PAMRasterBand>
</PAMDataset>
