<PAMDataset>
  <Metadata>
    <MDI key="DataType">Generic</MDI>
  </Metadata>
  <PAMRasterBand band="1">
    <Histograms>
      <HistItem>
        <HistMin>0.8844074010848999</HistMin>
        <HistMax>0.8980872631072998</HistMax>
        <BucketCount>256</BucketCount>
        <IncludeOutOfRange>1</IncludeOutOfRange>
        <Approximate>0</Approximate>
        <HistCounts>1|1|0|1|0|1|0|2|1|2|0|0|2|0|0|4|1|3|3|4|4|4|6|2|4|6|6|1|2|1|5|10|3|4|7|8|4|3|3|7|9|13|12|9|11|15|11|13|6|17|11|12|9|15|18|15|13|16|12|17|20|12|26|8|20|14|12|22|17|18|18|7|22|16|16|16|14|18|17|17|9|18|20|18|17|10|13|19|12|19|10|16|14|10|13|14|14|11|8|7|7|6|13|11|12|10|7|9|2|7|5|8|10|6|6|5|13|7|5|8|7|10|5|2|4|5|6|8|0|8|4|1|6|2|3|10|4|5|11|6|5|3|7|9|2|2|7|3|4|2|0|1|3|6|6|2|3|4|6|4|1|7|4|2|2|2|4|3|2|4|3|0|3|5|11|5|8|3|4|3|1|6|5|5|1|2|7|5|3|1|1|8|10|1|6|7|3|4|1|7|5|5|6|2|4|2|9|1|1|5|3|6|2|3|7|1|7|3|3|2|2|1|5|1|3|2|4|4|6|3|2|1|0|2|1|0|1|1|3|0|0|0|2|1|0|0|1|1|0|0|0|0|0|0|0|1</HistCounts>
      </HistItem>
    </Histograms>
    <Metadata>
      <MDI key="RepresentationType">ATHEMATIC</MDI>
      <MDI key="STATISTICS_COVARIANCES">8.542408868089316e-06</MDI>
      <MDI key="STATISTICS_EXCLUDEDVALUES"></MDI>
      <MDI key="STATISTICS_MAXIMUM">0.8980872631073</MDI>
      <MDI key="STATISTICS_MEAN">0.88985333833844</MDI>
      <MDI key="STATISTICS_MINIMUM">0.8844074010849</MDI>
      <MDI key="STATISTICS_SKIPFACTORX">1</MDI>
      <MDI key="STATISTICS_SKIPFACTORY">1</MDI>
      <MDI key="STATISTICS_STDDEV">0.0029227399590263</MDI>
    </Metadata>
  </PAMRasterBand>
</PAMDataset>
