<PAMDataset>
  <Metadata>
    <MDI key="DataType">Generic</MDI>
  </Metadata>
  <PAMRasterBand band="1">
    <Histograms>
      <HistItem>
        <HistMin>0.7657624483108521</HistMin>
        <HistMax>0.7811188101768494</HistMax>
        <BucketCount>256</BucketCount>
        <IncludeOutOfRange>1</IncludeOutOfRange>
        <Approximate>0</Approximate>
        <HistCounts>2|0|0|0|0|0|0|0|0|0|0|0|0|0|0|0|0|0|0|0|0|0|0|0|0|0|0|1|0|2|1|0|1|0|3|2|1|3|0|3|1|3|3|0|4|0|2|6|0|3|2|6|0|5|10|4|7|1|8|20|7|13|2|6|13|10|17|2|15|1|18|12|8|27|6|14|19|6|17|10|27|6|14|23|9|28|15|32|22|10|13|6|31|20|25|24|11|31|1|35|36|10|28|10|36|22|20|38|13|37|3|31|34|12|21|4|28|32|8|18|3|33|6|18|12|10|15|7|12|17|5|21|6|18|7|10|7|4|15|2|10|13|7|12|3|6|5|9|10|2|5|2|6|9|2|12|4|7|0|4|4|5|7|3|6|3|2|5|5|5|2|1|2|2|3|0|5|3|1|0|2|3|3|5|3|1|0|0|0|0|1|1|0|1|0|0|2|0|2|2|0|0|0|1|0|0|0|0|0|0|0|0|0|0|0|0|0|0|0|0|0|0|0|0|0|0|0|0|0|1|0|0|0|0|0|0|0|0|0|0|0|0|0|0|0|0|0|0|0|0|0|0|0|0|0|1</HistCounts>
      </HistItem>
    </Histograms>
    <Metadata>
      <MDI key="RepresentationType">ATHEMATIC</MDI>
      <MDI key="STATISTICS_COVARIANCES">3.580818121961227e-06</MDI>
      <MDI key="STATISTICS_EXCLUDEDVALUES"></MDI>
      <MDI key="STATISTICS_MAXIMUM">0.78111881017685</MDI>
      <MDI key="STATISTICS_MEAN">0.77210648667067</MDI>
      <MDI key="STATISTICS_MINIMUM">0.76576244831085</MDI>
      <MDI key="STATISTICS_SKIPFACTORX">1</MDI>
      <MDI key="STATISTICS_SKIPFACTORY">1</MDI>
      <MDI key="STATISTICS_STDDEV">0.0018923049759384</MDI>
    </Metadata>
  </PAMRasterBand>
</PAMDataset>
