<PAMDataset>
  <PAMRasterBand band="1">
    <Histograms>
      <HistItem>
        <HistMin>0.8539697775983366</HistMin>
        <HistMax>0.8683904371241242</HistMax>
        <BucketCount>256</BucketCount>
        <IncludeOutOfRange>1</IncludeOutOfRange>
        <Approximate>0</Approximate>
        <HistCounts>1|0|0|0|0|0|1|1|0|1|0|2|1|0|0|3|0|0|0|1|0|2|5|1|3|1|3|4|2|8|5|3|9|4|4|7|9|2|7|8|5|5|5|6|9|13|11|7|12|9|15|7|12|6|9|6|19|20|14|5|11|9|16|17|12|13|11|20|21|19|7|13|15|13|11|9|18|19|27|20|14|11|15|10|8|14|15|10|15|12|21|26|16|19|10|15|18|16|16|11|20|19|14|20|18|19|12|13|17|21|13|9|19|28|18|12|12|10|11|18|6|11|8|5|9|17|13|6|10|10|9|12|9|9|4|5|10|10|8|9|2|7|6|6|2|9|4|8|6|4|4|6|4|4|4|2|5|4|6|4|4|2|0|4|3|2|1|1|0|1|4|4|3|1|2|3|3|2|4|1|1|4|2|0|2|2|4|4|3|1|2|2|4|0|6|1|1|0|2|1|0|0|1|3|2|0|1|0|1|3|0|0|1|0|3|0|2|0|1|0|0|0|2|0|1|0|0|0|0|0|0|1|0|0|0|0|0|1|0|0|0|0|0|0|0|0|0|1|0|0|0|0|0|0|2|1</HistCounts>
      </HistItem>
    </Histograms>
    <Metadata>
      <MDI key="RepresentationType">ATHEMATIC</MDI>
      <MDI key="STATISTICS_COVARIANCES">5.294385226722231e-06</MDI>
      <MDI key="STATISTICS_EXCLUDEDVALUES"></MDI>
      <MDI key="STATISTICS_MAXIMUM">0.86839043712412</MDI>
      <MDI key="STATISTICS_MEAN">0.85946289103527</MDI>
      <MDI key="STATISTICS_MINIMUM">0.85396977759834</MDI>
      <MDI key="STATISTICS_SKIPFACTORX">1</MDI>
      <MDI key="STATISTICS_SKIPFACTORY">1</MDI>
      <MDI key="STATISTICS_STDDEV">0.0023009531126736</MDI>
    </Metadata>
  </PAMRasterBand>
</PAMDataset>
