<PAMDataset>
  <Metadata>
    <MDI key="DataType">Generic</MDI>
  </Metadata>
  <PAMRasterBand band="1">
    <Histograms>
      <HistItem>
        <HistMin>0.8657142519950867</HistMin>
        <HistMax>0.8793330788612366</HistMax>
        <BucketCount>256</BucketCount>
        <IncludeOutOfRange>1</IncludeOutOfRange>
        <Approximate>0</Approximate>
        <HistCounts>1|0|0|0|0|0|1|0|0|0|0|2|0|0|0|0|0|0|0|1|3|2|0|1|0|1|1|1|0|2|2|2|1|0|0|1|3|1|2|4|4|1|1|2|6|6|1|1|4|2|2|2|1|0|4|3|5|3|7|6|7|9|6|8|5|7|5|7|9|6|5|6|17|7|8|11|11|7|13|14|14|19|18|10|13|21|18|17|13|11|14|10|16|13|18|16|23|10|9|24|17|13|23|16|12|17|13|22|19|17|13|19|15|24|20|16|17|9|13|14|10|14|15|16|9|7|4|14|11|11|6|8|9|12|7|5|9|8|15|10|4|2|13|5|2|7|7|16|8|6|10|7|6|5|7|8|9|3|4|8|15|9|2|7|5|6|4|3|3|7|7|3|6|4|9|8|6|8|8|9|4|4|3|6|12|9|6|6|4|8|6|10|5|8|8|7|7|6|10|8|8|7|2|2|8|4|5|2|3|3|4|2|8|1|4|4|2|3|6|1|0|2|1|2|2|0|2|1|1|1|2|1|0|0|1|1|1|1|0|0|0|0|0|0|0|0|1|0|0|0|0|0|0|0|0|1</HistCounts>
      </HistItem>
    </Histograms>
    <Metadata>
      <MDI key="RepresentationType">ATHEMATIC</MDI>
      <MDI key="STATISTICS_COVARIANCES">5.977518342893261e-06</MDI>
      <MDI key="STATISTICS_EXCLUDEDVALUES"></MDI>
      <MDI key="STATISTICS_MAXIMUM">0.87933307886124</MDI>
      <MDI key="STATISTICS_MEAN">0.87224297773093</MDI>
      <MDI key="STATISTICS_MINIMUM">0.86571425199509</MDI>
      <MDI key="STATISTICS_SKIPFACTORX">1</MDI>
      <MDI key="STATISTICS_SKIPFACTORY">1</MDI>
      <MDI key="STATISTICS_STDDEV">0.0024448963869443</MDI>
    </Metadata>
  </PAMRasterBand>
</PAMDataset>
