<PAMDataset>
  <Metadata>
    <MDI key="DataType">Generic</MDI>
  </Metadata>
  <PAMRasterBand band="1">
    <Histograms>
      <HistItem>
        <HistMin>0.8529446125030518</HistMin>
        <HistMax>0.8840478658676147</HistMax>
        <BucketCount>256</BucketCount>
        <IncludeOutOfRange>1</IncludeOutOfRange>
        <Approximate>0</Approximate>
        <HistCounts>1|1|0|0|0|0|0|0|0|0|0|0|0|0|0|0|0|0|0|0|0|0|0|0|0|0|0|0|0|0|0|0|0|0|0|0|0|0|0|0|1|1|1|1|1|0|0|1|1|0|3|0|0|2|1|1|0|5|0|0|2|2|0|0|4|0|2|6|4|0|0|1|3|2|3|1|4|3|2|4|1|3|1|4|2|8|2|1|5|5|3|3|3|6|5|2|3|8|5|11|4|9|9|6|5|9|3|4|3|2|8|9|5|5|8|6|7|9|2|6|7|12|11|9|8|13|12|14|8|15|7|13|14|14|7|18|14|15|12|10|12|10|11|13|13|12|8|19|25|16|16|20|22|18|18|18|13|18|9|23|25|19|23|10|23|18|29|16|13|24|20|14|17|13|14|14|7|9|18|16|11|17|16|14|12|17|9|23|15|13|11|23|16|7|6|16|9|7|8|5|6|10|6|10|4|11|12|7|6|9|5|6|3|6|3|5|3|7|2|4|12|2|6|3|4|3|2|4|3|2|0|1|1|3|1|2|2|7|1|0|0|2|1|0|1|1|2|0|0|0|0|0|0|0|0|1</HistCounts>
      </HistItem>
    </Histograms>
    <Metadata>
      <MDI key="RepresentationType">ATHEMATIC</MDI>
      <MDI key="STATISTICS_COVARIANCES">2.238499922230968e-05</MDI>
      <MDI key="STATISTICS_EXCLUDEDVALUES"></MDI>
      <MDI key="STATISTICS_MAXIMUM">0.88404786586761</MDI>
      <MDI key="STATISTICS_MEAN">0.87198294397444</MDI>
      <MDI key="STATISTICS_MINIMUM">0.85294461250305</MDI>
      <MDI key="STATISTICS_SKIPFACTORX">1</MDI>
      <MDI key="STATISTICS_SKIPFACTORY">1</MDI>
      <MDI key="STATISTICS_STDDEV">0.0047312788146874</MDI>
    </Metadata>
  </PAMRasterBand>
</PAMDataset>
