<PAMDataset>
  <Metadata>
    <MDI key="DataType">Generic</MDI>
  </Metadata>
  <PAMRasterBand band="1">
    <Histograms>
      <HistItem>
        <HistMin>0.8641906976699829</HistMin>
        <HistMax>0.8819184303283691</HistMax>
        <BucketCount>256</BucketCount>
        <IncludeOutOfRange>1</IncludeOutOfRange>
        <Approximate>0</Approximate>
        <HistCounts>1|0|1|0|0|2|0|0|0|1|0|1|1|1|0|0|1|1|1|2|0|2|0|0|1|1|0|1|0|0|0|1|0|6|3|0|2|1|0|1|1|0|1|0|0|2|3|0|3|0|0|0|3|3|1|3|0|4|4|1|0|2|1|2|2|2|2|0|6|3|4|3|4|3|5|4|1|6|8|7|2|2|7|7|12|4|13|11|14|7|15|14|18|19|23|17|25|29|20|18|16|29|21|14|22|27|36|26|33|33|26|17|25|35|26|14|23|28|23|20|26|26|16|13|12|14|13|17|11|13|20|4|19|9|13|9|10|9|14|11|6|3|5|5|8|6|11|5|6|7|5|5|3|10|9|4|4|2|4|2|2|3|2|0|7|4|3|2|3|2|1|3|7|6|2|3|4|5|3|6|2|2|2|4|5|9|2|8|4|5|13|7|6|2|9|5|9|1|9|9|1|7|5|8|2|6|3|5|4|4|6|4|2|7|5|4|1|4|4|2|4|6|1|2|0|2|1|3|0|5|1|1|3|3|0|2|5|1|2|1|0|1|1|1|2|0|0|0|0|0|0|0|0|0|0|1</HistCounts>
      </HistItem>
    </Histograms>
    <Metadata>
      <MDI key="RepresentationType">ATHEMATIC</MDI>
      <MDI key="STATISTICS_COVARIANCES">8.974428557059524e-06</MDI>
      <MDI key="STATISTICS_EXCLUDEDVALUES"></MDI>
      <MDI key="STATISTICS_MAXIMUM">0.88191843032837</MDI>
      <MDI key="STATISTICS_MEAN">0.87294777024537</MDI>
      <MDI key="STATISTICS_MINIMUM">0.86419069766998</MDI>
      <MDI key="STATISTICS_SKIPFACTORX">1</MDI>
      <MDI key="STATISTICS_SKIPFACTORY">1</MDI>
      <MDI key="STATISTICS_STDDEV">0.0029957350612261</MDI>
    </Metadata>
  </PAMRasterBand>
</PAMDataset>
