<PAMDataset>
  <Metadata>
    <MDI key="DataType">Generic</MDI>
  </Metadata>
  <PAMRasterBand band="1">
    <Histograms>
      <HistItem>
        <HistMin>0.8861587643623352</HistMin>
        <HistMax>0.8982653021812439</HistMax>
        <BucketCount>256</BucketCount>
        <IncludeOutOfRange>1</IncludeOutOfRange>
        <Approximate>0</Approximate>
        <HistCounts>1|0|1|1|0|1|1|0|0|1|1|2|3|1|3|3|2|0|1|3|2|1|0|3|4|5|4|1|2|7|8|7|4|4|11|5|12|3|3|6|6|16|5|12|3|14|6|15|8|6|15|19|17|13|14|15|17|18|13|13|20|17|9|11|14|17|22|30|13|20|14|19|19|16|17|9|26|22|15|13|20|16|16|14|18|15|19|13|19|13|13|16|14|23|9|9|9|18|15|5|19|13|18|11|15|2|11|12|19|7|10|7|5|2|9|4|4|6|7|10|7|3|1|8|8|3|1|2|4|4|4|6|6|4|3|1|5|2|4|2|6|6|1|4|4|5|2|3|6|2|2|2|4|6|3|4|5|4|1|2|3|4|6|2|4|2|6|5|1|8|0|11|5|3|4|5|10|5|4|8|3|6|3|7|5|3|9|7|2|1|4|5|4|2|3|7|1|5|4|3|7|1|4|2|2|2|3|4|5|2|3|2|5|0|2|1|1|3|1|0|1|1|3|2|5|0|0|0|2|2|0|0|0|1|0|1|0|1|2|1|0|2|1|0|0|0|1|0|1|0|2|0|0|0|0|1</HistCounts>
      </HistItem>
    </Histograms>
    <Metadata>
      <MDI key="RepresentationType">ATHEMATIC</MDI>
      <MDI key="STATISTICS_COVARIANCES">5.801052004733734e-06</MDI>
      <MDI key="STATISTICS_EXCLUDEDVALUES"></MDI>
      <MDI key="STATISTICS_MAXIMUM">0.89826530218124</MDI>
      <MDI key="STATISTICS_MEAN">0.89082529764622</MDI>
      <MDI key="STATISTICS_MINIMUM">0.88615876436234</MDI>
      <MDI key="STATISTICS_SKIPFACTORX">1</MDI>
      <MDI key="STATISTICS_SKIPFACTORY">1</MDI>
      <MDI key="STATISTICS_STDDEV">0.0024085373164503</MDI>
    </Metadata>
  </PAMRasterBand>
</PAMDataset>
