<PAMDataset>
  <PAMRasterBand band="1">
    <Histograms>
      <HistItem>
        <HistMin>0.8107401850520605</HistMin>
        <HistMax>0.8599215462931075</HistMax>
        <BucketCount>256</BucketCount>
        <IncludeOutOfRange>1</IncludeOutOfRange>
        <Approximate>0</Approximate>
        <HistCounts>1|0|0|0|1|0|0|1|0|0|0|0|0|0|0|0|1|0|0|0|0|0|1|0|0|0|0|0|0|0|0|0|1|1|0|0|0|0|0|0|0|0|0|0|0|0|0|0|0|0|1|0|1|1|0|0|1|0|0|1|0|0|1|0|0|0|0|0|1|0|1|1|0|1|0|2|0|0|0|0|1|2|0|1|4|4|0|0|3|0|0|1|2|1|2|1|1|1|2|0|1|1|4|0|2|3|2|3|1|4|1|4|6|1|1|1|1|5|5|1|3|1|1|1|2|1|1|3|1|0|7|1|2|1|2|7|2|1|4|3|9|7|4|3|5|2|3|5|3|2|5|8|5|3|4|5|2|5|6|5|3|7|9|3|6|6|6|5|10|13|7|11|13|7|10|10|6|9|8|16|15|8|14|11|12|15|12|24|19|24|21|17|22|32|14|39|47|40|33|28|44|38|33|29|30|35|42|28|50|31|35|32|20|17|29|20|21|23|24|27|18|9|6|9|9|11|10|8|7|12|4|7|9|7|4|3|4|4|1|0|1|1|0|3|2|0|0|3|0|0|0|0|0|0|0|1</HistCounts>
      </HistItem>
    </Histograms>
    <Metadata>
      <MDI key="RepresentationType">ATHEMATIC</MDI>
      <MDI key="STATISTICS_COVARIANCES">4.232005666339539e-05</MDI>
      <MDI key="STATISTICS_EXCLUDEDVALUES"></MDI>
      <MDI key="STATISTICS_MAXIMUM">0.85992154629311</MDI>
      <MDI key="STATISTICS_MEAN">0.84738860297063</MDI>
      <MDI key="STATISTICS_MINIMUM">0.81074018505206</MDI>
      <MDI key="STATISTICS_SKIPFACTORX">1</MDI>
      <MDI key="STATISTICS_SKIPFACTORY">1</MDI>
      <MDI key="STATISTICS_STDDEV">0.0065053867420312</MDI>
    </Metadata>
  </PAMRasterBand>
</PAMDataset>
