<PAMDataset>
  <Metadata>
    <MDI key="DataType">Generic</MDI>
  </Metadata>
  <PAMRasterBand band="1">
    <Histograms>
      <HistItem>
        <HistMin>0.8259884715080261</HistMin>
        <HistMax>0.8385496735572815</HistMax>
        <BucketCount>256</BucketCount>
        <IncludeOutOfRange>1</IncludeOutOfRange>
        <Approximate>0</Approximate>
        <HistCounts>1|0|0|1|0|0|0|0|0|0|0|0|1|0|1|0|0|1|1|1|0|0|1|1|1|1|1|1|3|2|0|3|9|2|6|3|6|4|7|5|0|5|2|3|3|9|4|6|10|6|8|9|20|7|7|10|9|12|10|20|13|11|13|10|12|21|16|12|15|18|18|21|9|14|17|16|12|23|19|26|26|14|25|22|17|21|20|18|15|16|18|24|10|13|21|10|11|22|17|11|10|14|16|13|17|18|14|18|12|11|16|10|14|7|10|7|9|13|14|13|14|11|5|6|5|10|4|6|9|1|4|6|12|3|4|6|4|4|4|2|3|2|7|2|6|4|3|3|4|12|5|2|2|3|0|1|10|2|2|1|1|2|0|3|7|4|6|3|3|4|0|12|12|5|3|0|1|3|2|5|5|4|4|3|4|2|12|4|2|3|2|2|3|2|4|6|5|3|6|9|7|7|5|2|9|3|4|4|3|6|6|2|2|3|1|2|4|3|3|2|2|1|1|0|3|1|1|1|2|1|1|0|1|0|0|0|3|0|1|0|0|0|0|0|0|0|0|1|0|0|0|0|0|0|0|1</HistCounts>
      </HistItem>
    </Histograms>
    <Metadata>
      <MDI key="RepresentationType">ATHEMATIC</MDI>
      <MDI key="STATISTICS_COVARIANCES">5.478818089896536e-06</MDI>
      <MDI key="STATISTICS_EXCLUDEDVALUES"></MDI>
      <MDI key="STATISTICS_MAXIMUM">0.83854967355728</MDI>
      <MDI key="STATISTICS_MEAN">0.83118451185524</MDI>
      <MDI key="STATISTICS_MINIMUM">0.82598847150803</MDI>
      <MDI key="STATISTICS_SKIPFACTORX">1</MDI>
      <MDI key="STATISTICS_SKIPFACTORY">1</MDI>
      <MDI key="STATISTICS_STDDEV">0.002340687525044</MDI>
    </Metadata>
  </PAMRasterBand>
</PAMDataset>
