<PAMDataset>
  <Metadata>
    <MDI key="DataType">Generic</MDI>
  </Metadata>
  <PAMRasterBand band="1">
    <Histograms>
      <HistItem>
        <HistMin>0.8505412340164185</HistMin>
        <HistMax>0.8621329665184021</HistMax>
        <BucketCount>256</BucketCount>
        <IncludeOutOfRange>1</IncludeOutOfRange>
        <Approximate>0</Approximate>
        <HistCounts>1|0|0|0|0|0|0|1|0|0|0|0|0|0|1|2|0|0|1|1|2|5|5|0|1|2|1|1|3|4|2|2|8|4|3|9|10|6|4|3|3|4|5|8|4|7|10|14|8|10|9|17|10|10|9|10|9|5|18|17|16|3|11|12|8|25|9|9|12|7|14|10|19|25|11|9|15|13|14|12|21|10|11|13|20|28|18|22|14|7|10|15|13|23|22|11|17|14|21|24|15|16|19|15|20|16|11|6|15|19|16|10|16|11|17|10|16|10|6|6|6|6|13|12|8|21|10|10|11|10|15|12|5|4|5|4|9|5|11|4|10|10|2|7|2|7|4|6|3|6|1|2|7|12|3|5|2|3|2|3|3|6|4|2|1|8|1|2|3|1|6|2|4|3|3|2|4|0|1|9|1|5|1|3|0|3|3|3|1|4|5|4|4|3|4|1|3|1|2|4|3|0|1|4|5|5|3|1|1|2|4|6|0|0|0|1|0|2|1|1|1|1|2|1|2|1|4|0|0|2|2|0|0|0|1|0|0|0|6|0|0|3|0|0|2|0|0|0|0|0|2|2|1|0|1|1</HistCounts>
      </HistItem>
    </Histograms>
    <Metadata>
      <MDI key="RepresentationType">ATHEMATIC</MDI>
      <MDI key="STATISTICS_COVARIANCES">4.405029176839823e-06</MDI>
      <MDI key="STATISTICS_EXCLUDEDVALUES"></MDI>
      <MDI key="STATISTICS_MAXIMUM">0.8621329665184</MDI>
      <MDI key="STATISTICS_MEAN">0.85524227116257</MDI>
      <MDI key="STATISTICS_MINIMUM">0.85054123401642</MDI>
      <MDI key="STATISTICS_SKIPFACTORX">1</MDI>
      <MDI key="STATISTICS_SKIPFACTORY">1</MDI>
      <MDI key="STATISTICS_STDDEV">0.0020988161369781</MDI>
    </Metadata>
  </PAMRasterBand>
</PAMDataset>
