<PAMDataset>
  <PAMRasterBand band="1">
    <Histograms>
      <HistItem>
        <HistMin>0.8646768269364953</HistMin>
        <HistMax>0.8959585360239706</HistMax>
        <BucketCount>256</BucketCount>
        <IncludeOutOfRange>1</IncludeOutOfRange>
        <Approximate>0</Approximate>
        <HistCounts>1|0|0|1|0|0|1|1|0|0|0|0|0|0|0|0|0|0|0|1|0|0|0|0|0|1|0|0|1|2|1|0|0|0|0|0|1|1|1|2|1|0|2|0|1|0|2|2|1|1|0|1|1|3|1|0|0|2|0|1|1|1|2|4|1|4|1|7|4|1|2|2|2|6|6|4|1|2|5|3|6|4|11|12|4|4|6|9|5|8|5|5|7|18|8|4|4|14|14|7|7|7|11|13|11|17|13|12|15|22|12|18|15|21|19|17|22|15|19|14|25|12|17|24|15|21|17|22|16|16|16|18|21|26|17|21|14|17|20|25|20|25|14|28|19|18|12|23|16|21|27|15|19|19|14|11|14|16|14|9|13|16|11|12|12|11|13|7|6|17|6|7|7|12|8|18|9|3|6|8|6|12|5|5|7|10|9|4|3|4|5|3|1|1|5|3|0|3|0|3|2|0|2|2|1|3|3|3|0|1|2|0|1|0|0|4|0|0|0|0|0|1|0|0|1|0|0|0|0|0|0|0|0|0|0|0|0|0|0|0|0|0|0|0|0|0|0|0|0|0|0|0|0|0|0|1</HistCounts>
      </HistItem>
    </Histograms>
    <Metadata>
      <MDI key="RepresentationType">ATHEMATIC</MDI>
      <MDI key="STATISTICS_COVARIANCES">1.680312103542679e-05</MDI>
      <MDI key="STATISTICS_EXCLUDEDVALUES"></MDI>
      <MDI key="STATISTICS_MAXIMUM">0.89595853602397</MDI>
      <MDI key="STATISTICS_MEAN">0.88090043482778</MDI>
      <MDI key="STATISTICS_MINIMUM">0.8646768269365</MDI>
      <MDI key="STATISTICS_SKIPFACTORX">1</MDI>
      <MDI key="STATISTICS_SKIPFACTORY">1</MDI>
      <MDI key="STATISTICS_STDDEV">0.0040991610160406</MDI>
    </Metadata>
  </PAMRasterBand>
</PAMDataset>
