<PAMDataset>
  <Metadata>
    <MDI key="DataType">Generic</MDI>
  </Metadata>
  <PAMRasterBand band="1">
    <Histograms>
      <HistItem>
        <HistMin>0.8170302510261536</HistMin>
        <HistMax>0.8285368084907532</HistMax>
        <BucketCount>256</BucketCount>
        <IncludeOutOfRange>1</IncludeOutOfRange>
        <Approximate>0</Approximate>
        <HistCounts>1|0|1|0|0|0|0|0|0|0|1|0|0|1|1|1|0|2|2|3|0|2|0|1|3|1|0|2|3|0|3|0|1|3|2|2|2|3|2|4|1|5|4|8|6|2|6|5|1|5|2|1|5|0|10|3|6|6|9|8|13|6|20|7|9|2|13|3|12|6|13|14|16|9|15|14|12|11|7|14|8|23|11|22|2|22|11|20|9|24|22|22|11|16|19|19|19|12|15|13|15|16|11|17|8|20|21|27|15|13|15|15|25|10|19|7|4|4|21|15|22|19|12|8|14|11|15|10|9|13|10|4|9|6|13|5|3|8|4|11|3|13|4|5|7|7|4|15|4|11|3|8|7|6|4|6|6|4|6|5|2|2|5|4|3|9|15|7|5|5|4|1|3|4|2|5|4|4|6|6|2|6|10|5|9|2|5|1|8|2|5|3|6|0|7|4|5|4|5|5|4|4|2|2|4|2|1|3|2|5|2|6|4|5|3|7|3|4|1|2|3|2|2|1|4|2|3|1|2|3|0|1|0|1|1|1|0|2|1|1|0|0|1|1|1|0|0|0|0|0|1|0|0|0|0|1</HistCounts>
      </HistItem>
    </Histograms>
    <Metadata>
      <MDI key="RepresentationType">ATHEMATIC</MDI>
      <MDI key="STATISTICS_COVARIANCES">4.472752167679266e-06</MDI>
      <MDI key="STATISTICS_EXCLUDEDVALUES"></MDI>
      <MDI key="STATISTICS_MAXIMUM">0.82853680849075</MDI>
      <MDI key="STATISTICS_MEAN">0.82223556727171</MDI>
      <MDI key="STATISTICS_MINIMUM">0.81703025102615</MDI>
      <MDI key="STATISTICS_SKIPFACTORX">1</MDI>
      <MDI key="STATISTICS_SKIPFACTORY">1</MDI>
      <MDI key="STATISTICS_STDDEV">0.0021148882163555</MDI>
    </Metadata>
  </PAMRasterBand>
</PAMDataset>
