<PAMDataset>
  <PAMRasterBand band="1">
    <Histograms>
      <HistItem>
        <HistMin>0.7934294940871265</HistMin>
        <HistMax>0.85320561713184</HistMax>
        <BucketCount>256</BucketCount>
        <IncludeOutOfRange>1</IncludeOutOfRange>
        <Approximate>0</Approximate>
        <HistCounts>1|0|0|0|0|1|0|0|0|0|0|1|0|0|0|1|0|1|0|1|1|1|1|1|0|0|1|0|0|1|0|0|2|1|2|3|0|1|1|1|1|3|0|2|0|0|8|0|3|0|1|0|1|2|1|1|1|4|1|2|3|4|1|2|5|0|2|4|3|2|4|2|0|5|0|6|6|2|1|7|5|2|2|1|3|5|4|6|6|3|3|4|3|2|5|4|3|4|7|3|1|4|1|7|2|3|11|1|5|4|9|8|10|6|8|9|3|8|7|5|6|6|6|7|6|12|6|11|16|12|9|17|9|10|22|12|9|19|17|16|18|20|19|14|25|14|21|17|13|16|10|15|20|14|24|25|16|25|27|13|18|25|26|16|16|20|22|34|14|18|20|12|16|20|18|15|12|29|8|17|13|8|7|15|12|12|21|6|5|27|10|5|12|10|4|14|10|8|12|5|6|7|10|3|3|3|3|3|4|5|3|8|2|1|2|1|7|1|1|3|5|0|3|3|3|2|3|0|0|2|1|2|3|1|0|1|1|0|3|1|1|0|0|1|0|0|0|0|0|1|0|0|0|0|0|1</HistCounts>
      </HistItem>
    </Histograms>
    <Metadata>
      <MDI key="RepresentationType">ATHEMATIC</MDI>
      <MDI key="STATISTICS_COVARIANCES">8.836349929323551e-05</MDI>
      <MDI key="STATISTICS_EXCLUDEDVALUES"></MDI>
      <MDI key="STATISTICS_MAXIMUM">0.85320561713184</MDI>
      <MDI key="STATISTICS_MEAN">0.82856263489887</MDI>
      <MDI key="STATISTICS_MINIMUM">0.79342949408713</MDI>
      <MDI key="STATISTICS_SKIPFACTORX">1</MDI>
      <MDI key="STATISTICS_SKIPFACTORY">1</MDI>
      <MDI key="STATISTICS_STDDEV">0.0094001861307761</MDI>
    </Metadata>
  </PAMRasterBand>
</PAMDataset>
