<PAMDataset>
  <PAMRasterBand band="1">
    <Histograms>
      <HistItem>
        <HistMin>0.8718014021458467</HistMin>
        <HistMax>0.8888462684995717</HistMax>
        <BucketCount>256</BucketCount>
        <IncludeOutOfRange>1</IncludeOutOfRange>
        <Approximate>0</Approximate>
        <HistCounts>1|0|1|0|0|0|0|1|0|1|0|0|1|0|2|2|1|0|0|0|1|1|0|1|3|4|2|0|1|3|6|5|4|5|5|8|7|1|3|8|5|3|6|10|5|8|8|12|7|13|7|12|14|9|4|12|19|15|11|14|8|13|10|16|19|20|12|16|11|10|11|17|12|9|18|5|20|12|12|15|15|16|28|19|8|18|19|20|13|19|13|17|16|13|15|21|12|14|12|13|17|11|14|13|7|13|10|12|20|17|9|10|13|7|16|7|13|6|10|10|11|12|7|11|8|7|9|7|5|10|15|3|3|14|5|6|6|4|15|7|6|7|1|6|6|5|7|3|2|8|4|3|2|5|6|5|6|4|4|8|8|3|4|2|3|4|7|7|6|2|7|6|4|4|5|4|7|5|4|5|6|5|1|5|3|8|4|3|3|5|6|4|0|4|2|5|1|5|8|5|3|0|4|3|0|1|4|5|4|2|2|0|3|1|1|3|2|1|1|3|1|3|3|2|4|1|0|0|1|1|1|0|0|0|0|0|1|0|0|1|0|0|0|0|0|0|0|0|0|0|0|0|0|0|0|1</HistCounts>
      </HistItem>
    </Histograms>
    <Metadata>
      <MDI key="RepresentationType">ATHEMATIC</MDI>
      <MDI key="STATISTICS_COVARIANCES">9.874069111907106e-06</MDI>
      <MDI key="STATISTICS_EXCLUDEDVALUES"></MDI>
      <MDI key="STATISTICS_MAXIMUM">0.88884626849957</MDI>
      <MDI key="STATISTICS_MEAN">0.87879079528472</MDI>
      <MDI key="STATISTICS_MINIMUM">0.87180140214585</MDI>
      <MDI key="STATISTICS_SKIPFACTORX">1</MDI>
      <MDI key="STATISTICS_SKIPFACTORY">1</MDI>
      <MDI key="STATISTICS_STDDEV">0.0031423031540428</MDI>
    </Metadata>
  </PAMRasterBand>
</PAMDataset>
