<PAMDataset>
  <Metadata>
    <MDI key="DataType">Generic</MDI>
  </Metadata>
  <PAMRasterBand band="1">
    <Histograms>
      <HistItem>
        <HistMin>0.8619633913040161</HistMin>
        <HistMax>0.8755720257759094</HistMax>
        <BucketCount>256</BucketCount>
        <IncludeOutOfRange>1</IncludeOutOfRange>
        <Approximate>0</Approximate>
        <HistCounts>1|0|0|0|0|0|0|1|1|1|0|1|1|0|0|1|1|2|0|2|2|3|0|2|4|1|3|2|3|2|3|1|4|2|5|3|5|7|1|4|3|6|2|8|8|4|5|7|6|10|6|10|12|10|11|9|8|8|15|12|7|8|14|9|14|5|9|20|28|15|7|15|14|16|16|14|30|15|15|13|14|12|10|14|14|15|18|21|24|16|16|13|12|21|16|20|17|16|28|19|10|11|9|12|17|13|14|21|18|18|11|12|14|12|6|11|8|18|11|12|6|8|5|5|3|12|7|10|11|6|8|3|4|11|3|2|6|9|6|3|6|6|2|2|3|1|8|6|6|1|5|3|4|1|3|2|4|2|5|3|2|5|7|2|0|4|5|6|5|7|1|1|4|3|1|3|4|7|3|1|2|3|5|4|4|1|0|1|10|13|7|3|3|1|8|4|6|4|7|8|4|2|4|6|8|4|1|3|8|8|8|3|1|5|7|0|0|1|6|4|4|4|4|1|0|4|2|3|1|1|3|0|2|2|0|0|0|3|3|0|1|1|0|1|1|0|0|1|0|1|0|0|0|0|0|1</HistCounts>
      </HistItem>
    </Histograms>
    <Metadata>
      <MDI key="RepresentationType">ATHEMATIC</MDI>
      <MDI key="STATISTICS_COVARIANCES">7.313890386773688e-06</MDI>
      <MDI key="STATISTICS_EXCLUDEDVALUES"></MDI>
      <MDI key="STATISTICS_MAXIMUM">0.87557202577591</MDI>
      <MDI key="STATISTICS_MEAN">0.8677757883817</MDI>
      <MDI key="STATISTICS_MINIMUM">0.86196339130402</MDI>
      <MDI key="STATISTICS_SKIPFACTORX">1</MDI>
      <MDI key="STATISTICS_SKIPFACTORY">1</MDI>
      <MDI key="STATISTICS_STDDEV">0.0027044205269842</MDI>
    </Metadata>
  </PAMRasterBand>
</PAMDataset>
