<PAMDataset>
  <Metadata>
    <MDI key="DataType">Generic</MDI>
  </Metadata>
  <PAMRasterBand band="1">
    <Histograms>
      <HistItem>
        <HistMin>0.7880691885948181</HistMin>
        <HistMax>0.9144986867904663</HistMax>
        <BucketCount>256</BucketCount>
        <IncludeOutOfRange>1</IncludeOutOfRange>
        <Approximate>0</Approximate>
        <HistCounts>1|0|0|0|0|0|0|0|0|0|0|1|0|0|1|1|0|0|0|0|0|0|1|0|0|0|0|0|2|0|0|0|0|1|0|0|1|1|0|0|0|0|0|1|0|1|1|0|0|1|2|0|0|3|0|1|0|0|1|2|1|2|2|0|0|0|1|1|3|1|0|1|2|1|1|3|0|2|1|0|2|2|2|2|3|1|3|1|1|1|2|2|0|0|2|0|0|1|2|0|3|2|1|1|5|2|0|2|2|4|2|1|4|1|2|1|1|4|4|0|1|1|2|5|6|2|2|7|0|7|5|2|3|5|4|4|1|6|2|2|3|9|3|3|3|3|4|6|1|0|4|5|7|7|10|11|9|9|15|15|12|15|12|9|17|6|22|37|36|32|39|51|46|45|45|62|48|44|38|39|33|27|33|30|23|24|24|21|23|29|26|29|28|22|22|27|18|23|18|28|13|13|10|7|12|6|5|8|2|2|1|3|2|4|6|1|3|1|0|1|1|2|2|0|1|1|0|0|1|0|2|3|1|1|2|0|0|0|1|1|2|1|1|0|2|0|1|0|0|0|0|1|0|0|1|1</HistCounts>
      </HistItem>
    </Histograms>
    <Metadata>
      <MDI key="RepresentationType">ATHEMATIC</MDI>
      <MDI key="STATISTICS_COVARIANCES">0.000244534715859356</MDI>
      <MDI key="STATISTICS_EXCLUDEDVALUES"></MDI>
      <MDI key="STATISTICS_MAXIMUM">0.91449868679047</MDI>
      <MDI key="STATISTICS_MEAN">0.8729881805554</MDI>
      <MDI key="STATISTICS_MINIMUM">0.78806918859482</MDI>
      <MDI key="STATISTICS_SKIPFACTORX">1</MDI>
      <MDI key="STATISTICS_SKIPFACTORY">1</MDI>
      <MDI key="STATISTICS_STDDEV">0.015637605822483</MDI>
    </Metadata>
  </PAMRasterBand>
</PAMDataset>
