<PAMDataset>
  <Metadata>
    <MDI key="DataType">Generic</MDI>
  </Metadata>
  <PAMRasterBand band="1">
    <Histograms>
      <HistItem>
        <HistMin>0.8617945909500122</HistMin>
        <HistMax>0.8756557106971741</HistMax>
        <BucketCount>256</BucketCount>
        <IncludeOutOfRange>1</IncludeOutOfRange>
        <Approximate>0</Approximate>
        <HistCounts>1|0|0|0|0|0|0|1|0|0|0|1|0|1|0|0|0|1|0|1|1|1|0|0|2|1|2|2|1|2|1|3|5|6|1|2|1|7|6|6|5|7|7|8|8|9|8|16|13|10|4|7|13|19|10|12|7|9|24|8|20|9|13|24|16|9|30|19|19|21|12|20|22|19|17|20|12|27|26|19|15|17|26|21|22|9|17|15|27|14|18|11|17|16|22|13|10|23|14|11|11|11|24|24|5|14|10|16|12|15|5|7|6|10|10|11|10|9|8|5|8|3|3|5|4|5|10|2|3|8|9|5|3|9|3|3|7|2|6|4|3|5|4|0|6|4|2|6|12|5|6|1|6|1|4|8|4|4|5|5|2|1|5|1|6|0|4|5|11|7|1|4|3|6|6|6|0|4|5|7|3|6|1|1|9|4|3|4|7|0|4|3|5|6|6|0|5|2|4|4|6|2|4|4|2|3|0|4|2|6|1|0|1|0|0|1|0|2|0|2|2|0|0|1|1|2|0|0|1|0|0|0|0|0|0|0|0|2|0|0|0|0|0|0|0|0|0|1|0|0|0|0|0|0|0|1</HistCounts>
      </HistItem>
    </Histograms>
    <Metadata>
      <MDI key="RepresentationType">ATHEMATIC</MDI>
      <MDI key="STATISTICS_COVARIANCES">5.91254660554308e-06</MDI>
      <MDI key="STATISTICS_EXCLUDEDVALUES"></MDI>
      <MDI key="STATISTICS_MAXIMUM">0.87565571069717</MDI>
      <MDI key="STATISTICS_MEAN">0.86722135085613</MDI>
      <MDI key="STATISTICS_MINIMUM">0.86179459095001</MDI>
      <MDI key="STATISTICS_SKIPFACTORX">1</MDI>
      <MDI key="STATISTICS_SKIPFACTORY">1</MDI>
      <MDI key="STATISTICS_STDDEV">0.0024315728665913</MDI>
    </Metadata>
  </PAMRasterBand>
</PAMDataset>
