<PAMDataset>
  <Metadata>
    <MDI key="DataType">Generic</MDI>
  </Metadata>
  <PAMRasterBand band="1">
    <Histograms>
      <HistItem>
        <HistMin>0.8071579933166504</HistMin>
        <HistMax>0.8871549963951111</HistMax>
        <BucketCount>256</BucketCount>
        <IncludeOutOfRange>1</IncludeOutOfRange>
        <Approximate>0</Approximate>
        <HistCounts>1|0|0|0|0|0|0|0|0|0|0|0|0|0|0|0|0|0|0|0|0|0|0|0|1|0|0|0|0|0|0|0|0|0|0|0|0|0|0|0|2|0|0|0|0|0|0|0|0|0|0|0|1|0|0|0|0|0|0|0|1|0|0|0|1|0|0|1|0|0|1|1|0|0|0|2|0|0|2|0|1|0|0|0|2|0|0|0|0|1|2|0|1|0|0|1|1|1|0|0|0|0|1|0|0|1|1|1|1|0|0|0|0|0|2|1|1|1|0|1|0|0|0|4|0|1|1|0|0|2|1|3|0|0|1|2|0|1|2|0|0|1|0|2|0|1|0|1|1|2|4|4|2|5|8|5|14|15|16|30|36|35|70|46|86|88|93|109|86|67|56|62|45|41|38|37|26|27|26|20|36|23|23|33|28|31|25|28|17|8|11|16|6|2|4|3|3|4|1|1|2|2|2|3|1|1|1|1|5|0|2|1|0|2|0|1|0|0|0|1|1|1|0|1|1|1|0|1|1|0|0|0|1|0|1|1|0|0|0|1|0|0|0|0|1|0|0|0|0|0|1|0|0|0|0|1</HistCounts>
      </HistItem>
    </Histograms>
    <Metadata>
      <MDI key="RepresentationType">ATHEMATIC</MDI>
      <MDI key="STATISTICS_COVARIANCES">3.322250204345619e-05</MDI>
      <MDI key="STATISTICS_EXCLUDEDVALUES"></MDI>
      <MDI key="STATISTICS_MAXIMUM">0.88715499639511</MDI>
      <MDI key="STATISTICS_MEAN">0.86045197553933</MDI>
      <MDI key="STATISTICS_MINIMUM">0.80715799331665</MDI>
      <MDI key="STATISTICS_SKIPFACTORX">1</MDI>
      <MDI key="STATISTICS_SKIPFACTORY">1</MDI>
      <MDI key="STATISTICS_STDDEV">0.0057638964289321</MDI>
    </Metadata>
  </PAMRasterBand>
</PAMDataset>
