<PAMDataset>
  <Metadata>
    <MDI key="DataType">Generic</MDI>
  </Metadata>
  <PAMRasterBand band="1">
    <Histograms>
      <HistItem>
        <HistMin>0.8493519425392151</HistMin>
        <HistMax>0.8633165955543518</HistMax>
        <BucketCount>256</BucketCount>
        <IncludeOutOfRange>1</IncludeOutOfRange>
        <Approximate>0</Approximate>
        <HistCounts>1|0|0|0|0|0|0|0|0|0|0|1|1|0|1|0|1|0|0|0|0|6|2|0|0|0|1|2|1|0|1|2|4|3|2|2|3|1|4|0|2|4|10|5|2|5|3|2|5|8|0|1|3|5|6|5|2|7|10|5|6|0|5|9|6|11|3|6|8|4|11|9|10|11|9|6|9|9|16|14|10|9|10|14|13|16|10|12|15|17|13|13|13|11|24|11|19|21|17|32|17|21|16|8|19|15|17|18|23|27|28|21|10|32|19|18|17|13|19|22|22|17|14|5|12|13|7|9|15|11|18|9|10|6|8|5|5|11|5|9|5|9|6|4|7|4|5|3|4|12|3|10|4|5|8|3|3|6|4|3|7|3|3|4|7|8|4|0|4|2|8|7|0|4|6|1|3|8|1|3|3|6|11|7|5|3|4|6|8|4|0|4|2|9|11|7|2|3|7|4|3|5|5|6|11|6|3|3|1|6|6|3|6|1|9|4|1|5|4|1|2|6|1|2|3|1|3|2|0|2|0|0|1|1|0|0|0|1|3|1|0|0|0|0|0|1|0|0|0|0|0|0|0|1|0|1</HistCounts>
      </HistItem>
    </Histograms>
    <Metadata>
      <MDI key="RepresentationType">ATHEMATIC</MDI>
      <MDI key="STATISTICS_COVARIANCES">6.354354839618377e-06</MDI>
      <MDI key="STATISTICS_EXCLUDEDVALUES"></MDI>
      <MDI key="STATISTICS_MAXIMUM">0.86331659555435</MDI>
      <MDI key="STATISTICS_MEAN">0.85585458476096</MDI>
      <MDI key="STATISTICS_MINIMUM">0.84935194253922</MDI>
      <MDI key="STATISTICS_SKIPFACTORX">1</MDI>
      <MDI key="STATISTICS_SKIPFACTORY">1</MDI>
      <MDI key="STATISTICS_STDDEV">0.0025207845682681</MDI>
    </Metadata>
  </PAMRasterBand>
</PAMDataset>
