<PAMDataset>
  <PAMRasterBand band="1">
    <Histograms>
      <HistItem>
        <HistMin>0.8189361554243404</HistMin>
        <HistMax>0.8341697968195352</HistMax>
        <BucketCount>256</BucketCount>
        <IncludeOutOfRange>1</IncludeOutOfRange>
        <Approximate>0</Approximate>
        <HistCounts>1|0|0|1|0|1|0|0|1|0|0|0|1|0|0|1|1|1|0|0|0|0|3|0|1|0|0|1|0|0|3|0|3|0|2|0|1|4|4|0|2|4|5|1|4|3|3|5|4|7|10|3|5|2|2|4|12|13|15|9|14|9|5|6|15|14|9|7|7|14|11|10|14|14|15|11|12|12|10|15|18|13|14|11|17|16|20|12|15|12|8|15|23|15|17|26|21|20|14|20|15|10|15|15|12|13|10|10|18|11|14|19|16|19|20|10|13|15|11|6|12|10|6|9|13|17|22|17|16|13|9|9|9|6|10|8|5|7|5|9|7|11|15|8|9|9|6|4|4|8|8|3|7|3|4|7|3|10|9|4|2|2|6|6|8|4|5|8|4|7|5|6|3|8|11|1|6|3|10|4|4|4|3|3|0|5|9|1|11|7|3|3|6|2|4|6|6|3|5|2|5|2|9|3|1|4|2|3|4|4|2|2|3|2|3|2|3|5|4|0|1|1|2|1|2|1|0|1|1|2|1|5|1|0|0|1|0|1|0|0|0|0|0|0|0|0|0|1|1|0|0|0|0|0|0|1</HistCounts>
      </HistItem>
    </Histograms>
    <Metadata>
      <MDI key="RepresentationType">ATHEMATIC</MDI>
      <MDI key="STATISTICS_COVARIANCES">7.31831575529751e-06</MDI>
      <MDI key="STATISTICS_EXCLUDEDVALUES"></MDI>
      <MDI key="STATISTICS_MAXIMUM">0.83416979681954</MDI>
      <MDI key="STATISTICS_MEAN">0.82580755996562</MDI>
      <MDI key="STATISTICS_MINIMUM">0.81893615542434</MDI>
      <MDI key="STATISTICS_SKIPFACTORX">1</MDI>
      <MDI key="STATISTICS_SKIPFACTORY">1</MDI>
      <MDI key="STATISTICS_STDDEV">0.0027052385764101</MDI>
    </Metadata>
  </PAMRasterBand>
</PAMDataset>
