<PAMDataset>
  <Metadata>
    <MDI key="DataType">Generic</MDI>
  </Metadata>
  <PAMRasterBand band="1">
    <Histograms>
      <HistItem>
        <HistMin>0.824001669883728</HistMin>
        <HistMax>0.846080482006073</HistMax>
        <BucketCount>256</BucketCount>
        <IncludeOutOfRange>1</IncludeOutOfRange>
        <Approximate>0</Approximate>
        <HistCounts>1|0|0|0|0|0|0|0|0|0|0|0|0|0|0|0|0|0|0|0|0|1|0|0|0|0|0|0|0|0|0|0|1|0|0|0|1|0|0|0|0|2|0|0|0|0|0|0|0|1|0|0|0|2|3|0|0|0|0|0|0|2|1|1|0|1|1|4|0|3|0|2|1|2|0|3|2|1|2|3|2|1|1|4|1|4|2|2|6|6|5|3|2|6|2|4|4|5|7|5|3|5|4|5|4|5|6|6|3|8|3|7|10|4|1|1|5|6|10|6|10|7|6|3|3|11|10|11|10|7|8|7|11|12|12|14|11|11|16|15|13|10|12|12|11|20|15|15|22|15|18|9|16|22|20|17|11|19|20|18|23|16|25|24|30|16|16|21|13|14|13|8|25|19|17|19|15|26|12|11|16|18|17|15|4|9|17|5|11|18|17|14|11|12|13|8|23|6|14|11|6|4|11|15|15|13|11|11|2|9|4|12|7|6|8|7|6|6|8|11|3|3|5|5|6|5|4|7|1|3|2|4|5|4|2|3|1|2|1|1|3|1|2|1|1|1|0|0|2|0|0|1|1|0|0|1</HistCounts>
      </HistItem>
    </Histograms>
    <Metadata>
      <MDI key="RepresentationType">ATHEMATIC</MDI>
      <MDI key="STATISTICS_COVARIANCES">1.084070746689482e-05</MDI>
      <MDI key="STATISTICS_EXCLUDEDVALUES"></MDI>
      <MDI key="STATISTICS_MAXIMUM">0.84608048200607</MDI>
      <MDI key="STATISTICS_MEAN">0.83801345836371</MDI>
      <MDI key="STATISTICS_MINIMUM">0.82400166988373</MDI>
      <MDI key="STATISTICS_SKIPFACTORX">1</MDI>
      <MDI key="STATISTICS_SKIPFACTORY">1</MDI>
      <MDI key="STATISTICS_STDDEV">0.0032925229637612</MDI>
    </Metadata>
  </PAMRasterBand>
</PAMDataset>
