<PAMDataset>
  <Metadata>
    <MDI key="DataType">Generic</MDI>
  </Metadata>
  <PAMRasterBand band="1">
    <Histograms>
      <HistItem>
        <HistMin>0.8537548184394836</HistMin>
        <HistMax>0.8687081336975098</HistMax>
        <BucketCount>256</BucketCount>
        <IncludeOutOfRange>1</IncludeOutOfRange>
        <Approximate>0</Approximate>
        <HistCounts>1|0|0|0|0|0|0|0|0|0|1|0|0|0|0|0|0|0|0|2|1|0|0|1|2|2|0|0|1|1|1|0|0|0|1|2|0|1|1|2|1|5|0|1|1|1|4|2|4|3|1|1|4|5|4|5|6|4|6|3|6|3|6|6|9|8|9|7|4|14|8|8|5|9|4|12|7|9|4|10|5|12|12|9|15|14|13|9|10|9|21|3|13|9|11|17|13|17|17|18|20|24|18|20|8|26|15|19|20|22|23|26|22|16|29|20|16|12|16|12|22|14|20|12|23|16|18|15|15|15|23|20|11|9|8|6|4|10|9|16|15|9|11|5|16|7|7|5|12|8|6|6|6|5|4|12|3|4|4|1|5|5|6|6|2|5|7|8|3|4|4|9|9|3|7|1|2|4|5|5|11|4|7|9|9|2|3|3|3|11|6|1|4|10|5|7|0|3|9|2|5|2|4|2|5|2|3|8|4|2|1|5|3|6|3|2|2|4|3|3|3|1|0|0|0|3|3|2|4|0|0|0|0|0|5|2|1|0|0|2|0|0|0|1|0|0|0|1|1|0|0|0|0|0|0|1</HistCounts>
      </HistItem>
    </Histograms>
    <Metadata>
      <MDI key="RepresentationType">ATHEMATIC</MDI>
      <MDI key="STATISTICS_COVARIANCES">6.326427713417599e-06</MDI>
      <MDI key="STATISTICS_EXCLUDEDVALUES"></MDI>
      <MDI key="STATISTICS_MAXIMUM">0.86870813369751</MDI>
      <MDI key="STATISTICS_MEAN">0.8609429814294</MDI>
      <MDI key="STATISTICS_MINIMUM">0.85375481843948</MDI>
      <MDI key="STATISTICS_SKIPFACTORX">1</MDI>
      <MDI key="STATISTICS_SKIPFACTORY">1</MDI>
      <MDI key="STATISTICS_STDDEV">0.0025152390966701</MDI>
    </Metadata>
  </PAMRasterBand>
</PAMDataset>
