<PAMDataset>
  <Metadata>
    <MDI key="DataType">Generic</MDI>
  </Metadata>
  <PAMRasterBand band="1">
    <Histograms>
      <HistItem>
        <HistMin>0.8750016689300537</HistMin>
        <HistMax>0.8891345858573914</HistMax>
        <BucketCount>256</BucketCount>
        <IncludeOutOfRange>1</IncludeOutOfRange>
        <Approximate>0</Approximate>
        <HistCounts>2|2|0|0|1|2|3|0|2|1|1|5|4|7|5|5|3|2|3|3|1|5|4|8|3|2|4|9|6|4|7|8|5|11|8|5|16|11|5|8|11|14|4|12|7|9|13|13|4|12|14|9|5|13|23|7|12|9|14|22|25|9|16|16|21|16|24|22|24|19|13|6|34|14|16|9|13|15|25|14|18|21|20|13|19|17|17|26|23|14|16|19|16|12|14|12|14|5|14|8|6|9|7|8|11|9|11|4|14|8|6|6|2|9|5|2|7|3|8|4|6|5|0|4|3|6|10|3|5|8|1|5|5|2|5|7|4|3|5|6|5|4|5|4|5|5|5|3|3|4|4|1|9|4|1|5|7|7|2|2|4|1|3|2|7|10|5|2|5|1|2|2|8|12|8|2|3|5|5|4|2|4|4|10|4|4|4|2|4|4|1|3|4|4|2|1|4|4|2|2|4|6|4|1|4|2|3|0|0|3|3|2|2|0|0|1|1|0|0|2|0|1|1|1|0|0|0|2|1|0|0|0|1|0|0|0|0|0|0|0|0|0|0|0|0|0|0|0|0|0|0|0|0|0|0|1</HistCounts>
      </HistItem>
    </Histograms>
    <Metadata>
      <MDI key="RepresentationType">ATHEMATIC</MDI>
      <MDI key="STATISTICS_COVARIANCES">7.164162569297826e-06</MDI>
      <MDI key="STATISTICS_EXCLUDEDVALUES"></MDI>
      <MDI key="STATISTICS_MAXIMUM">0.88913458585739</MDI>
      <MDI key="STATISTICS_MEAN">0.88010128837079</MDI>
      <MDI key="STATISTICS_MINIMUM">0.87500166893005</MDI>
      <MDI key="STATISTICS_SKIPFACTORX">1</MDI>
      <MDI key="STATISTICS_SKIPFACTORY">1</MDI>
      <MDI key="STATISTICS_STDDEV">0.0026765953316289</MDI>
    </Metadata>
  </PAMRasterBand>
</PAMDataset>
