<PAMDataset>
  <Metadata>
    <MDI key="DataType">Generic</MDI>
  </Metadata>
  <PAMRasterBand band="1">
    <Histograms>
      <HistItem>
        <HistMin>0.8283588290214539</HistMin>
        <HistMax>0.8521679639816284</HistMax>
        <BucketCount>256</BucketCount>
        <IncludeOutOfRange>1</IncludeOutOfRange>
        <Approximate>0</Approximate>
        <HistCounts>1|0|0|0|0|0|0|1|0|0|0|1|0|0|0|0|0|0|2|0|1|0|0|0|0|0|1|0|1|0|0|0|0|0|0|0|0|0|0|0|0|0|0|1|1|0|0|0|0|0|0|1|1|0|0|0|0|0|0|1|0|0|1|0|0|0|0|1|1|1|1|2|1|1|0|1|0|0|0|4|0|1|0|0|1|1|1|1|0|0|1|1|1|1|0|0|0|0|0|1|2|2|0|1|0|3|6|4|1|5|1|3|3|4|4|1|3|2|3|6|8|3|3|7|8|9|13|12|10|7|7|13|5|12|10|8|8|6|6|7|8|8|9|10|5|13|9|7|3|10|18|12|15|16|9|14|10|9|19|27|30|16|24|3|23|28|25|25|31|31|24|31|24|22|25|28|19|22|34|27|22|37|21|25|31|20|25|22|23|13|15|16|13|7|17|16|17|4|14|17|9|14|10|10|10|10|8|7|5|6|7|5|10|8|6|4|9|6|11|8|4|4|4|5|5|3|8|5|8|4|2|4|1|1|0|2|3|1|1|1|2|3|1|1|1|0|2|3|3|0|1|0|0|1|1|1</HistCounts>
      </HistItem>
    </Histograms>
    <Metadata>
      <MDI key="RepresentationType">ATHEMATIC</MDI>
      <MDI key="STATISTICS_COVARIANCES">9.500235510115565e-06</MDI>
      <MDI key="STATISTICS_EXCLUDEDVALUES"></MDI>
      <MDI key="STATISTICS_MAXIMUM">0.85216796398163</MDI>
      <MDI key="STATISTICS_MEAN">0.84428836975247</MDI>
      <MDI key="STATISTICS_MINIMUM">0.82835882902145</MDI>
      <MDI key="STATISTICS_SKIPFACTORX">1</MDI>
      <MDI key="STATISTICS_SKIPFACTORY">1</MDI>
      <MDI key="STATISTICS_STDDEV">0.0030822452060333</MDI>
    </Metadata>
  </PAMRasterBand>
</PAMDataset>
