<PAMDataset>
  <PAMRasterBand band="1">
    <Histograms>
      <HistItem>
        <HistMin>0.7967746674441398</HistMin>
        <HistMax>0.8137260960737802</HistMax>
        <BucketCount>256</BucketCount>
        <IncludeOutOfRange>1</IncludeOutOfRange>
        <Approximate>0</Approximate>
        <HistCounts>1|0|0|0|0|0|0|0|0|0|0|0|0|0|0|0|0|0|0|0|0|0|0|1|0|0|1|0|0|1|1|0|0|0|1|0|0|0|0|1|2|2|1|0|0|0|3|0|1|4|1|1|1|0|1|4|0|0|3|2|2|1|3|0|2|1|2|1|5|7|4|3|1|6|3|3|10|7|5|4|9|7|5|4|11|13|10|14|5|2|1|14|15|10|10|11|20|12|13|15|18|10|13|12|14|17|14|22|11|16|21|10|7|14|22|7|18|13|22|12|12|19|20|32|22|22|13|20|22|16|27|12|17|14|20|8|14|21|22|18|10|16|10|26|23|24|16|17|7|16|21|11|17|14|8|10|17|12|12|13|11|13|12|13|15|10|19|19|12|6|13|6|8|8|11|6|5|7|3|12|5|10|8|5|3|5|5|5|3|3|3|3|0|3|3|9|2|4|3|1|3|1|2|1|5|0|1|2|1|3|1|1|4|3|0|2|0|0|1|0|0|0|0|0|2|2|0|0|0|0|0|0|0|2|0|0|0|1|0|0|0|0|1|0|0|0|0|0|0|0|0|0|0|0|0|1</HistCounts>
      </HistItem>
    </Histograms>
    <Metadata>
      <MDI key="RepresentationType">ATHEMATIC</MDI>
      <MDI key="STATISTICS_COVARIANCES">5.336006567815842e-06</MDI>
      <MDI key="STATISTICS_EXCLUDEDVALUES"></MDI>
      <MDI key="STATISTICS_MAXIMUM">0.81372609607378</MDI>
      <MDI key="STATISTICS_MEAN">0.80547994150976</MDI>
      <MDI key="STATISTICS_MINIMUM">0.79677466744414</MDI>
      <MDI key="STATISTICS_SKIPFACTORX">1</MDI>
      <MDI key="STATISTICS_SKIPFACTORY">1</MDI>
      <MDI key="STATISTICS_STDDEV">0.002309979776495</MDI>
    </Metadata>
  </PAMRasterBand>
</PAMDataset>
