<PAMDataset>
  <Metadata>
    <MDI key="DataType">Generic</MDI>
  </Metadata>
  <PAMRasterBand band="1">
    <Histograms>
      <HistItem>
        <HistMin>0.8682159185409546</HistMin>
        <HistMax>0.9097950458526611</HistMax>
        <BucketCount>256</BucketCount>
        <IncludeOutOfRange>1</IncludeOutOfRange>
        <Approximate>0</Approximate>
        <HistCounts>1|0|0|0|0|0|0|0|0|0|0|0|1|2|0|0|1|1|0|0|0|0|0|0|0|0|0|1|0|1|1|0|0|3|2|1|2|0|0|3|1|1|0|1|0|4|0|1|2|4|1|4|4|0|2|2|0|3|10|6|2|5|8|3|2|3|2|2|4|3|2|5|4|5|2|8|4|1|8|2|3|6|7|0|8|2|6|3|5|6|5|7|3|6|3|6|2|0|5|3|3|1|7|7|2|5|3|1|1|4|2|2|3|2|4|1|0|3|4|3|4|5|3|5|2|5|0|2|7|1|1|0|2|5|1|4|2|5|6|3|3|3|5|1|6|7|6|5|4|8|5|4|7|8|6|8|7|8|6|9|5|8|11|11|10|8|9|12|15|16|15|17|13|16|19|16|9|12|14|12|9|11|11|18|20|19|19|23|15|20|29|17|17|15|20|17|23|28|10|22|25|20|24|17|18|16|22|16|11|21|16|14|8|11|8|8|13|17|14|20|10|9|9|16|8|13|12|17|8|3|10|3|8|6|6|7|9|4|8|3|8|1|2|6|3|2|2|5|1|2|1|2|1|0|0|1</HistCounts>
      </HistItem>
    </Histograms>
    <Metadata>
      <MDI key="RepresentationType">ATHEMATIC</MDI>
      <MDI key="STATISTICS_COVARIANCES">6.935007780647492e-05</MDI>
      <MDI key="STATISTICS_EXCLUDEDVALUES"></MDI>
      <MDI key="STATISTICS_MAXIMUM">0.90979504585266</MDI>
      <MDI key="STATISTICS_MEAN">0.89613794468343</MDI>
      <MDI key="STATISTICS_MINIMUM">0.86821591854095</MDI>
      <MDI key="STATISTICS_SKIPFACTORX">1</MDI>
      <MDI key="STATISTICS_SKIPFACTORY">1</MDI>
      <MDI key="STATISTICS_STDDEV">0.0083276694102537</MDI>
    </Metadata>
  </PAMRasterBand>
</PAMDataset>
