<PAMDataset>
  <Metadata>
    <MDI key="DataType">Generic</MDI>
  </Metadata>
  <PAMRasterBand band="1">
    <Histograms>
      <HistItem>
        <HistMin>0.7308132648468018</HistMin>
        <HistMax>0.775481641292572</HistMax>
        <BucketCount>256</BucketCount>
        <IncludeOutOfRange>1</IncludeOutOfRange>
        <Approximate>0</Approximate>
        <HistCounts>1|0|0|0|0|0|0|0|0|0|2|0|0|0|1|1|1|0|0|0|3|0|0|0|0|0|1|2|1|0|1|1|1|0|0|1|2|0|2|3|2|2|2|1|1|1|1|0|0|1|0|0|2|1|1|3|1|1|0|0|3|2|3|1|6|4|3|0|1|1|4|1|0|1|4|6|2|0|3|5|2|1|1|2|3|3|1|8|2|1|5|2|2|1|1|1|4|3|4|3|2|2|3|4|3|1|5|6|2|6|1|7|2|6|2|3|5|5|3|3|6|5|5|3|5|4|4|5|4|4|2|9|7|8|1|9|2|10|7|6|6|11|6|4|5|9|6|5|10|4|15|3|7|4|6|7|15|12|9|4|3|10|3|2|8|2|4|7|4|5|3|8|8|6|6|4|9|5|8|4|3|6|7|5|7|6|6|12|6|7|7|12|7|14|15|17|10|15|20|13|21|12|23|11|18|27|31|26|29|19|33|19|25|29|24|26|25|25|26|19|20|32|17|35|15|20|21|22|15|20|13|24|16|4|12|6|20|9|3|4|7|1|8|1|2|2|3|3|0|2|0|0|0|1|0|1</HistCounts>
      </HistItem>
    </Histograms>
    <Metadata>
      <MDI key="RepresentationType">ATHEMATIC</MDI>
      <MDI key="STATISTICS_COVARIANCES">7.756031816937704e-05</MDI>
      <MDI key="STATISTICS_EXCLUDEDVALUES"></MDI>
      <MDI key="STATISTICS_MAXIMUM">0.77548164129257</MDI>
      <MDI key="STATISTICS_MEAN">0.76261882573366</MDI>
      <MDI key="STATISTICS_MINIMUM">0.7308132648468</MDI>
      <MDI key="STATISTICS_SKIPFACTORX">1</MDI>
      <MDI key="STATISTICS_SKIPFACTORY">1</MDI>
      <MDI key="STATISTICS_STDDEV">0.0088068336063183</MDI>
    </Metadata>
  </PAMRasterBand>
</PAMDataset>
