<PAMDataset>
  <Metadata>
    <MDI key="DataType">Generic</MDI>
  </Metadata>
  <PAMRasterBand band="1">
    <Histograms>
      <HistItem>
        <HistMin>0.8367990255355835</HistMin>
        <HistMax>0.8515491485595703</HistMax>
        <BucketCount>256</BucketCount>
        <IncludeOutOfRange>1</IncludeOutOfRange>
        <Approximate>0</Approximate>
        <HistCounts>1|0|0|0|0|1|1|0|0|0|1|1|0|0|0|1|0|0|0|0|0|2|1|0|0|0|0|1|1|0|2|1|1|1|0|0|2|2|1|1|0|2|5|2|1|0|3|4|3|1|1|1|8|1|6|1|2|4|3|3|3|6|5|9|10|5|6|10|8|5|3|5|7|5|16|10|5|14|12|6|12|5|11|16|7|17|9|13|16|15|15|13|15|11|21|20|16|16|18|15|15|17|18|20|15|20|21|18|17|23|17|16|13|8|18|14|22|14|9|22|14|18|21|14|18|13|18|9|13|9|8|12|18|15|12|13|12|12|10|10|8|3|16|8|8|6|11|4|6|1|3|8|9|4|8|9|7|3|7|2|7|5|11|7|5|5|2|8|6|10|9|4|4|5|5|6|6|9|4|9|5|9|4|7|6|11|13|1|8|6|9|7|4|9|6|12|4|7|5|5|8|6|2|7|5|5|6|3|1|2|4|2|5|3|4|1|2|4|1|3|2|1|3|3|0|0|1|0|1|0|1|0|0|1|0|1|0|0|1|0|0|0|1|1|0|0|0|0|1|0|0|1|0|0|0|1</HistCounts>
      </HistItem>
    </Histograms>
    <Metadata>
      <MDI key="RepresentationType">ATHEMATIC</MDI>
      <MDI key="STATISTICS_COVARIANCES">6.380838373515426e-06</MDI>
      <MDI key="STATISTICS_EXCLUDEDVALUES"></MDI>
      <MDI key="STATISTICS_MAXIMUM">0.85154914855957</MDI>
      <MDI key="STATISTICS_MEAN">0.84397315174341</MDI>
      <MDI key="STATISTICS_MINIMUM">0.83679902553558</MDI>
      <MDI key="STATISTICS_SKIPFACTORX">1</MDI>
      <MDI key="STATISTICS_SKIPFACTORY">1</MDI>
      <MDI key="STATISTICS_STDDEV">0.002526032140238</MDI>
    </Metadata>
  </PAMRasterBand>
</PAMDataset>
