<PAMDataset>
  <Metadata>
    <MDI key="DataType">Generic</MDI>
  </Metadata>
  <PAMRasterBand band="1">
    <Histograms>
      <HistItem>
        <HistMin>0.8730834722518921</HistMin>
        <HistMax>0.884125292301178</HistMax>
        <BucketCount>256</BucketCount>
        <IncludeOutOfRange>1</IncludeOutOfRange>
        <Approximate>0</Approximate>
        <HistCounts>1|0|1|0|0|0|0|0|0|0|0|0|1|0|0|0|0|0|0|1|1|0|1|1|0|1|1|1|0|0|1|2|2|1|3|0|1|5|4|1|2|2|2|5|4|1|2|2|3|4|2|4|0|3|5|6|6|3|3|4|5|9|5|7|10|2|9|8|9|11|7|10|12|19|5|10|11|22|15|13|16|14|11|13|14|13|13|13|7|16|26|19|16|10|9|15|16|19|14|16|12|18|19|17|22|26|15|15|21|17|8|15|10|20|19|17|13|10|23|14|11|17|11|7|14|13|14|18|4|9|13|9|11|8|6|10|10|8|12|9|4|9|9|10|9|11|8|10|4|5|8|9|7|9|6|5|5|7|6|13|5|4|7|9|11|7|6|5|4|7|12|7|4|5|5|3|12|6|7|4|8|3|8|3|6|2|6|9|6|5|2|3|5|6|1|2|5|6|4|3|6|6|2|3|2|5|2|3|6|4|1|4|2|6|2|3|2|3|3|3|3|2|1|0|0|2|1|1|3|1|0|1|0|0|1|1|1|0|0|0|0|4|2|0|0|0|0|1|0|1|1|0|0|0|0|1</HistCounts>
      </HistItem>
    </Histograms>
    <Metadata>
      <MDI key="RepresentationType">ATHEMATIC</MDI>
      <MDI key="STATISTICS_COVARIANCES">3.728119737506621e-06</MDI>
      <MDI key="STATISTICS_EXCLUDEDVALUES"></MDI>
      <MDI key="STATISTICS_MAXIMUM">0.88412529230118</MDI>
      <MDI key="STATISTICS_MEAN">0.87828078404069</MDI>
      <MDI key="STATISTICS_MINIMUM">0.87308347225189</MDI>
      <MDI key="STATISTICS_SKIPFACTORX">1</MDI>
      <MDI key="STATISTICS_SKIPFACTORY">1</MDI>
      <MDI key="STATISTICS_STDDEV">0.001930833948714</MDI>
    </Metadata>
  </PAMRasterBand>
</PAMDataset>
