<PAMDataset>
  <Metadata>
    <MDI key="DataType">Generic</MDI>
  </Metadata>
  <PAMRasterBand band="1">
    <Histograms>
      <HistItem>
        <HistMin>0.7897679805755615</HistMin>
        <HistMax>0.8791346549987793</HistMax>
        <BucketCount>256</BucketCount>
        <IncludeOutOfRange>1</IncludeOutOfRange>
        <Approximate>0</Approximate>
        <HistCounts>1|0|0|0|0|0|0|0|0|0|0|0|0|0|0|0|0|0|0|0|0|0|0|0|0|0|0|0|0|0|0|1|0|0|0|0|0|0|0|0|0|0|0|0|0|0|0|0|0|0|0|0|0|0|0|0|0|0|0|0|0|0|0|0|0|2|0|1|0|1|0|1|0|0|0|0|1|0|0|0|0|0|0|0|0|0|0|0|0|1|1|1|2|0|1|0|0|1|1|1|0|0|0|1|0|0|2|1|0|0|0|1|0|2|2|0|0|0|1|0|0|2|0|0|0|1|0|2|0|0|1|1|0|1|1|1|0|1|2|3|1|2|1|1|0|0|1|0|2|1|0|1|1|1|1|2|1|2|0|1|2|0|4|2|1|1|2|1|3|5|8|10|24|24|47|72|85|81|99|136|125|119|131|114|86|62|54|36|17|20|16|14|10|17|14|4|11|8|4|7|8|1|3|0|1|3|2|5|4|1|1|1|1|1|1|2|2|3|1|1|1|2|0|2|1|1|0|0|1|0|1|1|0|0|0|0|0|0|0|0|0|1|0|3|0|0|2|0|2|0|0|0|0|1|0|1</HistCounts>
      </HistItem>
    </Histograms>
    <Metadata>
      <MDI key="RepresentationType">ATHEMATIC</MDI>
      <MDI key="STATISTICS_COVARIANCES">3.413437226727889e-05</MDI>
      <MDI key="STATISTICS_EXCLUDEDVALUES"></MDI>
      <MDI key="STATISTICS_MAXIMUM">0.87913465499878</MDI>
      <MDI key="STATISTICS_MEAN">0.85297598794103</MDI>
      <MDI key="STATISTICS_MINIMUM">0.78976798057556</MDI>
      <MDI key="STATISTICS_SKIPFACTORX">1</MDI>
      <MDI key="STATISTICS_SKIPFACTORY">1</MDI>
      <MDI key="STATISTICS_STDDEV">0.0058424628597261</MDI>
    </Metadata>
  </PAMRasterBand>
</PAMDataset>
