<PAMDataset>
  <Metadata>
    <MDI key="DataType">Generic</MDI>
  </Metadata>
  <PAMRasterBand band="1">
    <Histograms>
      <HistItem>
        <HistMin>0.8586075305938721</HistMin>
        <HistMax>0.8702971339225769</HistMax>
        <BucketCount>256</BucketCount>
        <IncludeOutOfRange>1</IncludeOutOfRange>
        <Approximate>0</Approximate>
        <HistCounts>1|0|0|0|0|0|0|0|0|2|0|0|0|1|0|2|1|0|2|1|0|1|2|3|1|0|1|3|2|2|2|3|3|3|4|1|4|3|4|7|5|0|2|5|3|4|2|5|4|2|10|2|5|4|7|5|9|5|4|7|14|7|9|6|4|2|4|7|9|5|11|6|8|15|8|5|12|7|13|17|10|11|6|8|16|15|10|13|12|14|9|17|11|12|9|8|17|18|13|9|13|16|15|13|12|15|10|18|17|8|14|12|12|22|16|16|12|15|9|14|16|21|15|11|20|15|10|11|9|15|12|15|13|7|16|14|16|21|14|8|12|9|15|13|11|8|10|10|13|13|8|4|9|10|12|7|3|6|6|11|12|6|10|7|9|8|10|2|5|6|9|8|4|9|8|1|10|14|4|8|3|3|4|6|3|4|7|3|10|2|3|3|0|4|4|3|4|1|3|9|3|4|1|2|1|6|2|1|1|1|3|4|1|1|1|1|7|0|1|0|0|3|3|2|1|1|1|0|0|0|0|1|1|3|1|0|1|1|0|0|0|1|1|0|1|0|0|0|0|1|1|0|0|0|1|1</HistCounts>
      </HistItem>
    </Histograms>
    <Metadata>
      <MDI key="RepresentationType">ATHEMATIC</MDI>
      <MDI key="STATISTICS_COVARIANCES">4.210856592194102e-06</MDI>
      <MDI key="STATISTICS_EXCLUDEDVALUES"></MDI>
      <MDI key="STATISTICS_MAXIMUM">0.87029713392258</MDI>
      <MDI key="STATISTICS_MEAN">0.86405534930527</MDI>
      <MDI key="STATISTICS_MINIMUM">0.85860753059387</MDI>
      <MDI key="STATISTICS_SKIPFACTORX">1</MDI>
      <MDI key="STATISTICS_SKIPFACTORY">1</MDI>
      <MDI key="STATISTICS_STDDEV">0.002052037180997</MDI>
    </Metadata>
  </PAMRasterBand>
</PAMDataset>
