<PAMDataset>
  <Metadata>
    <MDI key="DataType">Generic</MDI>
  </Metadata>
  <PAMRasterBand band="1">
    <Histograms>
      <HistItem>
        <HistMin>0.8328838348388672</HistMin>
        <HistMax>0.8608370423316956</HistMax>
        <BucketCount>256</BucketCount>
        <IncludeOutOfRange>1</IncludeOutOfRange>
        <Approximate>0</Approximate>
        <HistCounts>1|0|0|0|0|0|0|1|0|1|0|0|0|0|1|0|0|0|0|0|0|0|0|0|1|0|1|0|0|0|2|1|0|0|0|2|0|0|1|0|2|0|0|2|1|3|1|0|0|1|0|0|1|2|1|2|0|2|3|1|1|0|2|3|5|1|1|4|2|2|3|0|1|4|3|2|1|5|3|1|4|2|2|6|6|5|2|5|1|6|2|5|3|5|14|4|4|2|6|5|1|8|8|8|8|4|8|8|6|7|4|3|6|6|8|8|6|11|7|11|7|12|6|15|13|11|11|9|11|15|18|15|7|19|8|13|11|7|15|9|15|11|16|12|11|23|21|16|10|22|15|18|18|13|16|21|8|21|19|23|23|22|15|19|18|21|17|21|19|24|19|11|22|19|17|20|15|10|19|21|11|9|11|17|16|12|9|11|17|23|3|9|14|7|14|9|7|7|11|9|3|13|10|4|12|5|5|3|7|4|1|3|6|5|9|8|8|3|3|4|0|2|1|1|2|3|1|2|2|0|1|0|0|2|0|0|0|0|0|0|1|0|0|0|0|1|0|0|0|0|2|0|0|0|0|1</HistCounts>
      </HistItem>
    </Histograms>
    <Metadata>
      <MDI key="RepresentationType">ATHEMATIC</MDI>
      <MDI key="STATISTICS_COVARIANCES">1.797693696126019e-05</MDI>
      <MDI key="STATISTICS_EXCLUDEDVALUES"></MDI>
      <MDI key="STATISTICS_MAXIMUM">0.8608370423317</MDI>
      <MDI key="STATISTICS_MEAN">0.84950598910451</MDI>
      <MDI key="STATISTICS_MINIMUM">0.83288383483887</MDI>
      <MDI key="STATISTICS_SKIPFACTORX">1</MDI>
      <MDI key="STATISTICS_SKIPFACTORY">1</MDI>
      <MDI key="STATISTICS_STDDEV">0.0042399218107484</MDI>
    </Metadata>
  </PAMRasterBand>
</PAMDataset>
