<PAMDataset>
  <Metadata>
    <MDI key="DataType">Generic</MDI>
  </Metadata>
  <PAMRasterBand band="1">
    <Histograms>
      <HistItem>
        <HistMin>0.826674222946167</HistMin>
        <HistMax>0.8431244492530823</HistMax>
        <BucketCount>256</BucketCount>
        <IncludeOutOfRange>1</IncludeOutOfRange>
        <Approximate>0</Approximate>
        <HistCounts>1|0|0|0|0|0|1|0|0|1|0|0|1|0|0|1|0|1|1|5|1|3|0|2|0|0|1|1|5|3|3|3|7|3|5|4|9|13|5|4|7|4|4|6|10|8|7|4|14|8|8|18|8|13|13|9|14|13|11|10|14|10|14|12|6|9|12|14|13|12|12|16|15|17|16|13|21|14|20|17|21|16|15|24|15|18|12|14|20|18|16|18|12|23|26|9|12|18|13|23|16|7|14|20|19|8|16|9|20|13|13|17|12|11|11|15|7|15|18|15|21|13|10|12|9|10|10|4|12|16|5|10|10|9|11|7|10|10|14|12|12|6|2|7|8|5|9|1|5|12|7|3|5|2|2|3|7|1|4|3|1|2|1|2|4|3|3|3|1|3|2|2|3|1|2|2|3|3|3|2|0|2|2|1|1|1|2|2|1|2|1|4|1|3|1|2|2|2|0|1|0|1|3|0|0|1|0|0|0|0|4|0|1|5|1|0|2|0|1|0|0|0|0|1|0|0|1|1|0|0|0|0|1|2|2|2|0|0|0|1|0|0|0|2|1|0|0|1|0|0|0|0|0|0|0|1</HistCounts>
      </HistItem>
    </Histograms>
    <Metadata>
      <MDI key="RepresentationType">ATHEMATIC</MDI>
      <MDI key="STATISTICS_COVARIANCES">6.877187260761067e-06</MDI>
      <MDI key="STATISTICS_EXCLUDEDVALUES"></MDI>
      <MDI key="STATISTICS_MAXIMUM">0.84312444925308</MDI>
      <MDI key="STATISTICS_MEAN">0.83304287131876</MDI>
      <MDI key="STATISTICS_MINIMUM">0.82667422294617</MDI>
      <MDI key="STATISTICS_SKIPFACTORX">1</MDI>
      <MDI key="STATISTICS_SKIPFACTORY">1</MDI>
      <MDI key="STATISTICS_STDDEV">0.0026224391815181</MDI>
    </Metadata>
  </PAMRasterBand>
</PAMDataset>
