<PAMDataset>
  <Metadata>
    <MDI key="DataType">Generic</MDI>
  </Metadata>
  <PAMRasterBand band="1">
    <Histograms>
      <HistItem>
        <HistMin>0.8455197811126709</HistMin>
        <HistMax>0.8877853155136108</HistMax>
        <BucketCount>256</BucketCount>
        <IncludeOutOfRange>1</IncludeOutOfRange>
        <Approximate>0</Approximate>
        <HistCounts>1|0|0|1|0|0|0|0|0|0|0|0|0|0|0|0|0|0|0|0|0|0|0|0|0|1|0|0|0|0|0|0|0|0|0|0|0|0|0|0|0|1|0|0|0|2|0|2|2|0|0|0|0|2|2|0|2|3|0|0|2|1|0|0|0|1|2|1|1|1|1|1|4|0|0|1|2|1|0|3|1|1|1|0|1|2|2|0|3|3|1|2|2|0|1|1|0|1|2|0|1|2|0|1|1|1|0|0|1|0|1|4|0|1|1|1|0|1|0|0|4|4|2|1|6|1|1|2|0|1|4|4|4|8|4|7|8|5|3|12|7|12|24|16|20|33|26|20|36|30|31|41|43|33|20|52|26|41|48|30|34|42|24|38|24|33|28|20|24|14|26|12|20|16|17|12|12|10|11|10|11|13|11|8|10|3|11|7|10|14|5|7|9|8|11|7|8|8|11|12|11|5|13|7|4|12|3|3|7|10|3|4|8|3|6|9|6|4|5|7|3|5|5|3|6|4|1|3|5|5|1|3|6|3|6|1|3|2|5|3|2|3|0|1|2|7|4|2|3|1|1|4|0|2|2|1</HistCounts>
      </HistItem>
    </Histograms>
    <Metadata>
      <MDI key="RepresentationType">ATHEMATIC</MDI>
      <MDI key="STATISTICS_COVARIANCES">3.11429569003241e-05</MDI>
      <MDI key="STATISTICS_EXCLUDEDVALUES"></MDI>
      <MDI key="STATISTICS_MAXIMUM">0.88778531551361</MDI>
      <MDI key="STATISTICS_MEAN">0.87301975864917</MDI>
      <MDI key="STATISTICS_MINIMUM">0.84551978111267</MDI>
      <MDI key="STATISTICS_SKIPFACTORX">1</MDI>
      <MDI key="STATISTICS_SKIPFACTORY">1</MDI>
      <MDI key="STATISTICS_STDDEV">0.0055805875049428</MDI>
    </Metadata>
  </PAMRasterBand>
</PAMDataset>
