<PAMDataset>
  <Metadata>
    <MDI key="DataType">Generic</MDI>
  </Metadata>
  <PAMRasterBand band="1">
    <Histograms>
      <HistItem>
        <HistMin>0.8356088995933533</HistMin>
        <HistMax>0.8513070344924927</HistMax>
        <BucketCount>256</BucketCount>
        <IncludeOutOfRange>1</IncludeOutOfRange>
        <Approximate>0</Approximate>
        <HistCounts>1|0|0|0|0|0|0|1|2|1|1|0|0|0|0|0|0|2|1|2|0|1|1|1|3|3|5|2|2|1|3|1|2|2|0|4|3|2|1|4|0|3|0|1|6|2|4|0|4|3|6|0|4|4|5|6|11|6|3|4|2|7|10|2|4|6|4|1|9|3|4|4|4|6|7|5|7|0|3|2|7|5|4|8|7|4|5|2|2|9|5|4|4|0|7|10|4|5|4|5|0|2|6|4|3|5|5|3|4|3|2|5|2|2|8|5|10|7|3|2|5|3|11|8|9|4|11|12|5|4|3|12|10|13|14|13|7|11|9|8|9|3|11|21|17|12|10|7|3|12|14|14|12|18|18|11|11|8|16|8|18|15|12|28|15|9|21|15|9|14|8|13|18|18|20|17|11|15|19|10|14|17|21|13|16|14|11|23|17|12|11|15|19|13|6|15|7|15|11|7|7|9|9|4|5|9|17|12|7|6|4|4|9|10|4|6|6|7|7|5|7|6|2|4|4|3|7|2|2|4|0|2|1|0|1|2|3|3|1|0|2|0|0|0|1|3|2|0|3|0|0|0|0|0|2|1</HistCounts>
      </HistItem>
    </Histograms>
    <Metadata>
      <MDI key="RepresentationType">ATHEMATIC</MDI>
      <MDI key="STATISTICS_COVARIANCES">9.901879091421904e-06</MDI>
      <MDI key="STATISTICS_EXCLUDEDVALUES"></MDI>
      <MDI key="STATISTICS_MAXIMUM">0.85130703449249</MDI>
      <MDI key="STATISTICS_MEAN">0.84476442717016</MDI>
      <MDI key="STATISTICS_MINIMUM">0.83560889959335</MDI>
      <MDI key="STATISTICS_SKIPFACTORX">1</MDI>
      <MDI key="STATISTICS_SKIPFACTORY">1</MDI>
      <MDI key="STATISTICS_STDDEV">0.0031467251375711</MDI>
    </Metadata>
  </PAMRasterBand>
</PAMDataset>
