<PAMDataset>
  <Metadata>
    <MDI key="DataType">Generic</MDI>
  </Metadata>
  <PAMRasterBand band="1">
    <Histograms>
      <HistItem>
        <HistMin>0.820448637008667</HistMin>
        <HistMax>0.8316813707351685</HistMax>
        <BucketCount>256</BucketCount>
        <IncludeOutOfRange>1</IncludeOutOfRange>
        <Approximate>0</Approximate>
        <HistCounts>1|0|0|0|0|0|0|0|0|0|1|0|0|2|0|1|0|1|0|1|2|1|0|1|1|1|2|2|0|4|1|2|0|0|1|1|5|1|1|5|4|7|9|2|10|2|6|0|5|5|12|5|6|10|5|12|10|12|9|9|7|14|5|14|7|12|15|10|22|13|21|10|11|15|10|12|12|14|10|18|9|18|22|20|17|27|12|13|15|22|16|14|18|10|20|8|12|22|26|18|21|23|14|8|18|16|12|22|17|21|11|12|13|18|14|17|9|12|17|16|13|12|16|26|6|9|9|11|21|15|11|9|11|4|6|6|14|10|6|7|14|6|2|12|5|9|2|11|4|7|13|12|1|3|7|3|8|5|10|12|3|8|4|3|0|5|7|3|0|3|2|3|4|4|0|2|2|3|3|6|6|3|1|1|3|3|3|3|4|2|2|0|2|2|3|6|1|3|0|3|0|3|2|4|0|2|4|1|3|1|2|0|0|2|1|0|2|0|2|0|0|0|0|1|0|0|0|0|0|0|0|0|0|0|1|0|0|0|0|1|0|0|0|0|0|0|0|0|0|0|0|0|0|2|0|2</HistCounts>
      </HistItem>
    </Histograms>
    <Metadata>
      <MDI key="RepresentationType">ATHEMATIC</MDI>
      <MDI key="STATISTICS_COVARIANCES">3.108056764100144e-06</MDI>
      <MDI key="STATISTICS_EXCLUDEDVALUES"></MDI>
      <MDI key="STATISTICS_MAXIMUM">0.83168137073517</MDI>
      <MDI key="STATISTICS_MEAN">0.82511636082083</MDI>
      <MDI key="STATISTICS_MINIMUM">0.82044863700867</MDI>
      <MDI key="STATISTICS_SKIPFACTORX">1</MDI>
      <MDI key="STATISTICS_SKIPFACTORY">1</MDI>
      <MDI key="STATISTICS_STDDEV">0.0017629681687711</MDI>
    </Metadata>
  </PAMRasterBand>
</PAMDataset>
