<PAMDataset>
  <Metadata>
    <MDI key="DataType">Generic</MDI>
  </Metadata>
  <PAMRasterBand band="1">
    <Histograms>
      <HistItem>
        <HistMin>0.8381537199020386</HistMin>
        <HistMax>0.8538232445716858</HistMax>
        <BucketCount>256</BucketCount>
        <IncludeOutOfRange>1</IncludeOutOfRange>
        <Approximate>0</Approximate>
        <HistCounts>1|0|0|0|0|0|0|0|0|0|0|0|0|0|0|0|0|1|0|0|1|0|0|0|1|1|0|3|2|0|2|1|2|5|1|2|4|1|4|3|2|2|2|4|3|3|0|3|3|7|1|0|7|5|4|11|7|12|6|5|10|12|7|7|10|8|10|13|11|20|16|14|11|11|9|14|11|11|19|13|9|8|10|14|15|17|15|14|13|15|9|11|20|14|7|6|18|9|13|7|22|21|16|17|9|21|18|23|13|15|13|13|26|17|17|17|25|17|21|12|21|13|10|13|14|17|7|9|7|16|13|8|14|10|15|9|10|10|12|7|8|6|4|10|8|10|5|13|11|5|8|9|16|9|4|2|6|13|5|7|5|5|14|8|4|3|11|4|4|2|4|5|9|8|3|5|3|4|5|5|5|8|4|3|9|12|1|2|1|3|2|2|4|4|7|1|2|3|5|5|3|6|4|6|3|0|0|1|2|2|3|1|2|4|1|3|1|1|1|1|0|2|1|2|0|0|1|2|0|0|0|0|1|0|0|0|0|0|0|0|0|0|0|0|0|1|0|0|0|0|0|0|0|0|0|1</HistCounts>
      </HistItem>
    </Histograms>
    <Metadata>
      <MDI key="RepresentationType">ATHEMATIC</MDI>
      <MDI key="STATISTICS_COVARIANCES">6.650777601804236e-06</MDI>
      <MDI key="STATISTICS_EXCLUDEDVALUES"></MDI>
      <MDI key="STATISTICS_MAXIMUM">0.85382324457169</MDI>
      <MDI key="STATISTICS_MEAN">0.84521082669497</MDI>
      <MDI key="STATISTICS_MINIMUM">0.83815371990204</MDI>
      <MDI key="STATISTICS_SKIPFACTORX">1</MDI>
      <MDI key="STATISTICS_SKIPFACTORY">1</MDI>
      <MDI key="STATISTICS_STDDEV">0.0025789101577613</MDI>
    </Metadata>
  </PAMRasterBand>
</PAMDataset>
