<PAMDataset>
  <PAMRasterBand band="1">
    <Histograms>
      <HistItem>
        <HistMin>0.7961853020147565</HistMin>
        <HistMax>0.8132139142635303</HistMax>
        <BucketCount>256</BucketCount>
        <IncludeOutOfRange>1</IncludeOutOfRange>
        <Approximate>0</Approximate>
        <HistCounts>1|0|0|0|0|0|0|0|1|0|0|0|0|0|0|0|2|0|0|0|0|0|1|0|1|0|0|1|1|0|0|1|1|1|1|2|0|0|1|1|1|3|1|1|2|0|1|4|2|1|3|1|2|5|1|4|1|6|2|4|6|7|4|0|5|1|2|7|8|5|5|1|6|5|10|12|4|3|7|3|7|9|3|8|8|11|8|6|9|6|16|9|14|2|8|5|12|7|11|6|7|4|7|4|5|16|12|10|13|12|6|5|8|16|7|15|10|10|15|8|13|13|13|11|18|14|12|10|20|18|15|11|11|14|15|18|14|14|9|9|15|8|18|21|17|13|12|17|11|14|16|13|11|13|13|8|16|14|21|17|12|14|14|7|16|22|12|16|7|19|12|11|18|14|17|8|16|7|12|9|15|13|9|7|12|9|14|12|14|11|9|6|4|6|6|5|10|1|4|4|8|6|6|7|5|0|2|2|0|4|4|2|0|2|0|2|2|4|2|7|0|0|0|1|4|4|2|1|0|1|0|2|2|1|0|0|1|0|0|2|0|0|0|1|0|0|0|0|1|0|0|0|0|0|0|1</HistCounts>
      </HistItem>
    </Histograms>
    <Metadata>
      <MDI key="RepresentationType">ATHEMATIC</MDI>
      <MDI key="STATISTICS_COVARIANCES">7.923076762492447e-06</MDI>
      <MDI key="STATISTICS_EXCLUDEDVALUES"></MDI>
      <MDI key="STATISTICS_MAXIMUM">0.81321391426353</MDI>
      <MDI key="STATISTICS_MEAN">0.80537737533562</MDI>
      <MDI key="STATISTICS_MINIMUM">0.79618530201476</MDI>
      <MDI key="STATISTICS_SKIPFACTORX">1</MDI>
      <MDI key="STATISTICS_SKIPFACTORY">1</MDI>
      <MDI key="STATISTICS_STDDEV">0.0028147960427875</MDI>
    </Metadata>
  </PAMRasterBand>
</PAMDataset>
