<PAMDataset>
  <PAMRasterBand band="1">
    <Histograms>
      <HistItem>
        <HistMin>0.8247959421251494</HistMin>
        <HistMax>0.847646183635235</HistMax>
        <BucketCount>256</BucketCount>
        <IncludeOutOfRange>1</IncludeOutOfRange>
        <Approximate>0</Approximate>
        <HistCounts>1|0|0|0|0|1|0|2|0|0|0|2|0|1|0|2|3|2|2|4|8|2|4|3|6|4|5|8|3|5|5|6|10|14|10|8|5|10|14|8|12|22|14|8|11|17|7|13|10|11|15|10|10|9|13|4|10|10|5|10|3|5|10|5|15|5|9|4|4|4|2|3|4|6|6|3|2|2|4|3|1|5|1|4|3|6|3|5|5|2|3|2|2|4|1|1|2|1|0|1|3|0|4|1|2|2|1|1|2|0|5|3|1|0|4|4|0|3|4|3|1|6|1|3|2|1|3|2|4|1|3|2|4|2|2|2|3|3|5|8|3|5|7|9|4|3|1|10|4|6|9|16|10|8|7|8|10|3|11|12|8|8|7|9|11|12|8|8|15|9|11|18|12|18|13|17|20|20|17|14|11|11|13|12|19|18|17|16|19|9|22|13|13|19|18|13|18|17|9|10|25|21|18|10|6|12|8|7|10|23|8|10|4|2|6|5|11|19|6|3|2|6|6|4|5|3|9|0|0|5|1|1|1|3|1|1|2|1|1|1|0|1|0|0|1|0|0|0|0|0|0|0|1|0|0|1</HistCounts>
      </HistItem>
    </Histograms>
    <Metadata>
      <MDI key="RepresentationType">ATHEMATIC</MDI>
      <MDI key="STATISTICS_COVARIANCES">3.489812163628801e-05</MDI>
      <MDI key="STATISTICS_EXCLUDEDVALUES"></MDI>
      <MDI key="STATISTICS_MAXIMUM">0.84764618363524</MDI>
      <MDI key="STATISTICS_MEAN">0.83706692725084</MDI>
      <MDI key="STATISTICS_MINIMUM">0.82479594212515</MDI>
      <MDI key="STATISTICS_SKIPFACTORX">1</MDI>
      <MDI key="STATISTICS_SKIPFACTORY">1</MDI>
      <MDI key="STATISTICS_STDDEV">0.0059074632149754</MDI>
    </Metadata>
  </PAMRasterBand>
</PAMDataset>
