<PAMDataset>
  <Metadata>
    <MDI key="DataType">Generic</MDI>
  </Metadata>
  <PAMRasterBand band="1">
    <Histograms>
      <HistItem>
        <HistMin>0.8418231606483459</HistMin>
        <HistMax>0.8557190895080566</HistMax>
        <BucketCount>256</BucketCount>
        <IncludeOutOfRange>1</IncludeOutOfRange>
        <Approximate>0</Approximate>
        <HistCounts>1|0|0|2|0|0|0|0|0|1|0|0|0|0|0|1|0|1|1|2|3|3|1|0|1|1|2|1|2|1|1|2|1|1|1|0|0|2|2|3|2|3|1|1|1|2|1|2|4|4|2|2|1|3|1|4|6|1|1|2|5|4|2|1|1|2|3|2|0|4|5|7|5|4|2|4|5|2|2|2|4|1|2|4|5|7|10|3|5|1|10|7|7|8|1|9|7|9|5|8|5|8|3|7|11|8|14|8|12|7|6|15|12|14|15|16|17|14|5|7|11|14|14|5|13|21|13|12|9|11|20|18|13|13|14|13|19|14|17|14|16|17|14|15|14|17|14|20|8|14|22|26|9|11|13|19|13|11|23|15|27|21|16|15|14|18|23|14|12|26|26|9|14|15|10|18|12|10|5|13|19|12|12|10|8|12|14|9|5|9|10|9|6|2|8|8|4|2|3|9|6|5|7|2|3|0|3|2|0|2|2|0|2|3|4|6|1|0|1|0|1|0|0|3|1|2|0|0|1|0|0|0|0|0|0|2|0|1|0|0|0|0|0|0|0|1|0|0|0|0|0|0|0|0|0|1</HistCounts>
      </HistItem>
    </Histograms>
    <Metadata>
      <MDI key="RepresentationType">ATHEMATIC</MDI>
      <MDI key="STATISTICS_COVARIANCES">4.969914209601372e-06</MDI>
      <MDI key="STATISTICS_EXCLUDEDVALUES"></MDI>
      <MDI key="STATISTICS_MAXIMUM">0.85571908950806</MDI>
      <MDI key="STATISTICS_MEAN">0.8493989264965</MDI>
      <MDI key="STATISTICS_MINIMUM">0.84182316064835</MDI>
      <MDI key="STATISTICS_SKIPFACTORX">1</MDI>
      <MDI key="STATISTICS_SKIPFACTORY">1</MDI>
      <MDI key="STATISTICS_STDDEV">0.0022293304397512</MDI>
    </Metadata>
  </PAMRasterBand>
</PAMDataset>
