<PAMDataset>
  <Metadata>
    <MDI key="DataType">Generic</MDI>
  </Metadata>
  <PAMRasterBand band="1">
    <Histograms>
      <HistItem>
        <HistMin>0.8164448142051697</HistMin>
        <HistMax>0.8281531929969788</HistMax>
        <BucketCount>256</BucketCount>
        <IncludeOutOfRange>1</IncludeOutOfRange>
        <Approximate>0</Approximate>
        <HistCounts>1|0|0|0|0|0|0|0|0|0|0|0|0|1|0|0|0|0|0|0|0|0|0|0|2|0|0|0|1|0|0|0|2|2|0|1|0|0|1|1|0|2|1|4|1|3|0|0|0|2|2|3|3|0|0|0|7|1|3|0|2|0|3|0|4|5|4|2|2|2|4|2|0|0|0|8|2|2|7|8|3|5|9|15|4|9|4|5|4|8|4|7|5|8|8|12|11|10|17|12|12|14|9|7|14|8|11|9|21|8|10|14|23|18|18|19|11|15|6|22|10|23|14|18|16|18|17|25|32|16|25|16|28|13|31|10|27|15|13|15|24|17|29|17|32|23|9|20|14|22|13|20|11|17|11|10|20|18|17|15|13|10|11|16|14|7|12|6|17|9|14|12|14|9|7|9|6|7|5|11|9|5|4|3|5|7|5|6|3|7|2|3|3|4|3|3|1|2|2|3|3|1|5|4|4|0|3|0|1|2|3|0|1|0|0|1|2|3|1|1|0|0|1|0|0|1|0|0|0|0|0|0|1|0|0|0|0|0|1|0|0|0|0|0|0|0|0|0|0|0|0|0|0|0|0|1</HistCounts>
      </HistItem>
    </Histograms>
    <Metadata>
      <MDI key="RepresentationType">ATHEMATIC</MDI>
      <MDI key="STATISTICS_COVARIANCES">2.489436930743175e-06</MDI>
      <MDI key="STATISTICS_EXCLUDEDVALUES"></MDI>
      <MDI key="STATISTICS_MAXIMUM">0.82815319299698</MDI>
      <MDI key="STATISTICS_MEAN">0.8225442321226</MDI>
      <MDI key="STATISTICS_MINIMUM">0.81644481420517</MDI>
      <MDI key="STATISTICS_SKIPFACTORX">1</MDI>
      <MDI key="STATISTICS_SKIPFACTORY">1</MDI>
      <MDI key="STATISTICS_STDDEV">0.0015777949583971</MDI>
    </Metadata>
  </PAMRasterBand>
</PAMDataset>
