<PAMDataset>
  <Metadata>
    <MDI key="DataType">Generic</MDI>
  </Metadata>
  <PAMRasterBand band="1">
    <Histograms>
      <HistItem>
        <HistMin>0.8665047883987427</HistMin>
        <HistMax>0.876457691192627</HistMax>
        <BucketCount>256</BucketCount>
        <IncludeOutOfRange>1</IncludeOutOfRange>
        <Approximate>0</Approximate>
        <HistCounts>1|0|0|0|0|0|0|0|0|0|0|0|0|0|0|0|0|0|0|1|0|1|0|1|0|1|1|0|1|0|2|2|1|1|2|2|4|1|2|2|2|1|2|1|2|2|1|3|3|2|0|4|5|2|7|1|4|9|7|4|6|7|4|8|10|4|8|5|11|7|5|11|10|7|11|3|11|9|15|12|19|4|7|13|12|16|14|15|7|17|8|10|25|17|13|18|12|20|24|13|15|17|10|16|24|13|16|22|15|22|16|14|27|29|20|15|17|12|20|19|26|17|10|16|13|20|17|14|11|12|6|11|13|14|12|12|18|6|19|7|14|23|11|13|9|12|11|16|13|13|12|1|6|10|9|9|15|6|11|5|7|5|7|5|5|6|5|2|6|8|7|4|8|1|6|4|2|4|4|4|4|3|2|7|2|3|5|2|4|4|4|3|1|3|2|2|2|7|2|0|3|1|2|0|3|2|1|1|2|3|2|7|3|0|1|0|2|0|2|0|2|0|2|1|2|1|0|0|0|1|1|0|0|0|0|0|0|1|0|0|1|0|0|0|0|0|0|0|0|0|0|0|2|0|0|1</HistCounts>
      </HistItem>
    </Histograms>
    <Metadata>
      <MDI key="RepresentationType">ATHEMATIC</MDI>
      <MDI key="STATISTICS_COVARIANCES">2.291697886857746e-06</MDI>
      <MDI key="STATISTICS_EXCLUDEDVALUES"></MDI>
      <MDI key="STATISTICS_MAXIMUM">0.87645769119263</MDI>
      <MDI key="STATISTICS_MEAN">0.87110495042056</MDI>
      <MDI key="STATISTICS_MINIMUM">0.86650478839874</MDI>
      <MDI key="STATISTICS_SKIPFACTORX">1</MDI>
      <MDI key="STATISTICS_SKIPFACTORY">1</MDI>
      <MDI key="STATISTICS_STDDEV">0.0015138354887034</MDI>
    </Metadata>
  </PAMRasterBand>
</PAMDataset>
