<PAMDataset>
  <Metadata>
    <MDI key="DataType">Generic</MDI>
  </Metadata>
  <PAMRasterBand band="1">
    <Histograms>
      <HistItem>
        <HistMin>0.8171175718307495</HistMin>
        <HistMax>0.8386425375938416</HistMax>
        <BucketCount>256</BucketCount>
        <IncludeOutOfRange>1</IncludeOutOfRange>
        <Approximate>0</Approximate>
        <HistCounts>1|0|0|0|0|0|0|0|0|0|0|0|0|0|0|0|0|0|0|0|0|0|0|0|1|0|0|0|0|1|0|0|1|0|0|0|0|0|1|0|1|0|0|0|0|0|1|0|2|1|3|0|0|3|1|3|3|1|2|0|3|0|4|2|6|1|4|4|6|6|2|4|4|3|6|4|5|3|5|6|3|11|8|6|7|9|13|13|10|10|9|9|13|18|14|12|17|20|12|12|18|13|11|19|18|16|13|19|17|13|14|14|15|16|12|18|23|13|23|17|15|16|15|11|14|15|18|14|13|10|13|14|18|13|16|25|11|15|17|10|9|13|14|8|11|10|14|11|13|9|11|15|12|9|7|16|16|9|8|12|16|7|11|7|13|5|10|6|8|6|4|12|7|6|9|4|12|11|6|9|4|5|8|2|6|8|6|6|9|6|9|10|1|5|8|4|2|5|4|7|3|9|12|4|2|3|8|5|6|7|4|1|8|5|5|6|5|3|3|4|2|1|8|4|2|1|2|4|1|1|3|1|2|1|1|1|0|1|2|1|0|0|0|1|0|0|0|0|0|0|0|0|0|0|0|1</HistCounts>
      </HistItem>
    </Histograms>
    <Metadata>
      <MDI key="RepresentationType">ATHEMATIC</MDI>
      <MDI key="STATISTICS_COVARIANCES">1.216838555655661e-05</MDI>
      <MDI key="STATISTICS_EXCLUDEDVALUES"></MDI>
      <MDI key="STATISTICS_MAXIMUM">0.83864253759384</MDI>
      <MDI key="STATISTICS_MEAN">0.82854009319097</MDI>
      <MDI key="STATISTICS_MINIMUM">0.81711757183075</MDI>
      <MDI key="STATISTICS_SKIPFACTORX">1</MDI>
      <MDI key="STATISTICS_SKIPFACTORY">1</MDI>
      <MDI key="STATISTICS_STDDEV">0.0034883213092484</MDI>
    </Metadata>
  </PAMRasterBand>
</PAMDataset>
