<PAMDataset>
  <PAMRasterBand band="1">
    <Histograms>
      <HistItem>
        <HistMin>0.8433292814401183</HistMin>
        <HistMax>0.8582457125373465</HistMax>
        <BucketCount>256</BucketCount>
        <IncludeOutOfRange>1</IncludeOutOfRange>
        <Approximate>0</Approximate>
        <HistCounts>1|1|0|0|1|0|1|0|1|0|0|1|2|0|1|1|1|3|1|1|2|0|1|2|1|1|3|3|3|4|3|4|2|2|2|0|9|4|5|4|5|9|7|7|3|6|6|15|6|6|13|4|6|9|12|7|7|9|15|12|10|5|2|8|14|15|11|10|9|7|5|7|21|8|14|10|13|10|13|14|20|12|8|12|10|20|16|9|10|13|16|8|13|12|8|20|26|16|10|18|13|22|12|13|12|13|17|20|10|10|10|15|14|15|12|15|21|13|15|19|9|12|15|16|6|12|7|17|16|14|9|17|16|14|12|14|9|9|9|11|14|13|9|16|20|7|10|2|9|9|7|9|2|5|11|11|5|3|7|10|4|5|3|6|3|5|7|3|4|5|6|9|5|2|7|2|5|3|3|3|1|1|2|1|2|1|5|4|0|0|4|5|4|3|3|4|0|2|2|0|1|2|4|2|1|1|2|0|1|1|1|1|0|2|0|1|1|0|3|2|2|2|3|0|0|0|0|0|0|0|0|0|0|0|0|0|0|0|0|0|0|0|0|0|0|0|0|0|0|0|0|0|0|0|0|1</HistCounts>
      </HistItem>
    </Histograms>
    <Metadata>
      <MDI key="RepresentationType">ATHEMATIC</MDI>
      <MDI key="STATISTICS_COVARIANCES">6.090616729207477e-06</MDI>
      <MDI key="STATISTICS_EXCLUDEDVALUES"></MDI>
      <MDI key="STATISTICS_MAXIMUM">0.85824571253735</MDI>
      <MDI key="STATISTICS_MEAN">0.8495885039828</MDI>
      <MDI key="STATISTICS_MINIMUM">0.84332928144012</MDI>
      <MDI key="STATISTICS_SKIPFACTORX">1</MDI>
      <MDI key="STATISTICS_SKIPFACTORY">1</MDI>
      <MDI key="STATISTICS_STDDEV">0.0024679174883305</MDI>
    </Metadata>
  </PAMRasterBand>
</PAMDataset>
