<PAMDataset>
  <Metadata>
    <MDI key="DataType">Generic</MDI>
  </Metadata>
  <PAMRasterBand band="1">
    <Histograms>
      <HistItem>
        <HistMin>0.7876358032226563</HistMin>
        <HistMax>0.802156388759613</HistMax>
        <BucketCount>256</BucketCount>
        <IncludeOutOfRange>1</IncludeOutOfRange>
        <Approximate>0</Approximate>
        <HistCounts>1|0|0|0|0|0|1|0|1|1|1|0|1|2|0|0|0|1|0|0|2|0|0|1|0|0|1|0|2|3|0|0|3|0|0|4|3|1|1|1|2|2|1|6|2|6|0|2|3|1|2|2|4|2|1|1|5|3|5|3|8|2|7|4|9|5|7|4|11|7|4|8|8|5|4|3|5|12|3|9|8|15|9|10|14|9|10|12|15|8|25|3|20|10|16|7|18|14|18|21|17|23|22|14|11|14|16|15|27|25|11|14|9|11|17|16|14|20|14|12|15|18|18|22|14|15|18|14|17|19|14|8|16|13|18|15|12|9|14|12|18|15|22|23|10|11|12|13|15|14|13|11|11|19|9|8|10|5|13|8|13|5|13|6|11|6|9|6|7|4|3|8|4|7|2|10|7|9|4|3|1|4|6|5|4|1|9|0|5|4|1|0|6|3|5|3|2|2|0|0|1|7|1|5|0|2|0|3|0|0|2|2|3|2|4|2|2|0|0|0|3|0|3|0|0|0|0|0|3|0|0|0|0|0|0|0|0|1|0|1|0|0|0|0|0|0|0|0|0|0|0|0|0|0|0|1</HistCounts>
      </HistItem>
    </Histograms>
    <Metadata>
      <MDI key="RepresentationType">ATHEMATIC</MDI>
      <MDI key="STATISTICS_COVARIANCES">4.926603369389624e-06</MDI>
      <MDI key="STATISTICS_EXCLUDEDVALUES"></MDI>
      <MDI key="STATISTICS_MAXIMUM">0.80215638875961</MDI>
      <MDI key="STATISTICS_MEAN">0.79453188676387</MDI>
      <MDI key="STATISTICS_MINIMUM">0.78763580322266</MDI>
      <MDI key="STATISTICS_SKIPFACTORX">1</MDI>
      <MDI key="STATISTICS_SKIPFACTORY">1</MDI>
      <MDI key="STATISTICS_STDDEV">0.0022195953165813</MDI>
    </Metadata>
  </PAMRasterBand>
</PAMDataset>
