<PAMDataset>
  <Metadata>
    <MDI key="DataType">Generic</MDI>
  </Metadata>
  <PAMRasterBand band="1">
    <Histograms>
      <HistItem>
        <HistMin>0.8412542343139648</HistMin>
        <HistMax>0.8544543981552124</HistMax>
        <BucketCount>256</BucketCount>
        <IncludeOutOfRange>1</IncludeOutOfRange>
        <Approximate>0</Approximate>
        <HistCounts>1|0|0|0|0|0|0|0|0|2|1|1|0|1|0|2|0|0|0|2|2|0|1|1|1|0|0|4|0|1|1|3|1|6|2|2|3|4|2|2|1|0|5|5|3|5|1|3|2|2|1|3|4|5|9|4|6|3|5|5|2|9|7|9|12|8|3|9|8|7|0|4|3|4|4|8|5|12|4|3|3|4|3|5|0|7|10|7|5|7|8|9|9|4|6|6|13|6|5|9|5|5|5|6|7|15|10|6|9|3|11|8|6|6|14|6|10|15|18|11|9|16|11|8|14|8|7|20|25|8|10|15|14|19|13|10|8|17|24|20|22|15|16|16|13|13|23|15|17|17|15|13|13|16|13|17|11|12|20|22|17|7|12|12|15|23|9|10|6|9|11|19|13|8|8|13|13|16|9|9|11|16|4|4|11|10|4|2|4|4|7|11|6|3|3|3|8|7|3|6|3|5|6|7|2|3|5|5|1|3|1|3|1|3|4|2|2|3|4|3|2|2|0|3|2|2|2|1|2|3|1|0|1|0|1|0|2|0|0|0|1|2|0|1|0|0|3|0|0|0|0|0|0|0|0|1</HistCounts>
      </HistItem>
    </Histograms>
    <Metadata>
      <MDI key="RepresentationType">ATHEMATIC</MDI>
      <MDI key="STATISTICS_COVARIANCES">5.58399744344464e-06</MDI>
      <MDI key="STATISTICS_EXCLUDEDVALUES"></MDI>
      <MDI key="STATISTICS_MAXIMUM">0.85445439815521</MDI>
      <MDI key="STATISTICS_MEAN">0.84818246435374</MDI>
      <MDI key="STATISTICS_MINIMUM">0.84125423431396</MDI>
      <MDI key="STATISTICS_SKIPFACTORX">1</MDI>
      <MDI key="STATISTICS_SKIPFACTORY">1</MDI>
      <MDI key="STATISTICS_STDDEV">0.0023630483370944</MDI>
    </Metadata>
  </PAMRasterBand>
</PAMDataset>
