<PAMDataset>
  <PAMRasterBand band="1">
    <Histograms>
      <HistItem>
        <HistMin>0.8394257308207927</HistMin>
        <HistMax>0.85533436309316</HistMax>
        <BucketCount>256</BucketCount>
        <IncludeOutOfRange>1</IncludeOutOfRange>
        <Approximate>0</Approximate>
        <HistCounts>1|1|0|0|0|0|0|0|0|0|0|0|0|0|0|0|0|0|2|0|1|1|2|0|0|0|0|0|1|0|0|0|3|2|1|0|1|5|5|6|0|3|1|1|3|4|6|7|2|2|1|7|3|5|6|7|7|3|10|9|5|5|5|8|3|3|6|6|9|6|9|5|2|8|11|7|10|4|11|10|7|8|11|6|12|15|5|6|6|12|14|8|2|9|11|11|4|5|9|19|7|11|10|8|16|11|13|12|8|10|15|20|10|6|6|7|12|9|14|8|8|11|15|11|15|14|9|7|15|6|9|13|21|26|10|13|9|7|10|12|11|12|23|12|11|14|9|9|9|12|9|15|22|22|14|9|10|6|17|11|10|12|9|11|13|9|5|8|14|10|9|9|15|5|18|11|6|9|11|14|13|5|8|7|5|8|10|11|4|6|11|5|8|4|8|9|3|7|8|6|11|3|7|4|5|8|9|6|4|3|7|1|6|2|0|2|4|2|1|1|2|0|2|0|2|1|1|1|1|0|0|1|0|1|0|1|0|1|1|0|0|0|0|0|0|0|0|0|0|0|1|0|0|0|0|1</HistCounts>
      </HistItem>
    </Histograms>
    <Metadata>
      <MDI key="RepresentationType">ATHEMATIC</MDI>
      <MDI key="STATISTICS_COVARIANCES">8.175068709088527e-06</MDI>
      <MDI key="STATISTICS_EXCLUDEDVALUES"></MDI>
      <MDI key="STATISTICS_MAXIMUM">0.85533436309316</MDI>
      <MDI key="STATISTICS_MEAN">0.84759039325628</MDI>
      <MDI key="STATISTICS_MINIMUM">0.83942573082079</MDI>
      <MDI key="STATISTICS_SKIPFACTORX">1</MDI>
      <MDI key="STATISTICS_SKIPFACTORY">1</MDI>
      <MDI key="STATISTICS_STDDEV">0.0028592077065314</MDI>
    </Metadata>
  </PAMRasterBand>
</PAMDataset>
