<PAMDataset>
  <Metadata>
    <MDI key="DataType">Generic</MDI>
  </Metadata>
  <PAMRasterBand band="1">
    <Histograms>
      <HistItem>
        <HistMin>0.8330736756324768</HistMin>
        <HistMax>0.8428083658218384</HistMax>
        <BucketCount>256</BucketCount>
        <IncludeOutOfRange>1</IncludeOutOfRange>
        <Approximate>0</Approximate>
        <HistCounts>1|0|0|0|0|0|0|0|0|0|0|0|1|0|0|1|0|0|1|0|0|0|0|0|1|2|2|4|0|0|1|0|4|0|1|1|2|2|4|3|2|2|2|4|2|1|0|3|0|2|5|6|6|5|3|1|8|3|8|3|3|7|6|2|5|6|4|10|9|5|14|7|10|9|10|16|13|7|11|15|12|17|10|12|21|12|13|16|13|14|13|10|10|18|15|16|22|17|18|17|13|14|18|14|24|18|21|17|17|9|17|13|18|15|17|18|18|14|13|16|16|19|15|13|22|10|13|22|16|21|13|8|10|13|11|14|12|15|13|10|14|10|16|8|9|13|13|9|9|11|6|9|6|10|7|8|5|9|7|8|8|5|7|6|7|8|5|7|8|4|2|7|8|4|4|4|7|4|5|3|9|3|2|6|6|1|3|4|0|6|3|2|2|1|5|4|3|3|3|1|2|2|4|2|4|1|5|1|0|1|0|1|0|2|2|0|3|0|1|0|0|1|4|5|1|0|0|3|2|1|2|1|1|0|0|1|0|1|2|1|0|0|0|1|0|0|1|0|0|0|0|0|0|0|1|1</HistCounts>
      </HistItem>
    </Histograms>
    <Metadata>
      <MDI key="RepresentationType">ATHEMATIC</MDI>
      <MDI key="STATISTICS_COVARIANCES">2.429043015835645e-06</MDI>
      <MDI key="STATISTICS_EXCLUDEDVALUES"></MDI>
      <MDI key="STATISTICS_MAXIMUM">0.84280836582184</MDI>
      <MDI key="STATISTICS_MEAN">0.83757958732545</MDI>
      <MDI key="STATISTICS_MINIMUM">0.83307367563248</MDI>
      <MDI key="STATISTICS_SKIPFACTORX">1</MDI>
      <MDI key="STATISTICS_SKIPFACTORY">1</MDI>
      <MDI key="STATISTICS_STDDEV">0.0015585387437711</MDI>
    </Metadata>
  </PAMRasterBand>
</PAMDataset>
