<PAMDataset>
  <PAMRasterBand band="1">
    <Histograms>
      <HistItem>
        <HistMin>0.8523424498314532</HistMin>
        <HistMax>0.8638844044204967</HistMax>
        <BucketCount>256</BucketCount>
        <IncludeOutOfRange>1</IncludeOutOfRange>
        <Approximate>0</Approximate>
        <HistCounts>1|0|0|0|0|0|0|0|0|0|0|0|0|0|0|0|0|0|0|0|0|0|0|0|0|0|0|0|0|0|0|0|0|0|1|0|0|0|0|0|0|0|0|1|0|0|2|0|0|1|2|1|1|0|1|1|1|0|0|1|0|0|0|2|0|2|3|1|2|0|3|2|2|2|2|3|3|4|2|8|7|8|5|3|3|3|5|4|5|9|8|8|12|10|12|9|5|6|12|11|11|8|6|12|10|11|8|8|9|17|17|19|14|7|14|10|13|14|15|14|12|18|18|20|21|23|23|15|13|21|24|19|13|18|12|18|18|31|29|17|21|16|14|15|13|14|12|25|15|10|13|22|25|21|22|8|18|16|13|15|14|12|9|17|12|16|9|15|19|15|14|11|8|13|14|13|7|7|9|15|7|7|15|9|7|5|7|9|5|11|2|7|4|7|3|2|7|7|8|3|3|2|5|4|5|6|2|3|2|1|3|3|4|1|2|2|1|2|2|0|1|0|0|2|0|1|1|1|2|0|2|1|1|0|0|0|0|1|0|0|0|0|1|0|0|0|0|0|0|0|0|0|1|1|1|1</HistCounts>
      </HistItem>
    </Histograms>
    <Metadata>
      <MDI key="RepresentationType">ATHEMATIC</MDI>
      <MDI key="STATISTICS_COVARIANCES">2.446134392194371e-06</MDI>
      <MDI key="STATISTICS_EXCLUDEDVALUES"></MDI>
      <MDI key="STATISTICS_MAXIMUM">0.8638844044205</MDI>
      <MDI key="STATISTICS_MEAN">0.85870008181608</MDI>
      <MDI key="STATISTICS_MINIMUM">0.85234244983145</MDI>
      <MDI key="STATISTICS_SKIPFACTORX">1</MDI>
      <MDI key="STATISTICS_SKIPFACTORY">1</MDI>
      <MDI key="STATISTICS_STDDEV">0.0015640122736713</MDI>
    </Metadata>
  </PAMRasterBand>
</PAMDataset>
