<PAMDataset>
  <Metadata>
    <MDI key="DataType">Generic</MDI>
  </Metadata>
  <PAMRasterBand band="1">
    <Histograms>
      <HistItem>
        <HistMin>0.8744311332702637</HistMin>
        <HistMax>0.8846957087516785</HistMax>
        <BucketCount>256</BucketCount>
        <IncludeOutOfRange>1</IncludeOutOfRange>
        <Approximate>0</Approximate>
        <HistCounts>1|0|2|0|0|0|0|1|0|0|0|2|1|1|0|1|1|1|3|2|0|1|0|0|2|4|3|4|4|2|2|3|4|4|5|5|11|1|3|5|8|3|4|6|8|4|8|6|2|8|6|13|6|10|13|13|9|8|16|11|11|13|7|8|16|7|10|9|10|13|11|12|10|14|17|17|14|17|10|12|14|14|17|21|14|17|12|14|19|27|22|10|10|11|16|16|16|14|9|11|15|20|11|16|17|10|15|11|15|22|16|13|7|8|24|21|18|10|13|15|15|13|6|14|13|6|16|9|8|9|8|13|15|16|17|11|8|10|11|14|12|4|5|8|6|13|13|8|6|8|4|5|5|9|9|2|6|2|5|7|5|6|5|5|3|4|2|2|6|3|2|5|3|2|0|0|6|4|4|3|0|3|1|5|4|1|0|2|2|2|3|1|2|1|3|1|2|7|1|2|0|2|3|1|0|2|0|0|1|4|6|0|0|0|0|2|3|1|1|0|0|1|1|0|0|0|0|0|0|1|0|0|1|0|1|1|0|0|0|0|1|2|1|0|0|0|0|0|1|0|0|0|0|0|0|1</HistCounts>
      </HistItem>
    </Histograms>
    <Metadata>
      <MDI key="RepresentationType">ATHEMATIC</MDI>
      <MDI key="STATISTICS_COVARIANCES">2.876492782837685e-06</MDI>
      <MDI key="STATISTICS_EXCLUDEDVALUES"></MDI>
      <MDI key="STATISTICS_MAXIMUM">0.88469570875168</MDI>
      <MDI key="STATISTICS_MEAN">0.87861415494233</MDI>
      <MDI key="STATISTICS_MINIMUM">0.87443113327026</MDI>
      <MDI key="STATISTICS_SKIPFACTORX">1</MDI>
      <MDI key="STATISTICS_SKIPFACTORY">1</MDI>
      <MDI key="STATISTICS_STDDEV">0.0016960226362987</MDI>
    </Metadata>
  </PAMRasterBand>
</PAMDataset>
