<PAMDataset>
  <Metadata>
    <MDI key="DataType">Generic</MDI>
  </Metadata>
  <PAMRasterBand band="1">
    <Histograms>
      <HistItem>
        <HistMin>0.7962047457695007</HistMin>
        <HistMax>0.8119214773178101</HistMax>
        <BucketCount>256</BucketCount>
        <IncludeOutOfRange>1</IncludeOutOfRange>
        <Approximate>0</Approximate>
        <HistCounts>1|0|0|0|0|0|0|0|0|0|0|0|0|0|0|0|0|0|0|0|0|0|0|0|0|0|2|1|2|0|0|0|0|0|0|0|1|0|0|0|0|0|0|0|0|2|0|1|0|0|1|1|0|0|0|1|1|0|0|1|0|1|2|0|2|4|2|5|0|1|6|1|5|2|2|2|1|2|2|5|4|4|4|7|3|9|4|3|1|5|6|7|8|8|8|11|6|4|3|7|3|9|8|10|7|9|6|4|10|9|6|10|11|13|9|8|5|3|11|9|9|10|5|5|7|13|13|7|17|11|15|11|13|16|9|13|12|15|22|12|15|13|14|10|15|21|5|12|21|10|19|24|33|28|15|22|22|19|19|14|21|19|22|17|14|33|16|10|20|24|15|16|30|19|10|18|17|9|10|15|24|12|10|7|13|14|19|10|8|13|11|13|14|14|12|4|9|6|9|13|12|5|3|4|6|4|3|2|2|3|6|4|5|3|3|2|3|2|3|1|1|2|0|2|0|1|2|1|0|0|2|1|0|0|0|0|0|0|1|0|0|0|0|0|1|0|0|0|0|1|0|0|0|0|0|1</HistCounts>
      </HistItem>
    </Histograms>
    <Metadata>
      <MDI key="RepresentationType">ATHEMATIC</MDI>
      <MDI key="STATISTICS_COVARIANCES">4.975591905774355e-06</MDI>
      <MDI key="STATISTICS_EXCLUDEDVALUES"></MDI>
      <MDI key="STATISTICS_MAXIMUM">0.81192147731781</MDI>
      <MDI key="STATISTICS_MEAN">0.80542808506638</MDI>
      <MDI key="STATISTICS_MINIMUM">0.7962047457695</MDI>
      <MDI key="STATISTICS_SKIPFACTORX">1</MDI>
      <MDI key="STATISTICS_SKIPFACTORY">1</MDI>
      <MDI key="STATISTICS_STDDEV">0.0022306034846593</MDI>
    </Metadata>
  </PAMRasterBand>
</PAMDataset>
