<PAMDataset>
  <PAMRasterBand band="1">
    <Histograms>
      <HistItem>
        <HistMin>0.8300053102762609</HistMin>
        <HistMax>0.8894640362246423</HistMax>
        <BucketCount>256</BucketCount>
        <IncludeOutOfRange>1</IncludeOutOfRange>
        <Approximate>0</Approximate>
        <HistCounts>2|0|0|0|1|0|1|0|0|0|0|0|0|3|0|0|0|0|0|0|0|0|0|0|0|0|0|0|0|0|0|0|0|0|0|0|0|0|0|1|0|1|0|0|0|0|0|0|1|0|0|0|0|0|0|1|0|0|0|0|0|1|0|0|1|0|0|0|0|0|0|2|0|1|0|0|0|0|0|1|0|1|1|0|2|0|0|2|0|1|4|0|2|2|0|1|2|2|1|2|2|1|1|0|2|3|1|1|1|4|1|0|2|1|6|3|1|1|3|2|4|0|2|2|1|1|2|0|4|5|1|1|1|1|4|2|1|5|4|6|4|5|5|2|2|3|4|1|4|5|4|4|5|5|6|5|9|6|4|1|7|6|6|9|7|10|7|9|11|10|8|7|10|14|16|8|17|20|21|16|21|19|22|31|25|20|28|17|13|21|18|25|26|21|19|21|24|15|25|17|19|25|19|20|22|21|26|25|33|19|31|23|26|17|22|16|14|24|19|9|21|21|20|24|18|12|13|12|13|20|15|13|4|16|14|12|11|7|3|6|6|3|5|3|4|1|1|4|3|1|6|1|1|1|0|1</HistCounts>
      </HistItem>
    </Histograms>
    <Metadata>
      <MDI key="RepresentationType">ATHEMATIC</MDI>
      <MDI key="STATISTICS_COVARIANCES">6.602208732566574e-05</MDI>
      <MDI key="STATISTICS_EXCLUDEDVALUES"></MDI>
      <MDI key="STATISTICS_MAXIMUM">0.88946403622464</MDI>
      <MDI key="STATISTICS_MEAN">0.87480311706299</MDI>
      <MDI key="STATISTICS_MINIMUM">0.83000531027626</MDI>
      <MDI key="STATISTICS_SKIPFACTORX">1</MDI>
      <MDI key="STATISTICS_SKIPFACTORY">1</MDI>
      <MDI key="STATISTICS_STDDEV">0.0081253976718476</MDI>
    </Metadata>
  </PAMRasterBand>
</PAMDataset>
