<PAMDataset>
  <Metadata>
    <MDI key="DataType">Generic</MDI>
  </Metadata>
  <PAMRasterBand band="1">
    <Histograms>
      <HistItem>
        <HistMin>0.8431029319763184</HistMin>
        <HistMax>0.8557109832763672</HistMax>
        <BucketCount>256</BucketCount>
        <IncludeOutOfRange>1</IncludeOutOfRange>
        <Approximate>0</Approximate>
        <HistCounts>1|0|0|0|0|0|0|1|1|1|0|1|1|0|0|0|0|2|0|0|0|2|0|3|1|4|2|0|3|2|4|0|3|3|5|2|9|1|3|3|5|4|6|6|8|4|9|9|3|8|8|7|16|7|7|7|8|13|9|7|12|7|8|11|7|8|10|11|17|16|14|11|22|16|19|14|14|12|21|9|13|15|11|7|13|14|15|11|11|9|14|14|16|9|14|14|8|16|19|9|5|10|9|14|10|8|6|10|16|9|13|8|9|9|12|11|9|5|13|11|5|4|13|7|8|10|4|5|9|5|6|4|9|4|6|6|9|8|2|6|2|7|10|4|4|4|6|4|7|5|5|2|9|5|1|6|7|5|6|9|8|3|7|5|6|6|7|6|10|5|7|8|4|8|1|6|12|3|2|10|9|11|7|8|7|10|11|4|3|6|4|11|5|6|11|4|12|6|5|9|3|6|6|4|12|3|4|3|8|11|7|7|6|10|4|1|2|6|7|5|7|2|5|1|3|3|5|3|2|1|1|3|1|1|3|0|2|0|1|2|1|2|1|0|1|1|1|0|1|0|0|1|1|0|0|1</HistCounts>
      </HistItem>
    </Histograms>
    <Metadata>
      <MDI key="RepresentationType">ATHEMATIC</MDI>
      <MDI key="STATISTICS_COVARIANCES">7.487325555105458e-06</MDI>
      <MDI key="STATISTICS_EXCLUDEDVALUES"></MDI>
      <MDI key="STATISTICS_MAXIMUM">0.85571098327637</MDI>
      <MDI key="STATISTICS_MEAN">0.84903442464769</MDI>
      <MDI key="STATISTICS_MINIMUM">0.84310293197632</MDI>
      <MDI key="STATISTICS_SKIPFACTORX">1</MDI>
      <MDI key="STATISTICS_SKIPFACTORY">1</MDI>
      <MDI key="STATISTICS_STDDEV">0.002736297782608</MDI>
    </Metadata>
  </PAMRasterBand>
</PAMDataset>
