<PAMDataset>
  <Metadata>
    <MDI key="DataType">Generic</MDI>
  </Metadata>
  <PAMRasterBand band="1">
    <Histograms>
      <HistItem>
        <HistMin>0.7977783679962158</HistMin>
        <HistMax>0.8103922605514526</HistMax>
        <BucketCount>256</BucketCount>
        <IncludeOutOfRange>1</IncludeOutOfRange>
        <Approximate>0</Approximate>
        <HistCounts>1|0|0|4|0|2|0|1|1|1|1|2|0|3|3|0|0|1|1|1|1|2|2|3|3|3|5|0|6|3|5|0|5|7|2|4|5|9|3|13|7|8|8|5|5|15|8|6|11|9|15|10|14|13|18|7|13|17|19|12|12|15|10|19|24|13|15|18|16|12|13|9|15|26|26|28|18|11|20|16|20|17|20|20|21|17|26|15|11|18|36|17|21|18|19|12|21|10|28|15|14|24|13|13|22|11|12|17|20|23|13|11|11|8|11|15|14|13|20|11|6|12|7|15|4|12|6|5|6|9|9|4|10|9|13|5|7|3|5|2|8|5|2|2|3|3|0|6|0|6|4|0|5|0|2|2|0|3|3|1|3|2|3|1|3|1|3|0|2|2|6|2|0|2|0|1|0|1|0|0|1|0|1|1|1|2|1|1|4|0|0|0|0|0|0|0|0|0|0|0|0|1|2|1|1|0|0|0|0|0|0|0|0|0|0|0|0|0|0|1|2|1|1|0|1|0|0|0|0|0|0|0|0|0|0|0|0|1|0|0|1|0|1|0|0|0|0|0|0|0|0|0|0|0|0|1</HistCounts>
      </HistItem>
    </Histograms>
    <Metadata>
      <MDI key="RepresentationType">ATHEMATIC</MDI>
      <MDI key="STATISTICS_COVARIANCES">3.06267502180618e-06</MDI>
      <MDI key="STATISTICS_EXCLUDEDVALUES"></MDI>
      <MDI key="STATISTICS_MAXIMUM">0.81039226055145</MDI>
      <MDI key="STATISTICS_MEAN">0.80219650719315</MDI>
      <MDI key="STATISTICS_MINIMUM">0.79777836799622</MDI>
      <MDI key="STATISTICS_SKIPFACTORX">1</MDI>
      <MDI key="STATISTICS_SKIPFACTORY">1</MDI>
      <MDI key="STATISTICS_STDDEV">0.0017500500055159</MDI>
    </Metadata>
  </PAMRasterBand>
</PAMDataset>
