<PAMDataset>
  <Metadata>
    <MDI key="DataType">Generic</MDI>
  </Metadata>
  <PAMRasterBand band="1">
    <Histograms>
      <HistItem>
        <HistMin>0.8458024859428406</HistMin>
        <HistMax>0.8597959876060486</HistMax>
        <BucketCount>256</BucketCount>
        <IncludeOutOfRange>1</IncludeOutOfRange>
        <Approximate>0</Approximate>
        <HistCounts>1|0|1|0|0|0|1|0|0|0|0|0|0|0|1|0|0|1|1|0|0|0|0|0|0|2|0|1|2|0|1|0|2|1|1|2|3|1|1|2|2|2|7|1|3|2|2|0|4|4|2|7|2|2|2|5|5|6|3|4|3|2|5|5|5|7|4|7|7|9|9|9|0|12|9|11|9|4|15|14|7|12|9|16|8|13|10|12|10|9|12|16|19|18|15|9|27|16|16|16|17|21|17|9|19|21|10|19|22|23|22|19|21|13|18|12|21|21|23|17|19|20|27|25|23|19|18|9|16|21|13|18|20|9|18|7|18|14|9|18|24|18|14|8|16|4|7|11|13|5|26|10|9|5|4|16|11|11|8|6|9|11|10|3|5|4|6|5|3|5|8|7|2|5|9|2|6|4|7|0|0|3|5|3|3|3|3|0|2|1|3|1|1|4|1|2|1|2|0|0|1|1|0|1|1|1|1|0|1|0|0|0|0|1|0|1|0|0|0|0|0|1|0|0|0|1|0|0|0|0|0|0|0|1|0|0|0|0|0|0|0|0|0|0|0|0|0|0|0|0|0|0|0|0|0|1</HistCounts>
      </HistItem>
    </Histograms>
    <Metadata>
      <MDI key="RepresentationType">ATHEMATIC</MDI>
      <MDI key="STATISTICS_COVARIANCES">3.62519685837558e-06</MDI>
      <MDI key="STATISTICS_EXCLUDEDVALUES"></MDI>
      <MDI key="STATISTICS_MAXIMUM">0.85979598760605</MDI>
      <MDI key="STATISTICS_MEAN">0.8521700110659</MDI>
      <MDI key="STATISTICS_MINIMUM">0.84580248594284</MDI>
      <MDI key="STATISTICS_SKIPFACTORX">1</MDI>
      <MDI key="STATISTICS_SKIPFACTORY">1</MDI>
      <MDI key="STATISTICS_STDDEV">0.0019039949733063</MDI>
    </Metadata>
  </PAMRasterBand>
</PAMDataset>
