<PAMDataset>
  <PAMRasterBand band="1">
    <Histograms>
      <HistItem>
        <HistMin>0.8355611457268243</HistMin>
        <HistMax>0.8490742850393226</HistMax>
        <BucketCount>256</BucketCount>
        <IncludeOutOfRange>1</IncludeOutOfRange>
        <Approximate>0</Approximate>
        <HistCounts>1|0|0|1|0|0|0|0|0|0|0|1|0|0|1|0|0|0|2|0|0|0|1|0|0|0|1|0|0|0|1|1|0|2|2|2|1|1|0|0|1|5|1|2|3|5|3|4|2|1|2|2|7|2|1|1|3|7|12|2|5|3|5|5|13|7|5|4|4|9|3|10|13|4|4|3|6|8|9|9|5|8|8|6|9|9|6|10|5|5|9|15|11|15|9|10|5|7|19|16|8|7|11|10|6|8|15|12|5|8|10|8|12|6|12|11|8|15|8|14|15|10|11|9|16|5|14|8|4|9|13|11|16|5|8|8|14|13|17|13|10|12|19|10|22|7|12|12|16|17|18|19|14|10|7|16|9|9|15|11|12|9|15|11|7|12|8|15|11|12|10|16|17|8|11|10|15|10|14|6|12|8|16|4|8|10|9|9|10|6|5|4|14|5|6|5|8|4|3|6|2|5|6|10|8|5|7|7|6|4|7|1|4|2|4|5|3|4|4|4|4|2|5|6|1|1|0|2|1|1|1|1|3|0|1|1|1|1|2|0|0|2|0|1|0|2|0|0|0|0|2|0|0|0|1|1</HistCounts>
      </HistItem>
    </Histograms>
    <Metadata>
      <MDI key="RepresentationType">ATHEMATIC</MDI>
      <MDI key="STATISTICS_COVARIANCES">6.069048238663017e-06</MDI>
      <MDI key="STATISTICS_EXCLUDEDVALUES"></MDI>
      <MDI key="STATISTICS_MAXIMUM">0.84907428503932</MDI>
      <MDI key="STATISTICS_MEAN">0.84277138624171</MDI>
      <MDI key="STATISTICS_MINIMUM">0.83556114572682</MDI>
      <MDI key="STATISTICS_SKIPFACTORX">1</MDI>
      <MDI key="STATISTICS_SKIPFACTORY">1</MDI>
      <MDI key="STATISTICS_STDDEV">0.0024635438373739</MDI>
    </Metadata>
  </PAMRasterBand>
</PAMDataset>
