<PAMDataset>
  <PAMRasterBand band="1">
    <Histograms>
      <HistItem>
        <HistMin>0.8500092523196466</HistMin>
        <HistMax>0.8586367112270508</HistMax>
        <BucketCount>256</BucketCount>
        <IncludeOutOfRange>1</IncludeOutOfRange>
        <Approximate>0</Approximate>
        <HistCounts>1|0|0|1|0|1|0|0|0|1|1|1|0|1|0|1|0|0|0|1|0|1|3|0|1|3|0|1|1|1|0|0|1|3|2|0|2|1|0|1|3|0|2|6|2|7|2|4|5|4|7|8|9|4|5|5|7|3|5|5|8|5|2|6|5|6|4|10|8|4|9|11|9|7|12|9|3|14|12|19|11|13|14|6|3|7|13|15|8|14|17|14|12|16|11|22|10|17|13|24|7|15|13|19|12|13|19|15|7|14|21|20|8|13|19|7|21|15|17|9|13|26|23|12|18|13|13|6|14|11|15|8|20|20|22|7|10|19|10|11|13|16|16|13|17|19|3|10|4|18|4|13|18|14|8|11|10|9|3|13|10|8|9|13|10|5|5|8|7|8|4|3|4|8|9|7|6|1|5|4|4|5|11|3|4|5|3|7|0|3|5|3|10|2|5|5|2|2|0|0|3|2|1|1|1|2|0|3|0|1|1|0|0|0|0|1|1|3|1|2|1|0|0|3|0|0|0|1|1|0|0|2|0|0|0|0|0|0|0|0|0|0|0|1|0|0|1|0|0|0|0|0|0|0|0|1</HistCounts>
      </HistItem>
    </Histograms>
    <Metadata>
      <MDI key="RepresentationType">ATHEMATIC</MDI>
      <MDI key="STATISTICS_COVARIANCES">1.873168301119739e-06</MDI>
      <MDI key="STATISTICS_EXCLUDEDVALUES"></MDI>
      <MDI key="STATISTICS_MAXIMUM">0.85863671122705</MDI>
      <MDI key="STATISTICS_MEAN">0.85401115171791</MDI>
      <MDI key="STATISTICS_MINIMUM">0.85000925231965</MDI>
      <MDI key="STATISTICS_SKIPFACTORX">1</MDI>
      <MDI key="STATISTICS_SKIPFACTORY">1</MDI>
      <MDI key="STATISTICS_STDDEV">0.0013686373884706</MDI>
    </Metadata>
  </PAMRasterBand>
</PAMDataset>
