<PAMDataset>
  <Metadata>
    <MDI key="DataType">Generic</MDI>
  </Metadata>
  <PAMRasterBand band="1">
    <Histograms>
      <HistItem>
        <HistMin>0.8234903216362</HistMin>
        <HistMax>0.845343291759491</HistMax>
        <BucketCount>256</BucketCount>
        <IncludeOutOfRange>1</IncludeOutOfRange>
        <Approximate>0</Approximate>
        <HistCounts>1|0|1|0|0|0|0|0|0|0|0|0|0|0|0|1|0|0|0|0|0|0|0|0|0|1|0|0|0|0|0|0|1|0|1|0|2|0|0|2|0|0|2|1|1|0|0|0|1|0|1|0|0|0|1|2|4|2|1|1|0|1|2|3|1|1|1|1|2|4|2|2|5|0|6|3|2|3|4|3|3|3|4|7|0|7|5|5|1|8|9|5|6|8|3|11|5|8|10|11|5|9|9|5|6|9|12|17|6|9|8|7|16|10|11|12|11|20|12|18|22|18|13|16|19|26|17|17|21|17|9|21|31|14|19|14|17|23|26|27|15|24|19|30|24|17|16|14|16|15|12|18|23|21|28|13|14|20|24|15|17|13|14|15|12|19|8|12|18|13|13|11|13|11|14|12|10|9|8|11|5|6|6|7|4|4|9|8|21|5|1|4|5|7|4|4|6|2|5|4|0|3|4|2|5|2|3|1|2|7|4|3|1|1|2|3|2|1|2|2|2|0|2|0|0|0|0|0|0|1|1|0|1|1|0|0|0|0|0|1|1|0|0|0|0|0|0|0|0|0|0|0|0|0|0|1</HistCounts>
      </HistItem>
    </Histograms>
    <Metadata>
      <MDI key="RepresentationType">ATHEMATIC</MDI>
      <MDI key="STATISTICS_COVARIANCES">8.641239033762265e-06</MDI>
      <MDI key="STATISTICS_EXCLUDEDVALUES"></MDI>
      <MDI key="STATISTICS_MAXIMUM">0.84534329175949</MDI>
      <MDI key="STATISTICS_MEAN">0.83549309846014</MDI>
      <MDI key="STATISTICS_MINIMUM">0.8234903216362</MDI>
      <MDI key="STATISTICS_SKIPFACTORX">1</MDI>
      <MDI key="STATISTICS_SKIPFACTORY">1</MDI>
      <MDI key="STATISTICS_STDDEV">0.0029395984477071</MDI>
    </Metadata>
  </PAMRasterBand>
</PAMDataset>
