<PAMDataset>
  <Metadata>
    <MDI key="DataType">Generic</MDI>
  </Metadata>
  <PAMRasterBand band="1">
    <Histograms>
      <HistItem>
        <HistMin>0.8605175018310547</HistMin>
        <HistMax>0.8720345497131348</HistMax>
        <BucketCount>256</BucketCount>
        <IncludeOutOfRange>1</IncludeOutOfRange>
        <Approximate>0</Approximate>
        <HistCounts>1|0|0|0|1|0|0|0|0|2|0|0|0|0|1|0|2|0|3|2|2|5|3|0|2|4|2|0|4|2|3|2|3|3|3|3|5|5|3|4|2|4|4|6|7|8|5|6|12|10|11|15|5|8|7|8|3|5|11|15|9|13|10|10|11|9|11|18|21|9|17|13|10|16|6|14|23|12|14|14|20|15|10|18|23|9|7|11|13|9|13|11|16|16|17|14|9|12|11|15|19|16|15|10|22|19|20|18|13|9|11|6|17|9|16|9|11|14|15|10|15|16|9|11|20|12|14|10|16|20|7|8|10|8|8|15|9|6|10|5|12|20|6|10|7|8|11|11|6|5|4|8|12|11|9|3|11|7|14|9|6|2|5|6|12|4|5|3|4|7|10|4|4|5|3|4|3|2|0|5|2|5|7|5|1|2|2|1|0|3|0|3|2|2|2|1|2|0|1|1|1|1|1|0|1|1|1|1|0|0|0|1|1|0|0|1|2|0|0|0|0|1|0|0|1|0|1|2|0|0|0|0|0|0|1|0|0|0|0|1|0|0|0|0|0|0|0|0|0|0|1|0|0|0|0|1</HistCounts>
      </HistItem>
    </Histograms>
    <Metadata>
      <MDI key="RepresentationType">ATHEMATIC</MDI>
      <MDI key="STATISTICS_COVARIANCES">3.486260235209372e-06</MDI>
      <MDI key="STATISTICS_EXCLUDEDVALUES"></MDI>
      <MDI key="STATISTICS_MAXIMUM">0.87203454971313</MDI>
      <MDI key="STATISTICS_MEAN">0.86526160672307</MDI>
      <MDI key="STATISTICS_MINIMUM">0.86051750183105</MDI>
      <MDI key="STATISTICS_SKIPFACTORX">1</MDI>
      <MDI key="STATISTICS_SKIPFACTORY">1</MDI>
      <MDI key="STATISTICS_STDDEV">0.0018671529758457</MDI>
    </Metadata>
  </PAMRasterBand>
</PAMDataset>
