<PAMDataset>
  <PAMRasterBand band="1">
    <Histograms>
      <HistItem>
        <HistMin>0.8588674159369393</HistMin>
        <HistMax>0.8704253859000953</HistMax>
        <BucketCount>256</BucketCount>
        <IncludeOutOfRange>1</IncludeOutOfRange>
        <Approximate>0</Approximate>
        <HistCounts>1|1|0|0|0|0|1|1|0|1|0|0|1|0|2|2|2|1|3|4|3|1|1|2|1|3|2|1|4|3|4|2|10|3|2|2|3|6|4|1|3|5|1|1|9|6|4|6|5|4|3|3|2|5|9|8|7|5|10|12|9|11|4|4|6|8|10|10|14|5|7|5|10|9|12|12|16|10|13|13|13|14|14|13|10|8|13|16|16|12|10|15|11|18|11|17|16|13|14|7|19|19|23|6|16|9|13|20|15|21|22|13|10|19|13|13|15|14|14|6|16|24|27|25|16|15|8|16|8|11|10|11|3|9|11|21|13|15|16|10|15|9|13|16|7|11|6|8|6|11|15|10|15|7|10|8|5|3|7|4|6|8|5|8|10|10|10|4|3|6|2|4|4|3|4|3|5|5|9|4|3|4|2|1|4|1|3|3|6|4|4|3|3|3|4|3|1|2|1|0|3|3|2|1|1|0|0|1|1|1|3|0|0|0|2|1|0|0|0|0|0|0|0|0|2|0|1|1|0|0|0|0|0|2|0|0|0|0|0|0|0|0|0|0|0|0|0|0|0|0|0|0|0|0|0|1</HistCounts>
      </HistItem>
    </Histograms>
    <Metadata>
      <MDI key="RepresentationType">ATHEMATIC</MDI>
      <MDI key="STATISTICS_COVARIANCES">3.529827437190554e-06</MDI>
      <MDI key="STATISTICS_EXCLUDEDVALUES"></MDI>
      <MDI key="STATISTICS_MAXIMUM">0.8704253859001</MDI>
      <MDI key="STATISTICS_MEAN">0.86387697123363</MDI>
      <MDI key="STATISTICS_MINIMUM">0.85886741593694</MDI>
      <MDI key="STATISTICS_SKIPFACTORX">1</MDI>
      <MDI key="STATISTICS_SKIPFACTORY">1</MDI>
      <MDI key="STATISTICS_STDDEV">0.0018787834992863</MDI>
    </Metadata>
  </PAMRasterBand>
</PAMDataset>
