<PAMDataset>
  <Metadata>
    <MDI key="DataType">Generic</MDI>
  </Metadata>
  <PAMRasterBand band="1">
    <Histograms>
      <HistItem>
        <HistMin>0.8769256472587585</HistMin>
        <HistMax>0.8882279396057129</HistMax>
        <BucketCount>256</BucketCount>
        <IncludeOutOfRange>1</IncludeOutOfRange>
        <Approximate>0</Approximate>
        <HistCounts>1|1|0|0|0|0|1|0|1|1|0|0|0|0|1|0|0|3|1|0|0|0|0|1|2|1|0|1|0|0|1|0|2|0|0|1|4|0|1|0|1|3|1|0|2|2|2|1|2|2|0|2|1|4|0|3|5|5|1|4|3|1|1|0|2|7|8|4|4|6|3|6|2|8|6|1|6|3|2|5|3|6|7|8|6|11|4|5|2|5|5|10|8|9|4|11|3|9|7|7|7|7|8|8|19|7|10|12|11|8|6|12|9|12|12|16|16|14|6|10|14|16|14|13|9|6|10|13|23|14|10|13|15|9|17|15|16|25|8|15|16|14|23|13|8|17|10|15|16|16|7|17|17|14|22|13|17|18|23|8|19|12|9|10|14|14|17|17|13|15|13|7|19|17|13|13|6|4|11|10|8|15|4|8|7|11|15|6|3|8|10|9|10|8|6|4|6|8|11|3|4|9|7|7|4|3|2|6|1|6|5|7|4|4|4|3|2|1|8|2|4|2|2|4|6|2|4|0|1|1|1|1|0|1|0|0|0|0|0|0|0|0|1|1|0|0|0|1|0|0|0|2|1|0|0|1</HistCounts>
      </HistItem>
    </Histograms>
    <Metadata>
      <MDI key="RepresentationType">ATHEMATIC</MDI>
      <MDI key="STATISTICS_COVARIANCES">3.627626981794053e-06</MDI>
      <MDI key="STATISTICS_EXCLUDEDVALUES"></MDI>
      <MDI key="STATISTICS_MAXIMUM">0.88822793960571</MDI>
      <MDI key="STATISTICS_MEAN">0.88314994707704</MDI>
      <MDI key="STATISTICS_MINIMUM">0.87692564725876</MDI>
      <MDI key="STATISTICS_SKIPFACTORX">1</MDI>
      <MDI key="STATISTICS_SKIPFACTORY">1</MDI>
      <MDI key="STATISTICS_STDDEV">0.0019046330307422</MDI>
    </Metadata>
  </PAMRasterBand>
</PAMDataset>
