<PAMDataset>
  <PAMRasterBand band="1">
    <Histograms>
      <HistItem>
        <HistMin>0.8291539806803709</HistMin>
        <HistMax>0.8576105448733383</HistMax>
        <BucketCount>256</BucketCount>
        <IncludeOutOfRange>1</IncludeOutOfRange>
        <Approximate>0</Approximate>
        <HistCounts>1|0|0|1|0|0|0|0|0|0|0|2|0|0|1|1|3|2|0|0|0|3|3|0|1|1|0|1|2|0|3|0|1|2|1|1|3|0|1|0|6|4|2|3|1|1|3|7|2|6|2|1|4|3|7|3|6|8|6|7|8|6|6|3|7|8|9|12|6|7|10|15|7|10|7|11|9|8|8|10|9|13|12|9|6|4|13|10|22|11|9|9|7|10|10|7|15|13|12|11|11|9|21|11|9|15|25|18|21|8|13|12|20|12|22|16|11|25|14|14|15|16|15|20|16|19|21|11|10|13|9|18|23|12|14|18|14|14|20|8|23|16|13|10|7|8|15|16|15|7|9|10|16|11|10|12|4|11|13|7|8|17|8|9|10|8|6|13|6|2|10|1|3|4|5|9|4|5|7|6|2|8|7|10|5|4|4|2|2|1|8|5|1|2|0|1|6|4|1|3|2|2|4|5|1|2|2|0|3|2|2|3|2|2|0|0|0|0|1|1|1|1|0|1|0|1|1|0|0|0|0|0|0|0|0|0|0|0|0|0|0|0|0|1|0|0|1|0|0|0|0|0|0|0|0|1</HistCounts>
      </HistItem>
    </Histograms>
    <Metadata>
      <MDI key="RepresentationType">ATHEMATIC</MDI>
      <MDI key="STATISTICS_COVARIANCES">2.063000756751308e-05</MDI>
      <MDI key="STATISTICS_EXCLUDEDVALUES"></MDI>
      <MDI key="STATISTICS_MAXIMUM">0.85761054487334</MDI>
      <MDI key="STATISTICS_MEAN">0.84249533476426</MDI>
      <MDI key="STATISTICS_MINIMUM">0.82915398068037</MDI>
      <MDI key="STATISTICS_SKIPFACTORX">1</MDI>
      <MDI key="STATISTICS_SKIPFACTORY">1</MDI>
      <MDI key="STATISTICS_STDDEV">0.004542026812725</MDI>
    </Metadata>
  </PAMRasterBand>
</PAMDataset>
