<PAMDataset>
  <PAMRasterBand band="1">
    <Histograms>
      <HistItem>
        <HistMin>0.8569214560046249</HistMin>
        <HistMax>0.8703222274495289</HistMax>
        <BucketCount>256</BucketCount>
        <IncludeOutOfRange>1</IncludeOutOfRange>
        <Approximate>0</Approximate>
        <HistCounts>1|0|0|0|0|0|0|0|0|0|0|1|1|0|0|1|0|0|0|0|1|0|1|0|2|1|0|1|0|2|0|0|0|0|2|1|1|0|2|1|1|3|0|0|1|0|1|0|0|1|3|2|3|1|3|0|0|1|0|5|0|0|1|1|4|2|3|1|5|0|2|1|2|1|3|4|2|8|3|7|2|0|3|4|6|7|8|8|3|4|6|5|4|1|8|4|4|3|9|8|10|6|8|2|15|6|7|5|11|6|9|3|7|8|10|9|8|11|6|8|14|16|12|10|6|17|6|17|9|17|13|18|13|17|9|18|14|22|17|13|10|8|14|15|15|16|21|19|15|15|14|15|31|15|21|15|8|19|12|15|10|17|14|14|22|17|27|10|22|15|14|16|18|12|15|16|9|18|9|16|11|24|14|10|7|9|6|19|19|8|9|14|9|14|6|8|4|14|6|11|4|16|1|8|3|6|3|8|8|2|5|4|8|2|1|4|4|5|4|0|1|2|1|4|3|0|3|0|3|4|1|0|1|0|2|0|1|0|2|0|0|0|0|0|1|3|0|0|0|0|0|0|1|0|0|1</HistCounts>
      </HistItem>
    </Histograms>
    <Metadata>
      <MDI key="RepresentationType">ATHEMATIC</MDI>
      <MDI key="STATISTICS_COVARIANCES">4.454545689404395e-06</MDI>
      <MDI key="STATISTICS_EXCLUDEDVALUES"></MDI>
      <MDI key="STATISTICS_MAXIMUM">0.87032222744953</MDI>
      <MDI key="STATISTICS_MEAN">0.86471556416334</MDI>
      <MDI key="STATISTICS_MINIMUM">0.85692145600462</MDI>
      <MDI key="STATISTICS_SKIPFACTORX">1</MDI>
      <MDI key="STATISTICS_SKIPFACTORY">1</MDI>
      <MDI key="STATISTICS_STDDEV">0.0021105794676828</MDI>
    </Metadata>
  </PAMRasterBand>
</PAMDataset>
