<PAMDataset>
  <Metadata>
    <MDI key="DataType">Generic</MDI>
  </Metadata>
  <PAMRasterBand band="1">
    <Histograms>
      <HistItem>
        <HistMin>0.8705171942710876</HistMin>
        <HistMax>0.885059654712677</HistMax>
        <BucketCount>256</BucketCount>
        <IncludeOutOfRange>1</IncludeOutOfRange>
        <Approximate>0</Approximate>
        <HistCounts>1|0|0|0|0|0|0|0|0|0|0|1|0|1|2|1|1|0|2|0|0|2|1|2|0|1|1|1|1|1|0|2|3|1|1|2|0|0|0|1|2|2|5|0|0|1|1|0|3|8|3|2|3|2|3|4|0|3|9|3|4|3|1|2|0|1|4|5|5|5|0|1|2|4|3|6|3|3|1|4|1|5|5|4|8|2|6|0|5|9|6|7|5|7|5|4|2|1|4|9|3|8|8|5|9|10|8|10|6|12|9|3|10|2|10|16|9|10|15|13|9|9|9|9|18|9|20|9|14|12|7|25|24|19|12|13|16|16|15|13|15|16|17|19|14|15|15|12|14|10|23|15|13|8|23|12|15|11|19|14|15|11|19|14|11|7|14|12|17|13|11|11|13|19|15|17|23|9|9|5|14|14|9|10|12|15|11|11|4|7|10|6|10|17|11|6|3|4|8|11|3|4|13|7|4|5|7|5|2|4|7|8|7|3|6|4|4|3|2|6|5|4|2|2|5|3|0|1|4|1|0|2|3|0|1|2|2|2|1|1|1|0|0|0|0|2|2|0|0|0|1|0|0|0|1|1</HistCounts>
      </HistItem>
    </Histograms>
    <Metadata>
      <MDI key="RepresentationType">ATHEMATIC</MDI>
      <MDI key="STATISTICS_COVARIANCES">6.389946091363023e-06</MDI>
      <MDI key="STATISTICS_EXCLUDEDVALUES"></MDI>
      <MDI key="STATISTICS_MAXIMUM">0.88505965471268</MDI>
      <MDI key="STATISTICS_MEAN">0.87877068504691</MDI>
      <MDI key="STATISTICS_MINIMUM">0.87051719427109</MDI>
      <MDI key="STATISTICS_SKIPFACTORX">1</MDI>
      <MDI key="STATISTICS_SKIPFACTORY">1</MDI>
      <MDI key="STATISTICS_STDDEV">0.0025278342689668</MDI>
    </Metadata>
  </PAMRasterBand>
</PAMDataset>
