<PAMDataset>
  <Metadata>
    <MDI key="DataType">Generic</MDI>
  </Metadata>
  <PAMRasterBand band="1">
    <Histograms>
      <HistItem>
        <HistMin>0.8738997578620911</HistMin>
        <HistMax>0.8840335607528687</HistMax>
        <BucketCount>256</BucketCount>
        <IncludeOutOfRange>1</IncludeOutOfRange>
        <Approximate>0</Approximate>
        <HistCounts>1|0|0|0|0|0|0|0|1|0|0|0|0|0|0|2|0|1|0|1|0|1|1|0|0|3|2|1|0|2|3|1|0|0|2|1|0|1|1|0|4|1|0|1|1|1|5|1|2|3|5|3|4|1|3|6|6|4|5|5|3|2|4|10|6|5|10|4|5|5|5|8|7|6|6|8|6|10|5|6|8|7|6|8|16|10|13|12|11|13|13|14|12|11|12|17|16|16|19|15|13|15|12|23|13|19|13|19|13|11|18|11|15|17|12|14|19|17|15|17|14|13|19|10|12|22|16|24|11|10|10|14|11|15|17|20|9|13|10|12|9|12|18|10|10|21|9|9|7|14|5|15|7|15|18|8|14|15|5|10|19|17|11|10|6|10|15|11|10|7|9|7|9|8|7|5|19|4|6|6|5|5|8|6|5|1|7|4|3|6|7|7|4|1|2|2|2|2|1|1|3|0|4|3|3|2|3|1|0|0|2|1|0|3|4|3|1|0|0|2|1|2|1|4|1|0|3|0|0|0|1|0|0|0|0|0|0|0|0|0|0|0|0|1|0|0|0|0|0|0|0|0|0|0|0|1</HistCounts>
      </HistItem>
    </Histograms>
    <Metadata>
      <MDI key="RepresentationType">ATHEMATIC</MDI>
      <MDI key="STATISTICS_COVARIANCES">2.534840244589066e-06</MDI>
      <MDI key="STATISTICS_EXCLUDEDVALUES"></MDI>
      <MDI key="STATISTICS_MAXIMUM">0.88403356075287</MDI>
      <MDI key="STATISTICS_MEAN">0.87883083574474</MDI>
      <MDI key="STATISTICS_MINIMUM">0.87389975786209</MDI>
      <MDI key="STATISTICS_SKIPFACTORX">1</MDI>
      <MDI key="STATISTICS_SKIPFACTORY">1</MDI>
      <MDI key="STATISTICS_STDDEV">0.0015921181628852</MDI>
    </Metadata>
  </PAMRasterBand>
</PAMDataset>
