<PAMDataset>
  <Metadata>
    <MDI key="DataType">Generic</MDI>
  </Metadata>
  <PAMRasterBand band="1">
    <Histograms>
      <HistItem>
        <HistMin>0.8454111814498901</HistMin>
        <HistMax>0.8602365255355835</HistMax>
        <BucketCount>256</BucketCount>
        <IncludeOutOfRange>1</IncludeOutOfRange>
        <Approximate>0</Approximate>
        <HistCounts>1|0|0|0|0|0|0|0|0|0|0|0|0|0|0|0|0|0|1|0|0|0|0|0|0|0|0|0|1|0|0|0|0|0|0|0|3|0|0|0|0|1|0|0|1|0|0|0|0|0|1|0|2|0|1|1|1|0|2|1|0|1|1|1|0|2|0|1|1|3|4|1|0|1|1|3|3|1|1|1|0|3|1|2|0|2|5|3|2|2|2|5|3|2|7|6|4|1|2|5|4|13|10|12|4|13|4|10|16|6|10|9|8|6|9|9|12|11|24|16|13|12|13|13|11|15|21|20|18|16|13|20|15|14|16|19|15|13|16|11|24|12|24|27|16|28|10|16|21|17|23|14|24|14|21|27|17|18|14|28|23|12|20|20|25|17|14|17|19|14|12|6|18|22|19|27|9|16|16|10|13|14|11|5|6|8|11|10|5|7|3|8|4|3|4|10|8|3|4|4|11|4|1|2|6|6|4|4|1|11|2|2|3|1|9|1|3|4|8|6|0|2|2|5|4|2|1|3|3|2|0|0|0|0|1|0|0|1|0|0|0|0|2|0|0|0|0|0|0|0|0|0|0|0|0|1</HistCounts>
      </HistItem>
    </Histograms>
    <Metadata>
      <MDI key="RepresentationType">ATHEMATIC</MDI>
      <MDI key="STATISTICS_COVARIANCES">3.945273142103215e-06</MDI>
      <MDI key="STATISTICS_EXCLUDEDVALUES"></MDI>
      <MDI key="STATISTICS_MAXIMUM">0.86023652553558</MDI>
      <MDI key="STATISTICS_MEAN">0.85407103333622</MDI>
      <MDI key="STATISTICS_MINIMUM">0.84541118144989</MDI>
      <MDI key="STATISTICS_SKIPFACTORX">1</MDI>
      <MDI key="STATISTICS_SKIPFACTORY">1</MDI>
      <MDI key="STATISTICS_STDDEV">0.0019862711653003</MDI>
    </Metadata>
  </PAMRasterBand>
</PAMDataset>
