<PAMDataset>
  <Metadata>
    <MDI key="DataType">Generic</MDI>
  </Metadata>
  <PAMRasterBand band="1">
    <Histograms>
      <HistItem>
        <HistMin>0.8277065753936768</HistMin>
        <HistMax>0.8409863710403442</HistMax>
        <BucketCount>256</BucketCount>
        <IncludeOutOfRange>1</IncludeOutOfRange>
        <Approximate>0</Approximate>
        <HistCounts>1|0|0|0|0|0|0|0|0|1|0|0|0|0|0|0|0|1|1|2|0|1|1|0|0|0|0|1|0|0|0|0|0|2|0|0|0|2|1|0|0|2|2|1|0|2|3|2|1|3|1|1|3|3|2|1|1|1|5|0|2|1|7|5|6|1|5|2|4|1|3|5|7|1|12|14|4|2|10|6|9|3|5|6|8|6|5|8|10|6|1|11|7|5|2|9|11|6|1|13|8|6|4|10|9|13|10|9|14|6|8|18|10|9|11|11|15|15|10|8|10|10|12|10|12|15|15|9|18|11|11|15|14|14|22|7|16|20|24|10|13|25|16|14|14|19|13|9|26|25|18|7|20|30|22|9|8|17|18|20|9|18|14|20|13|10|16|12|5|19|21|16|7|11|11|10|5|11|7|10|9|13|13|6|3|10|10|5|5|6|13|8|6|2|6|6|8|0|9|6|11|7|0|5|8|0|4|11|8|2|5|5|6|2|4|4|0|2|1|1|0|0|1|4|0|0|2|3|4|0|1|2|1|0|0|1|0|0|0|2|0|0|0|0|1|1|0|0|0|1|0|0|0|0|0|1</HistCounts>
      </HistItem>
    </Histograms>
    <Metadata>
      <MDI key="RepresentationType">ATHEMATIC</MDI>
      <MDI key="STATISTICS_COVARIANCES">4.555195090831599e-06</MDI>
      <MDI key="STATISTICS_EXCLUDEDVALUES"></MDI>
      <MDI key="STATISTICS_MAXIMUM">0.84098637104034</MDI>
      <MDI key="STATISTICS_MEAN">0.83497512858361</MDI>
      <MDI key="STATISTICS_MINIMUM">0.82770657539368</MDI>
      <MDI key="STATISTICS_SKIPFACTORX">1</MDI>
      <MDI key="STATISTICS_SKIPFACTORY">1</MDI>
      <MDI key="STATISTICS_STDDEV">0.0021342903014425</MDI>
    </Metadata>
  </PAMRasterBand>
</PAMDataset>
