<PAMDataset>
  <Metadata>
    <MDI key="DataType">Generic</MDI>
  </Metadata>
  <PAMRasterBand band="1">
    <Histograms>
      <HistItem>
        <HistMin>0.8049572706222534</HistMin>
        <HistMax>0.8163401484489441</HistMax>
        <BucketCount>256</BucketCount>
        <IncludeOutOfRange>1</IncludeOutOfRange>
        <Approximate>0</Approximate>
        <HistCounts>1|0|0|0|0|0|0|0|0|0|0|1|0|0|0|1|0|0|0|0|0|0|1|0|1|0|1|2|2|0|0|2|1|1|0|2|2|4|3|0|7|0|3|1|3|2|3|1|0|3|5|6|3|3|10|3|5|3|4|5|6|7|7|3|6|6|7|11|8|11|9|9|13|3|6|11|11|6|15|6|12|12|15|21|14|9|11|8|14|12|17|19|11|14|12|9|14|6|18|16|25|9|17|18|22|19|21|22|14|12|14|16|13|13|21|11|18|24|11|13|6|20|9|10|11|14|12|18|15|17|18|18|14|10|7|8|8|18|24|13|6|11|4|17|2|19|6|12|2|15|5|12|9|18|4|16|12|9|7|14|9|12|9|12|3|5|9|7|4|9|8|8|5|5|8|3|7|5|2|1|6|0|6|2|12|6|6|0|6|2|6|2|7|5|8|1|5|5|4|3|3|7|3|2|3|1|2|0|6|0|0|4|2|2|3|1|2|0|1|0|0|0|0|2|0|2|0|3|0|0|0|3|0|0|0|0|0|0|0|0|0|0|0|0|0|0|0|0|0|0|1|0|0|0|0|1</HistCounts>
      </HistItem>
    </Histograms>
    <Metadata>
      <MDI key="RepresentationType">ATHEMATIC</MDI>
      <MDI key="STATISTICS_COVARIANCES">3.353301658866696e-06</MDI>
      <MDI key="STATISTICS_EXCLUDEDVALUES"></MDI>
      <MDI key="STATISTICS_MAXIMUM">0.81634014844894</MDI>
      <MDI key="STATISTICS_MEAN">0.81032180268317</MDI>
      <MDI key="STATISTICS_MINIMUM">0.80495727062225</MDI>
      <MDI key="STATISTICS_SKIPFACTORX">1</MDI>
      <MDI key="STATISTICS_SKIPFACTORY">1</MDI>
      <MDI key="STATISTICS_STDDEV">0.0018312022441191</MDI>
    </Metadata>
  </PAMRasterBand>
</PAMDataset>
