<PAMDataset>
  <Metadata>
    <MDI key="DataType">Generic</MDI>
  </Metadata>
  <PAMRasterBand band="1">
    <Histograms>
      <HistItem>
        <HistMin>0.8530758619308472</HistMin>
        <HistMax>0.8672212958335876</HistMax>
        <BucketCount>256</BucketCount>
        <IncludeOutOfRange>1</IncludeOutOfRange>
        <Approximate>0</Approximate>
        <HistCounts>1|0|0|0|0|0|0|0|0|0|0|0|0|0|0|0|1|0|0|0|0|0|0|1|0|0|1|0|1|0|1|1|0|0|2|5|1|3|0|1|2|3|4|1|1|7|8|4|4|5|9|11|9|15|8|6|8|9|8|10|10|11|9|12|4|13|12|10|12|14|20|11|11|10|21|26|8|20|10|17|17|8|11|13|19|16|10|11|25|23|19|21|20|16|18|17|14|9|24|16|8|12|9|12|12|21|9|11|6|10|15|6|10|10|9|8|15|9|7|8|6|4|8|4|12|5|7|9|10|8|7|6|11|4|10|8|11|12|5|6|9|11|10|1|8|10|12|9|6|14|10|12|14|7|7|11|15|12|9|11|15|17|11|10|8|10|6|6|5|6|13|8|4|10|3|9|7|6|10|7|15|8|5|3|5|3|5|6|7|2|5|6|3|5|2|3|3|0|6|2|1|2|1|3|5|1|0|1|0|0|1|2|2|1|2|1|1|2|1|0|0|0|2|2|0|0|1|1|0|0|0|0|0|0|1|1|0|0|0|0|0|0|0|1|0|0|1|0|0|0|0|0|0|0|0|1</HistCounts>
      </HistItem>
    </Histograms>
    <Metadata>
      <MDI key="RepresentationType">ATHEMATIC</MDI>
      <MDI key="STATISTICS_COVARIANCES">5.938286136042731e-06</MDI>
      <MDI key="STATISTICS_EXCLUDEDVALUES"></MDI>
      <MDI key="STATISTICS_MAXIMUM">0.86722129583359</MDI>
      <MDI key="STATISTICS_MEAN">0.85941273588687</MDI>
      <MDI key="STATISTICS_MINIMUM">0.85307586193085</MDI>
      <MDI key="STATISTICS_SKIPFACTORX">1</MDI>
      <MDI key="STATISTICS_SKIPFACTORY">1</MDI>
      <MDI key="STATISTICS_STDDEV">0.0024368598925754</MDI>
    </Metadata>
  </PAMRasterBand>
</PAMDataset>
