<PAMDataset>
  <Metadata>
    <MDI key="DataType">Generic</MDI>
  </Metadata>
  <PAMRasterBand band="1">
    <Histograms>
      <HistItem>
        <HistMin>0.7996885180473328</HistMin>
        <HistMax>0.8341623544692993</HistMax>
        <BucketCount>256</BucketCount>
        <IncludeOutOfRange>1</IncludeOutOfRange>
        <Approximate>0</Approximate>
        <HistCounts>1|0|0|0|0|0|0|0|0|0|0|0|0|0|0|0|0|0|0|0|0|0|1|0|0|0|0|0|0|0|0|0|0|0|1|0|0|0|0|1|1|0|0|0|0|0|1|0|0|0|0|0|0|0|0|0|0|1|0|0|0|0|0|1|1|0|0|0|1|0|0|0|0|0|0|1|0|0|0|1|1|1|0|0|0|0|3|1|0|0|0|0|2|2|1|0|0|2|4|0|1|0|0|2|3|3|0|0|1|2|5|2|2|2|1|1|3|2|2|0|2|4|1|2|3|0|0|4|6|3|2|3|7|5|4|4|5|2|4|9|5|5|7|7|6|5|4|7|13|6|10|7|12|8|9|13|11|7|10|8|10|6|7|11|9|15|11|12|10|6|10|14|16|10|11|7|20|12|17|14|21|16|11|22|27|20|25|22|20|27|28|41|35|24|31|26|25|36|40|32|31|28|17|22|40|28|29|30|15|34|14|24|16|10|22|16|17|11|22|7|10|18|4|7|13|10|5|5|6|4|9|2|1|2|3|3|5|1|0|1|2|2|2|0|0|0|1|0|0|0|0|1|1|0|0|1</HistCounts>
      </HistItem>
    </Histograms>
    <Metadata>
      <MDI key="RepresentationType">ATHEMATIC</MDI>
      <MDI key="STATISTICS_COVARIANCES">1.724997515629853e-05</MDI>
      <MDI key="STATISTICS_EXCLUDEDVALUES"></MDI>
      <MDI key="STATISTICS_MAXIMUM">0.8341623544693</MDI>
      <MDI key="STATISTICS_MEAN">0.82475615426898</MDI>
      <MDI key="STATISTICS_MINIMUM">0.79968851804733</MDI>
      <MDI key="STATISTICS_SKIPFACTORX">1</MDI>
      <MDI key="STATISTICS_SKIPFACTORY">1</MDI>
      <MDI key="STATISTICS_STDDEV">0.0041533089406278</MDI>
    </Metadata>
  </PAMRasterBand>
</PAMDataset>
