<PAMDataset>
  <Metadata>
    <MDI key="DataType">Generic</MDI>
  </Metadata>
  <PAMRasterBand band="1">
    <Histograms>
      <HistItem>
        <HistMin>0.8581720590591431</HistMin>
        <HistMax>0.8714432716369629</HistMax>
        <BucketCount>256</BucketCount>
        <IncludeOutOfRange>1</IncludeOutOfRange>
        <Approximate>0</Approximate>
        <HistCounts>1|0|0|0|0|0|0|0|0|0|0|0|0|0|0|0|0|0|0|1|0|0|0|1|0|1|1|0|1|1|1|0|0|2|1|0|0|5|0|2|4|1|1|4|0|3|2|5|3|2|4|6|2|4|4|3|10|11|7|7|10|6|6|10|7|10|9|13|10|8|10|19|18|11|16|16|20|14|13|18|14|16|21|17|18|17|11|21|15|16|18|15|20|15|10|16|25|14|11|20|21|22|18|14|14|12|20|22|9|9|6|15|11|15|11|13|14|17|9|13|17|21|8|15|14|7|16|17|10|9|14|12|6|7|13|17|15|8|5|12|8|11|6|6|9|8|8|5|10|12|9|15|7|6|6|6|9|5|8|7|7|6|9|3|6|7|14|3|6|7|7|9|9|2|8|5|4|2|3|3|5|5|4|2|5|7|6|2|4|6|3|7|2|2|1|2|4|4|2|2|2|2|1|2|0|5|6|3|0|0|1|0|1|1|0|4|1|0|0|1|1|3|0|0|0|2|0|1|0|0|0|0|0|0|0|0|0|0|0|0|0|0|1|1|0|1|0|0|0|0|0|0|0|0|0|1</HistCounts>
      </HistItem>
    </Histograms>
    <Metadata>
      <MDI key="RepresentationType">ATHEMATIC</MDI>
      <MDI key="STATISTICS_COVARIANCES">4.383438961377659e-06</MDI>
      <MDI key="STATISTICS_EXCLUDEDVALUES"></MDI>
      <MDI key="STATISTICS_MAXIMUM">0.87144327163696</MDI>
      <MDI key="STATISTICS_MEAN">0.86408849257976</MDI>
      <MDI key="STATISTICS_MINIMUM">0.85817205905914</MDI>
      <MDI key="STATISTICS_SKIPFACTORX">1</MDI>
      <MDI key="STATISTICS_SKIPFACTORY">1</MDI>
      <MDI key="STATISTICS_STDDEV">0.0020936663920925</MDI>
    </Metadata>
  </PAMRasterBand>
</PAMDataset>
