<PAMDataset>
  <Metadata>
    <MDI key="DataType">Generic</MDI>
  </Metadata>
  <PAMRasterBand band="1">
    <Histograms>
      <HistItem>
        <HistMin>0.745240330696106</HistMin>
        <HistMax>0.7960243821144104</HistMax>
        <BucketCount>256</BucketCount>
        <IncludeOutOfRange>1</IncludeOutOfRange>
        <Approximate>0</Approximate>
        <HistCounts>1|0|0|0|2|0|0|0|1|0|0|0|0|0|0|0|0|0|2|0|0|0|0|2|1|0|1|0|4|0|0|2|1|0|0|2|2|0|1|3|2|0|1|1|0|0|3|0|2|1|0|0|3|1|0|1|0|1|2|0|3|3|2|2|1|1|1|1|0|2|5|1|1|1|0|3|3|1|2|0|4|3|2|2|2|5|1|1|2|3|2|2|1|1|3|4|4|3|1|3|3|2|2|3|4|3|2|4|1|0|2|0|5|3|5|5|4|5|5|3|3|3|5|4|3|2|0|5|1|5|5|6|3|1|6|3|5|10|7|6|3|11|3|5|6|7|3|10|7|8|3|13|8|12|3|7|4|9|9|9|6|10|5|5|5|8|6|4|2|3|8|6|9|4|7|6|6|7|4|4|9|5|7|3|2|10|4|7|5|12|3|9|9|15|7|2|7|15|12|5|21|15|14|17|11|17|14|25|24|13|31|25|28|21|26|28|18|19|17|36|30|20|20|31|22|15|31|33|24|20|30|27|21|29|17|26|9|16|12|9|11|8|10|4|5|3|7|5|3|2|1|6|0|0|0|1</HistCounts>
      </HistItem>
    </Histograms>
    <Metadata>
      <MDI key="RepresentationType">ATHEMATIC</MDI>
      <MDI key="STATISTICS_COVARIANCES">9.971367816798306e-05</MDI>
      <MDI key="STATISTICS_EXCLUDEDVALUES"></MDI>
      <MDI key="STATISTICS_MAXIMUM">0.79602438211441</MDI>
      <MDI key="STATISTICS_MEAN">0.78267830204219</MDI>
      <MDI key="STATISTICS_MINIMUM">0.74524033069611</MDI>
      <MDI key="STATISTICS_SKIPFACTORX">1</MDI>
      <MDI key="STATISTICS_SKIPFACTORY">1</MDI>
      <MDI key="STATISTICS_STDDEV">0.0099856736461785</MDI>
    </Metadata>
  </PAMRasterBand>
</PAMDataset>
