<PAMDataset>
  <Metadata>
    <MDI key="DataType">Generic</MDI>
  </Metadata>
  <PAMRasterBand band="1">
    <Histograms>
      <HistItem>
        <HistMin>0.8499503135681152</HistMin>
        <HistMax>0.8633942008018494</HistMax>
        <BucketCount>256</BucketCount>
        <IncludeOutOfRange>1</IncludeOutOfRange>
        <Approximate>0</Approximate>
        <HistCounts>1|1|0|0|0|0|0|0|0|0|0|0|1|1|2|0|0|0|0|2|1|1|0|0|2|0|1|5|2|2|8|3|4|6|6|2|1|3|6|7|3|4|3|4|5|6|5|4|8|7|9|8|12|13|6|10|7|13|16|9|15|16|5|12|10|16|10|9|13|17|19|8|14|8|14|12|13|11|6|15|17|9|12|11|10|9|8|14|13|7|10|14|9|7|4|16|12|9|7|14|11|8|11|12|15|17|6|6|11|9|14|10|12|9|9|13|7|9|8|10|6|2|7|11|9|8|4|6|4|6|9|4|4|3|9|5|5|4|5|8|5|3|4|7|6|7|1|3|3|3|2|6|5|0|2|1|1|2|6|1|0|4|5|2|6|4|2|5|3|1|4|7|4|2|6|8|8|8|5|4|6|5|8|13|3|9|10|10|16|6|9|9|8|4|7|5|7|7|15|10|7|11|9|15|15|6|11|12|15|10|5|6|8|13|10|4|4|9|13|5|7|5|3|2|0|5|7|4|7|5|0|3|4|2|4|5|2|2|4|1|1|0|1|3|2|1|3|1|1|1|1|0|0|0|0|1</HistCounts>
      </HistItem>
    </Histograms>
    <Metadata>
      <MDI key="RepresentationType">ATHEMATIC</MDI>
      <MDI key="STATISTICS_COVARIANCES">1.010126629127435e-05</MDI>
      <MDI key="STATISTICS_EXCLUDEDVALUES"></MDI>
      <MDI key="STATISTICS_MAXIMUM">0.86339420080185</MDI>
      <MDI key="STATISTICS_MEAN">0.85656850297004</MDI>
      <MDI key="STATISTICS_MINIMUM">0.84995031356812</MDI>
      <MDI key="STATISTICS_SKIPFACTORX">1</MDI>
      <MDI key="STATISTICS_SKIPFACTORY">1</MDI>
      <MDI key="STATISTICS_STDDEV">0.0031782489347555</MDI>
    </Metadata>
  </PAMRasterBand>
</PAMDataset>
