<PAMDataset>
  <Metadata>
    <MDI key="DataType">Generic</MDI>
  </Metadata>
  <PAMRasterBand band="1">
    <Histograms>
      <HistItem>
        <HistMin>0.8270968198776245</HistMin>
        <HistMax>0.8403599262237549</HistMax>
        <BucketCount>256</BucketCount>
        <IncludeOutOfRange>1</IncludeOutOfRange>
        <Approximate>0</Approximate>
        <HistCounts>1|0|0|0|0|0|0|0|2|0|0|0|0|1|0|1|0|0|0|1|0|0|0|0|0|2|1|0|0|1|0|1|5|0|0|0|0|0|2|1|0|1|5|0|2|5|2|3|4|6|0|2|1|1|2|2|2|6|5|7|3|5|2|8|5|5|5|3|5|2|11|9|4|2|7|8|10|5|8|9|7|9|14|6|17|15|11|9|16|16|9|11|9|12|11|11|10|13|16|11|11|15|10|18|10|12|16|16|8|12|14|10|20|19|15|13|19|13|19|16|18|11|20|9|13|9|11|9|12|25|13|22|10|9|12|20|18|14|13|8|14|13|16|15|15|7|14|20|11|11|7|13|11|14|22|12|13|9|10|7|10|16|6|7|6|19|12|11|6|10|8|10|16|8|3|9|6|9|9|3|5|8|5|7|5|4|3|17|2|9|3|2|3|5|3|2|6|6|3|3|3|3|5|3|3|5|3|6|3|2|0|0|3|4|0|3|3|0|4|5|2|0|1|0|1|2|1|0|1|0|0|1|1|1|1|1|0|0|0|0|0|0|1|0|0|0|1|0|1|0|0|0|0|0|0|1</HistCounts>
      </HistItem>
    </Histograms>
    <Metadata>
      <MDI key="RepresentationType">ATHEMATIC</MDI>
      <MDI key="STATISTICS_COVARIANCES">4.645879594465439e-06</MDI>
      <MDI key="STATISTICS_EXCLUDEDVALUES"></MDI>
      <MDI key="STATISTICS_MAXIMUM">0.84035992622375</MDI>
      <MDI key="STATISTICS_MEAN">0.83374169964343</MDI>
      <MDI key="STATISTICS_MINIMUM">0.82709681987762</MDI>
      <MDI key="STATISTICS_SKIPFACTORX">1</MDI>
      <MDI key="STATISTICS_SKIPFACTORY">1</MDI>
      <MDI key="STATISTICS_STDDEV">0.0021554302573884</MDI>
    </Metadata>
  </PAMRasterBand>
</PAMDataset>
