<PAMDataset>
  <Metadata>
    <MDI key="DataType">Generic</MDI>
  </Metadata>
  <PAMRasterBand band="1">
    <Histograms>
      <HistItem>
        <HistMin>0.8365269899368286</HistMin>
        <HistMax>0.8460023403167725</HistMax>
        <BucketCount>256</BucketCount>
        <IncludeOutOfRange>1</IncludeOutOfRange>
        <Approximate>0</Approximate>
        <HistCounts>1|0|0|0|0|0|0|0|2|0|1|0|0|1|0|0|0|1|1|1|1|0|1|2|0|0|2|2|0|2|0|2|0|4|0|1|3|4|1|0|2|4|2|3|1|1|3|3|2|2|6|2|5|1|4|2|8|1|6|0|2|0|5|2|6|4|6|7|10|6|10|6|10|1|5|3|5|3|10|7|12|6|17|4|7|5|9|9|7|6|10|5|13|7|7|8|7|11|8|12|13|17|7|8|12|7|8|11|8|12|8|11|13|20|20|17|15|13|13|15|12|10|12|15|15|8|24|12|11|13|22|11|9|8|11|5|8|11|20|15|12|16|19|17|19|13|19|18|12|16|7|14|13|15|9|21|12|8|6|11|17|20|20|13|6|7|7|14|11|15|9|8|5|11|10|11|13|12|13|6|13|5|7|7|7|7|12|2|9|5|4|8|10|10|8|10|5|4|4|4|6|4|3|2|2|3|6|1|3|2|5|3|2|1|4|4|4|2|1|2|1|0|2|1|2|0|1|4|0|0|2|1|1|0|1|1|0|1|1|2|1|1|0|0|0|0|0|1|0|0|0|0|0|0|0|1</HistCounts>
      </HistItem>
    </Histograms>
    <Metadata>
      <MDI key="RepresentationType">ATHEMATIC</MDI>
      <MDI key="STATISTICS_COVARIANCES">2.66399410507015e-06</MDI>
      <MDI key="STATISTICS_EXCLUDEDVALUES"></MDI>
      <MDI key="STATISTICS_MAXIMUM">0.84600234031677</MDI>
      <MDI key="STATISTICS_MEAN">0.84144878089428</MDI>
      <MDI key="STATISTICS_MINIMUM">0.83652698993683</MDI>
      <MDI key="STATISTICS_SKIPFACTORX">1</MDI>
      <MDI key="STATISTICS_SKIPFACTORY">1</MDI>
      <MDI key="STATISTICS_STDDEV">0.0016321746551978</MDI>
    </Metadata>
  </PAMRasterBand>
</PAMDataset>
