<PAMDataset>
  <Metadata>
    <MDI key="DataType">Generic</MDI>
  </Metadata>
  <PAMRasterBand band="1">
    <Histograms>
      <HistItem>
        <HistMin>0.8323277831077576</HistMin>
        <HistMax>0.8439947962760925</HistMax>
        <BucketCount>256</BucketCount>
        <IncludeOutOfRange>1</IncludeOutOfRange>
        <Approximate>0</Approximate>
        <HistCounts>1|1|2|0|0|0|0|1|0|0|1|1|1|0|0|3|0|0|1|2|1|3|1|1|0|3|7|5|6|1|2|1|2|2|4|3|4|2|9|8|4|6|6|1|5|1|1|1|2|2|4|9|6|8|6|7|2|3|3|4|6|3|9|6|6|4|8|0|5|5|5|8|6|9|9|9|8|7|6|9|10|6|5|3|6|5|6|11|9|7|9|10|8|15|13|7|13|10|12|15|14|9|12|9|13|19|26|15|22|10|12|11|9|20|15|10|12|18|20|20|15|19|15|14|12|25|12|17|12|15|13|25|19|14|11|18|17|8|9|17|10|10|7|17|17|22|9|6|10|10|15|5|15|12|11|16|20|15|6|8|5|11|9|7|11|6|9|10|18|7|10|6|5|5|4|13|6|2|5|3|7|9|3|4|9|2|5|7|1|2|1|1|5|8|3|2|1|5|3|4|5|3|1|1|2|5|3|3|1|2|3|1|2|0|0|2|0|0|7|0|1|0|0|0|2|0|1|0|0|1|2|0|0|0|0|0|1|1|0|0|0|0|0|0|0|0|1|0|1|1|0|0|0|0|0|1</HistCounts>
      </HistItem>
    </Histograms>
    <Metadata>
      <MDI key="RepresentationType">ATHEMATIC</MDI>
      <MDI key="STATISTICS_COVARIANCES">4.038728602268328e-06</MDI>
      <MDI key="STATISTICS_EXCLUDEDVALUES"></MDI>
      <MDI key="STATISTICS_MAXIMUM">0.84399479627609</MDI>
      <MDI key="STATISTICS_MEAN">0.83785433050245</MDI>
      <MDI key="STATISTICS_MINIMUM">0.83232778310776</MDI>
      <MDI key="STATISTICS_SKIPFACTORX">1</MDI>
      <MDI key="STATISTICS_SKIPFACTORY">1</MDI>
      <MDI key="STATISTICS_STDDEV">0.0020096588273307</MDI>
    </Metadata>
  </PAMRasterBand>
</PAMDataset>
