<PAMDataset>
  <PAMRasterBand band="1">
    <Histograms>
      <HistItem>
        <HistMin>0.8054148376750551</HistMin>
        <HistMax>0.8259886872802854</HistMax>
        <BucketCount>256</BucketCount>
        <IncludeOutOfRange>1</IncludeOutOfRange>
        <Approximate>0</Approximate>
        <HistCounts>1|0|0|0|0|0|0|0|0|0|0|0|0|0|1|0|0|0|0|0|0|0|0|0|0|0|1|0|0|0|0|1|0|1|0|0|0|0|0|1|0|1|0|0|0|0|0|0|0|0|0|0|0|0|0|0|2|0|1|0|0|0|0|1|1|1|0|3|0|0|1|1|3|0|5|1|2|2|2|3|3|2|4|5|1|1|0|3|2|1|2|6|5|0|2|6|4|2|3|4|5|9|9|6|4|9|13|6|13|8|9|6|6|8|6|4|4|11|9|10|6|10|19|14|9|9|13|13|17|13|15|13|21|15|8|9|14|19|18|11|15|22|19|27|20|19|18|26|27|16|5|15|22|28|21|16|16|23|26|17|20|15|21|20|20|16|15|15|17|17|15|12|11|21|18|10|14|18|21|12|9|11|15|10|10|11|9|15|16|19|10|13|6|13|7|4|11|8|10|6|3|7|13|14|7|1|4|7|8|5|3|1|6|4|4|5|3|1|7|2|3|2|2|2|4|3|1|4|2|3|4|0|0|2|1|2|0|1|1|1|2|0|0|0|1|0|0|0|0|0|0|0|0|1|0|1</HistCounts>
      </HistItem>
    </Histograms>
    <Metadata>
      <MDI key="RepresentationType">ATHEMATIC</MDI>
      <MDI key="STATISTICS_COVARIANCES">7.920497991957018e-06</MDI>
      <MDI key="STATISTICS_EXCLUDEDVALUES"></MDI>
      <MDI key="STATISTICS_MAXIMUM">0.82598868728029</MDI>
      <MDI key="STATISTICS_MEAN">0.81784627683797</MDI>
      <MDI key="STATISTICS_MINIMUM">0.80541483767506</MDI>
      <MDI key="STATISTICS_SKIPFACTORX">1</MDI>
      <MDI key="STATISTICS_SKIPFACTORY">1</MDI>
      <MDI key="STATISTICS_STDDEV">0.0028143379313716</MDI>
    </Metadata>
  </PAMRasterBand>
</PAMDataset>
