<PAMDataset>
  <Metadata>
    <MDI key="DataType">Generic</MDI>
  </Metadata>
  <PAMRasterBand band="1">
    <Histograms>
      <HistItem>
        <HistMin>0.81843501329422</HistMin>
        <HistMax>0.8335763812065125</HistMax>
        <BucketCount>256</BucketCount>
        <IncludeOutOfRange>1</IncludeOutOfRange>
        <Approximate>0</Approximate>
        <HistCounts>2|0|0|0|0|0|0|0|0|0|0|0|1|0|1|1|0|0|0|1|0|0|0|0|4|3|0|4|2|2|1|4|1|0|0|4|0|3|0|1|3|4|1|3|7|6|2|4|2|6|1|3|4|5|0|3|5|2|8|5|3|7|7|3|5|2|5|6|8|8|10|5|9|8|6|9|10|6|5|12|6|5|4|8|9|7|14|17|15|9|4|8|22|12|5|8|13|12|8|15|16|19|19|14|11|8|9|7|8|11|12|12|9|10|14|10|14|14|9|3|9|19|9|10|6|8|10|13|10|5|12|12|16|10|15|15|13|16|14|11|17|14|12|13|16|17|11|7|15|15|8|13|15|12|14|11|12|10|10|14|12|15|18|7|11|14|13|21|9|24|12|10|21|15|7|13|6|7|10|10|7|11|9|17|11|11|6|2|5|4|8|2|6|4|3|2|7|3|3|3|1|6|3|4|5|1|4|3|2|1|1|2|1|2|3|0|0|3|2|0|1|1|1|1|0|0|0|0|0|0|0|0|2|2|0|0|1|0|0|0|0|1|3|0|0|0|0|1|0|0|0|0|0|0|0|1</HistCounts>
      </HistItem>
    </Histograms>
    <Metadata>
      <MDI key="RepresentationType">ATHEMATIC</MDI>
      <MDI key="STATISTICS_COVARIANCES">6.824737931915597e-06</MDI>
      <MDI key="STATISTICS_EXCLUDEDVALUES"></MDI>
      <MDI key="STATISTICS_MAXIMUM">0.83357638120651</MDI>
      <MDI key="STATISTICS_MEAN">0.82605376917869</MDI>
      <MDI key="STATISTICS_MINIMUM">0.81843501329422</MDI>
      <MDI key="STATISTICS_SKIPFACTORX">1</MDI>
      <MDI key="STATISTICS_SKIPFACTORY">1</MDI>
      <MDI key="STATISTICS_STDDEV">0.0026124199378958</MDI>
    </Metadata>
  </PAMRasterBand>
</PAMDataset>
