<PAMDataset>
  <Metadata>
    <MDI key="DataType">Generic</MDI>
  </Metadata>
  <PAMRasterBand band="1">
    <Histograms>
      <HistItem>
        <HistMin>0.8557061553001404</HistMin>
        <HistMax>0.8663984537124634</HistMax>
        <BucketCount>256</BucketCount>
        <IncludeOutOfRange>1</IncludeOutOfRange>
        <Approximate>0</Approximate>
        <HistCounts>1|0|0|0|0|0|1|0|0|1|1|0|1|0|0|0|0|0|1|0|0|1|0|1|0|1|1|0|1|4|0|1|0|0|1|0|2|4|1|1|2|1|6|4|0|2|1|1|4|3|3|3|3|4|4|1|5|1|3|6|7|2|4|1|3|5|4|5|4|8|8|5|4|10|6|7|5|3|5|3|3|5|4|1|10|9|8|9|4|3|7|2|8|8|4|7|4|5|9|7|8|3|5|12|9|7|12|3|9|5|6|8|6|6|5|8|4|13|10|1|4|8|9|15|14|15|16|9|9|9|9|10|11|12|12|20|15|16|11|17|8|16|20|7|14|12|16|11|18|14|15|13|10|13|16|18|10|15|12|18|18|25|16|12|13|10|21|18|15|7|15|15|17|25|19|8|16|14|14|17|13|10|15|9|14|14|15|8|10|9|16|11|15|7|12|10|5|6|13|5|5|3|2|9|14|5|5|3|3|6|1|10|3|1|4|3|1|2|3|0|4|3|1|2|0|0|0|1|0|1|2|3|0|1|0|0|1|1|0|1|0|1|3|1|0|0|0|1|1|0|0|0|0|1|0|1</HistCounts>
      </HistItem>
    </Histograms>
    <Metadata>
      <MDI key="RepresentationType">ATHEMATIC</MDI>
      <MDI key="STATISTICS_COVARIANCES">3.525040965832265e-06</MDI>
      <MDI key="STATISTICS_EXCLUDEDVALUES"></MDI>
      <MDI key="STATISTICS_MAXIMUM">0.86639845371246</MDI>
      <MDI key="STATISTICS_MEAN">0.86168966412544</MDI>
      <MDI key="STATISTICS_MINIMUM">0.85570615530014</MDI>
      <MDI key="STATISTICS_SKIPFACTORX">1</MDI>
      <MDI key="STATISTICS_SKIPFACTORY">1</MDI>
      <MDI key="STATISTICS_STDDEV">0.0018775092452055</MDI>
    </Metadata>
  </PAMRasterBand>
</PAMDataset>
