<PAMDataset>
  <Metadata>
    <MDI key="DataType">Generic</MDI>
  </Metadata>
  <PAMRasterBand band="1">
    <Histograms>
      <HistItem>
        <HistMin>0.8678498268127441</HistMin>
        <HistMax>0.8810380697250366</HistMax>
        <BucketCount>256</BucketCount>
        <IncludeOutOfRange>1</IncludeOutOfRange>
        <Approximate>0</Approximate>
        <HistCounts>1|0|0|0|0|0|1|0|0|0|0|1|0|0|0|0|1|0|1|0|0|1|2|0|2|5|0|3|0|2|4|1|3|2|5|3|8|2|2|6|4|2|8|1|8|3|7|4|4|8|7|7|5|10|7|10|4|8|7|8|7|9|14|9|14|11|11|9|3|8|9|7|6|11|7|11|7|8|7|14|9|6|8|10|15|4|13|8|10|14|11|7|10|16|16|12|3|10|14|8|10|6|21|26|15|11|12|21|24|18|13|16|17|16|12|18|11|16|16|19|8|9|10|11|15|17|23|14|13|16|16|14|17|16|12|15|18|14|17|10|9|11|15|13|8|9|10|6|7|10|8|7|16|16|2|6|4|10|3|6|8|7|16|8|6|7|11|15|4|2|6|7|8|7|6|5|7|5|2|2|7|10|7|4|5|2|1|9|3|2|4|1|6|5|3|2|2|2|3|3|3|1|1|0|1|4|2|1|1|1|2|2|0|1|0|0|3|0|1|2|2|0|0|0|3|0|1|0|1|0|0|0|0|0|0|0|2|0|1|0|0|0|0|0|0|0|0|0|0|0|0|0|0|0|0|1</HistCounts>
      </HistItem>
    </Histograms>
    <Metadata>
      <MDI key="RepresentationType">ATHEMATIC</MDI>
      <MDI key="STATISTICS_COVARIANCES">4.895051428761806e-06</MDI>
      <MDI key="STATISTICS_EXCLUDEDVALUES"></MDI>
      <MDI key="STATISTICS_MAXIMUM">0.88103806972504</MDI>
      <MDI key="STATISTICS_MEAN">0.87380194395781</MDI>
      <MDI key="STATISTICS_MINIMUM">0.86784982681274</MDI>
      <MDI key="STATISTICS_SKIPFACTORX">1</MDI>
      <MDI key="STATISTICS_SKIPFACTORY">1</MDI>
      <MDI key="STATISTICS_STDDEV">0.0022124763114578</MDI>
    </Metadata>
  </PAMRasterBand>
</PAMDataset>
