<PAMDataset>
  <Metadata>
    <MDI key="DataType">Generic</MDI>
  </Metadata>
  <PAMRasterBand band="1">
    <Histograms>
      <HistItem>
        <HistMin>0.8672516345977783</HistMin>
        <HistMax>0.8774855732917786</HistMax>
        <BucketCount>256</BucketCount>
        <IncludeOutOfRange>1</IncludeOutOfRange>
        <Approximate>0</Approximate>
        <HistCounts>1|0|0|0|0|0|0|0|0|0|2|1|0|0|0|0|0|1|1|2|0|1|0|2|1|1|0|1|1|2|2|5|0|2|6|3|5|2|5|4|3|6|6|6|6|12|9|8|7|6|4|8|6|7|12|6|10|11|4|8|12|11|16|12|13|9|15|16|11|15|9|12|16|24|14|18|17|9|15|26|18|23|20|18|14|27|20|15|14|17|19|30|22|20|11|20|16|20|27|18|27|12|23|20|24|21|18|14|20|21|27|21|18|7|18|24|19|8|18|18|9|18|14|12|12|18|6|15|9|13|9|4|4|3|11|9|11|3|8|2|7|6|9|8|3|4|7|11|3|5|4|7|2|3|7|8|1|4|1|2|5|4|1|3|2|1|3|3|1|3|3|2|2|3|0|0|1|2|0|0|0|0|0|1|1|5|1|0|0|0|1|1|0|0|1|0|0|0|0|2|0|0|0|0|0|0|1|0|0|0|0|0|0|0|0|0|0|0|0|0|0|0|0|0|0|0|0|0|0|0|0|0|0|0|0|0|0|0|0|0|0|0|0|0|0|0|1|0|0|0|0|0|0|0|0|1</HistCounts>
      </HistItem>
    </Histograms>
    <Metadata>
      <MDI key="RepresentationType">ATHEMATIC</MDI>
      <MDI key="STATISTICS_COVARIANCES">1.698854518374483e-06</MDI>
      <MDI key="STATISTICS_EXCLUDEDVALUES"></MDI>
      <MDI key="STATISTICS_MAXIMUM">0.87748557329178</MDI>
      <MDI key="STATISTICS_MEAN">0.87114032484591</MDI>
      <MDI key="STATISTICS_MINIMUM">0.86725163459778</MDI>
      <MDI key="STATISTICS_SKIPFACTORX">1</MDI>
      <MDI key="STATISTICS_SKIPFACTORY">1</MDI>
      <MDI key="STATISTICS_STDDEV">0.0013034011348677</MDI>
    </Metadata>
  </PAMRasterBand>
</PAMDataset>
