<PAMDataset>
  <Metadata>
    <MDI key="DataType">Generic</MDI>
  </Metadata>
  <PAMRasterBand band="1">
    <Histograms>
      <HistItem>
        <HistMin>0.8465105891227722</HistMin>
        <HistMax>0.8881130218505859</HistMax>
        <BucketCount>256</BucketCount>
        <IncludeOutOfRange>1</IncludeOutOfRange>
        <Approximate>0</Approximate>
        <HistCounts>1|0|0|0|0|0|0|0|0|0|1|0|0|0|0|0|0|0|0|0|0|0|0|0|0|0|0|0|1|0|0|1|0|0|2|0|2|0|1|0|2|1|0|1|0|0|1|2|1|2|0|5|1|2|3|1|1|2|3|1|2|2|4|5|2|0|2|5|1|5|2|2|5|6|3|2|6|3|4|2|6|2|4|7|2|4|7|3|3|8|5|2|8|5|1|3|8|2|3|2|5|1|3|3|7|4|4|2|5|5|9|0|1|2|3|4|4|6|3|3|4|4|2|4|3|2|1|4|3|3|2|4|3|5|2|2|4|6|6|5|4|2|2|1|7|1|0|4|3|5|2|6|6|3|7|9|5|7|9|11|18|13|12|9|11|12|18|19|9|30|13|20|23|14|24|20|14|15|21|20|23|17|38|24|23|32|30|30|34|33|26|25|37|28|26|26|30|20|17|30|21|26|34|24|18|14|16|14|18|9|4|11|16|9|8|3|8|3|1|5|4|2|2|3|2|3|1|2|1|1|1|1|0|0|1|1|0|0|3|0|0|0|0|0|0|0|0|0|2|0|0|0|0|0|0|1</HistCounts>
      </HistItem>
    </Histograms>
    <Metadata>
      <MDI key="RepresentationType">ATHEMATIC</MDI>
      <MDI key="STATISTICS_COVARIANCES">4.800507312210844e-05</MDI>
      <MDI key="STATISTICS_EXCLUDEDVALUES"></MDI>
      <MDI key="STATISTICS_MAXIMUM">0.88811302185059</MDI>
      <MDI key="STATISTICS_MEAN">0.87384596370161</MDI>
      <MDI key="STATISTICS_MINIMUM">0.84651058912277</MDI>
      <MDI key="STATISTICS_SKIPFACTORX">1</MDI>
      <MDI key="STATISTICS_SKIPFACTORY">1</MDI>
      <MDI key="STATISTICS_STDDEV">0.0069285693416541</MDI>
    </Metadata>
  </PAMRasterBand>
</PAMDataset>
