<PAMDataset>
  <Metadata>
    <MDI key="DataType">Generic</MDI>
  </Metadata>
  <PAMRasterBand band="1">
    <Histograms>
      <HistItem>
        <HistMin>0.8610325455665588</HistMin>
        <HistMax>0.8890392184257507</HistMax>
        <BucketCount>256</BucketCount>
        <IncludeOutOfRange>1</IncludeOutOfRange>
        <Approximate>0</Approximate>
        <HistCounts>1|0|0|0|0|0|0|0|0|0|0|0|0|0|0|1|0|0|0|0|0|0|0|0|1|0|0|0|0|0|0|0|0|0|0|1|0|0|0|0|0|0|0|0|1|0|0|0|0|0|3|1|1|0|0|1|1|0|0|1|0|1|0|0|1|1|1|2|0|0|3|1|1|0|1|0|0|0|1|0|0|2|1|1|2|0|1|3|2|1|0|0|2|2|2|1|0|0|4|1|2|0|0|6|2|3|0|0|7|3|1|0|0|1|0|3|0|1|2|1|2|1|1|0|2|3|3|2|1|3|2|5|2|4|4|4|4|7|3|3|9|9|4|8|11|8|10|12|8|6|7|15|11|23|16|22|16|18|17|19|23|22|19|19|19|23|32|18|23|20|27|29|27|20|26|19|23|22|21|28|20|23|20|20|23|9|16|17|21|25|15|24|22|36|24|20|21|17|18|26|24|15|18|20|15|13|13|15|22|12|11|7|12|13|10|7|10|9|13|7|2|6|4|6|3|4|5|1|4|3|6|3|0|5|2|5|0|1|3|1|1|0|0|0|0|2|1|0|0|0|0|0|0|0|0|1</HistCounts>
      </HistItem>
    </Histograms>
    <Metadata>
      <MDI key="RepresentationType">ATHEMATIC</MDI>
      <MDI key="STATISTICS_COVARIANCES">1.205025690918151e-05</MDI>
      <MDI key="STATISTICS_EXCLUDEDVALUES"></MDI>
      <MDI key="STATISTICS_MAXIMUM">0.88903921842575</MDI>
      <MDI key="STATISTICS_MEAN">0.88034739688039</MDI>
      <MDI key="STATISTICS_MINIMUM">0.86103254556656</MDI>
      <MDI key="STATISTICS_SKIPFACTORX">1</MDI>
      <MDI key="STATISTICS_SKIPFACTORY">1</MDI>
      <MDI key="STATISTICS_STDDEV">0.0034713479959781</MDI>
    </Metadata>
  </PAMRasterBand>
</PAMDataset>
