<PAMDataset>
  <PAMRasterBand band="1">
    <Histograms>
      <HistItem>
        <HistMin>0.8167144470809492</HistMin>
        <HistMax>0.8912126118323596</HistMax>
        <BucketCount>256</BucketCount>
        <IncludeOutOfRange>1</IncludeOutOfRange>
        <Approximate>0</Approximate>
        <HistCounts>1|0|0|0|0|1|0|0|0|1|0|0|1|0|1|0|0|0|0|0|0|0|1|1|1|0|1|2|0|2|0|2|0|4|0|2|0|0|2|0|2|1|1|1|0|2|1|2|0|2|0|4|2|1|1|2|0|0|3|2|2|2|2|2|4|4|2|3|0|1|4|1|0|2|2|2|2|1|1|2|1|3|1|1|4|2|2|4|3|3|1|3|1|2|4|1|0|6|7|3|2|5|1|2|3|1|4|3|5|4|5|7|2|6|6|8|5|4|6|6|5|3|10|7|9|8|9|9|7|8|4|7|4|11|14|14|6|7|10|6|16|8|13|22|12|18|8|17|12|15|21|11|22|10|15|20|14|22|18|14|23|18|17|33|18|17|18|22|27|25|21|22|21|19|25|23|13|26|31|15|20|23|17|19|23|19|22|27|7|24|20|15|22|8|8|12|7|9|6|8|11|6|5|5|10|3|3|5|2|8|3|5|4|2|6|3|4|1|2|7|3|4|3|2|6|1|5|0|2|5|2|4|0|0|3|3|3|1|1|2|1|2|0|1|2|0|1|1|0|0|2|1|1|0|0|1</HistCounts>
      </HistItem>
    </Histograms>
    <Metadata>
      <MDI key="RepresentationType">ATHEMATIC</MDI>
      <MDI key="STATISTICS_COVARIANCES">0.0001371613482121701</MDI>
      <MDI key="STATISTICS_EXCLUDEDVALUES"></MDI>
      <MDI key="STATISTICS_MAXIMUM">0.89121261183236</MDI>
      <MDI key="STATISTICS_MEAN">0.86302282060559</MDI>
      <MDI key="STATISTICS_MINIMUM">0.81671444708095</MDI>
      <MDI key="STATISTICS_SKIPFACTORX">1</MDI>
      <MDI key="STATISTICS_SKIPFACTORY">1</MDI>
      <MDI key="STATISTICS_STDDEV">0.011711590336593</MDI>
    </Metadata>
  </PAMRasterBand>
</PAMDataset>
