<PAMDataset>
  <Metadata>
    <MDI key="DataType">Generic</MDI>
  </Metadata>
  <PAMRasterBand band="1">
    <Histograms>
      <HistItem>
        <HistMin>0.8578962087631226</HistMin>
        <HistMax>0.865782618522644</HistMax>
        <BucketCount>256</BucketCount>
        <IncludeOutOfRange>1</IncludeOutOfRange>
        <Approximate>0</Approximate>
        <HistCounts>1|0|0|0|0|0|0|0|1|0|0|0|0|0|0|0|2|1|0|0|0|1|1|0|0|1|0|0|0|0|2|0|1|0|0|0|0|1|1|1|0|0|1|0|1|1|1|2|1|0|2|1|2|0|3|2|0|2|1|1|1|0|3|3|4|2|2|1|3|8|8|7|0|3|4|5|6|0|6|6|3|4|4|4|7|12|3|10|5|5|14|9|13|7|11|4|10|6|9|11|10|14|10|9|7|13|16|15|13|11|22|15|15|11|15|13|16|12|21|12|12|12|14|10|16|16|16|15|17|15|17|11|25|24|22|26|10|21|11|11|26|12|12|17|19|16|12|17|16|18|16|14|19|20|13|12|18|18|7|23|4|4|16|15|14|9|15|8|11|6|9|10|20|12|10|14|7|13|3|8|10|10|11|7|5|6|7|1|9|9|8|10|2|8|5|6|7|4|7|4|8|4|2|5|3|3|1|4|4|2|3|4|0|2|1|2|3|1|0|1|1|1|1|3|2|2|4|2|0|0|0|0|3|0|2|2|1|1|0|0|1|0|0|1|0|1|0|0|0|0|0|0|0|0|0|1</HistCounts>
      </HistItem>
    </Histograms>
    <Metadata>
      <MDI key="RepresentationType">ATHEMATIC</MDI>
      <MDI key="STATISTICS_COVARIANCES">1.420405647673996e-06</MDI>
      <MDI key="STATISTICS_EXCLUDEDVALUES"></MDI>
      <MDI key="STATISTICS_MAXIMUM">0.86578261852264</MDI>
      <MDI key="STATISTICS_MEAN">0.8621398242563</MDI>
      <MDI key="STATISTICS_MINIMUM">0.85789620876312</MDI>
      <MDI key="STATISTICS_SKIPFACTORX">1</MDI>
      <MDI key="STATISTICS_SKIPFACTORY">1</MDI>
      <MDI key="STATISTICS_STDDEV">0.0011918077226105</MDI>
    </Metadata>
  </PAMRasterBand>
</PAMDataset>
