<PAMDataset>
  <Metadata>
    <MDI key="DataType">Generic</MDI>
  </Metadata>
  <PAMRasterBand band="1">
    <Histograms>
      <HistItem>
        <HistMin>0.85854572057724</HistMin>
        <HistMax>0.8709152340888977</HistMax>
        <BucketCount>256</BucketCount>
        <IncludeOutOfRange>1</IncludeOutOfRange>
        <Approximate>0</Approximate>
        <HistCounts>1|0|0|0|0|0|0|0|0|0|1|0|0|0|0|0|0|0|0|0|0|0|0|0|0|0|0|0|2|0|1|0|0|0|0|1|5|0|0|0|2|1|3|1|2|0|1|4|3|6|4|3|3|3|4|1|5|6|2|6|4|5|6|4|4|5|8|2|2|11|11|11|11|6|3|8|8|7|8|13|15|8|17|15|7|17|18|10|12|10|11|20|16|18|5|15|17|10|11|6|10|17|26|18|17|15|10|24|16|6|12|17|15|24|15|23|8|10|21|10|20|15|24|20|9|12|17|6|27|15|14|11|12|12|18|12|12|17|19|27|14|9|13|15|14|7|5|7|14|20|8|10|9|12|9|14|8|6|9|12|11|8|6|9|10|16|5|8|10|9|11|10|5|9|7|6|9|6|3|7|9|6|3|2|1|3|0|2|3|1|6|6|4|4|4|4|4|1|1|1|3|3|2|2|1|1|1|2|1|1|3|3|5|1|4|4|0|1|1|0|1|4|3|2|0|0|0|1|0|0|1|0|0|1|0|0|0|0|0|0|0|0|1|0|1|1|0|0|0|0|0|0|0|0|0|1</HistCounts>
      </HistItem>
    </Histograms>
    <Metadata>
      <MDI key="RepresentationType">ATHEMATIC</MDI>
      <MDI key="STATISTICS_COVARIANCES">3.602720774230662e-06</MDI>
      <MDI key="STATISTICS_EXCLUDEDVALUES"></MDI>
      <MDI key="STATISTICS_MAXIMUM">0.8709152340889</MDI>
      <MDI key="STATISTICS_MEAN">0.86450879495591</MDI>
      <MDI key="STATISTICS_MINIMUM">0.85854572057724</MDI>
      <MDI key="STATISTICS_SKIPFACTORX">1</MDI>
      <MDI key="STATISTICS_SKIPFACTORY">1</MDI>
      <MDI key="STATISTICS_STDDEV">0.0018980834476468</MDI>
    </Metadata>
  </PAMRasterBand>
</PAMDataset>
