<PAMDataset>
  <Metadata>
    <MDI key="DataType">Generic</MDI>
  </Metadata>
  <PAMRasterBand band="1">
    <Histograms>
      <HistItem>
        <HistMin>0.8328417539596558</HistMin>
        <HistMax>0.8441450595855713</HistMax>
        <BucketCount>256</BucketCount>
        <IncludeOutOfRange>1</IncludeOutOfRange>
        <Approximate>0</Approximate>
        <HistCounts>1|0|0|0|0|0|0|0|0|0|0|0|0|0|0|0|0|0|0|0|0|0|0|1|0|0|0|0|0|0|0|0|0|0|0|0|0|0|0|0|0|1|1|0|1|0|0|0|0|0|1|1|0|0|1|0|0|1|0|2|1|1|0|0|2|0|0|4|0|1|0|3|0|3|0|2|3|3|4|2|3|2|4|2|6|3|4|5|5|6|4|3|3|8|5|8|6|10|8|5|7|5|13|9|9|0|2|8|9|8|12|14|13|6|12|14|12|18|10|11|14|15|4|13|16|14|18|20|12|15|26|14|20|17|23|17|11|16|28|15|16|20|15|15|11|19|25|26|13|21|16|23|15|18|20|21|15|12|18|17|25|23|12|14|16|13|14|20|13|15|13|13|17|10|16|15|17|8|11|11|11|10|16|13|9|13|7|11|10|14|17|11|5|8|5|2|7|6|8|8|5|11|6|6|4|2|8|3|3|1|3|2|2|3|0|4|5|3|4|1|3|3|1|5|0|0|1|0|2|0|1|2|1|0|0|1|0|0|0|0|0|0|0|0|0|0|0|0|0|0|0|0|0|0|0|1</HistCounts>
      </HistItem>
    </Histograms>
    <Metadata>
      <MDI key="RepresentationType">ATHEMATIC</MDI>
      <MDI key="STATISTICS_COVARIANCES">2.291545119917155e-06</MDI>
      <MDI key="STATISTICS_EXCLUDEDVALUES"></MDI>
      <MDI key="STATISTICS_MAXIMUM">0.84414505958557</MDI>
      <MDI key="STATISTICS_MEAN">0.83938311845064</MDI>
      <MDI key="STATISTICS_MINIMUM">0.83284175395966</MDI>
      <MDI key="STATISTICS_SKIPFACTORX">1</MDI>
      <MDI key="STATISTICS_SKIPFACTORY">1</MDI>
      <MDI key="STATISTICS_STDDEV">0.0015137850309463</MDI>
    </Metadata>
  </PAMRasterBand>
</PAMDataset>
