<PAMDataset>
  <Metadata>
    <MDI key="DataType">Generic</MDI>
  </Metadata>
  <PAMRasterBand band="1">
    <Histograms>
      <HistItem>
        <HistMin>0.8639646172523499</HistMin>
        <HistMax>0.8783106803894043</HistMax>
        <BucketCount>256</BucketCount>
        <IncludeOutOfRange>1</IncludeOutOfRange>
        <Approximate>0</Approximate>
        <HistCounts>1|0|0|0|0|1|0|0|0|1|1|1|1|1|0|2|0|1|1|3|0|0|0|2|1|0|2|1|3|1|0|2|1|1|2|3|4|3|2|2|1|0|1|2|4|5|3|5|3|1|0|0|2|1|4|3|2|2|0|4|5|6|5|2|10|2|4|5|1|2|4|4|4|5|5|1|2|5|2|3|3|0|3|4|3|8|6|3|5|2|5|11|5|8|5|9|4|5|7|8|6|9|10|15|11|11|7|9|11|14|17|17|15|7|16|7|16|10|8|13|29|16|15|9|22|15|21|13|17|22|18|14|9|18|15|10|12|9|18|10|16|3|19|21|14|9|15|15|23|11|12|17|19|5|9|14|14|18|14|9|14|17|15|18|10|11|15|5|8|5|15|15|8|8|11|8|8|8|9|14|8|10|8|7|7|5|5|10|12|3|7|10|4|7|6|5|8|8|12|4|6|5|11|4|4|7|8|7|10|2|3|1|2|1|2|5|4|4|1|4|4|1|4|3|3|7|0|2|2|3|3|0|0|3|7|0|1|2|2|2|1|1|1|0|0|0|0|1|1|0|0|0|0|0|0|1</HistCounts>
      </HistItem>
    </Histograms>
    <Metadata>
      <MDI key="RepresentationType">ATHEMATIC</MDI>
      <MDI key="STATISTICS_COVARIANCES">6.510268932720471e-06</MDI>
      <MDI key="STATISTICS_EXCLUDEDVALUES"></MDI>
      <MDI key="STATISTICS_MAXIMUM">0.8783106803894</MDI>
      <MDI key="STATISTICS_MEAN">0.87177440486848</MDI>
      <MDI key="STATISTICS_MINIMUM">0.86396461725235</MDI>
      <MDI key="STATISTICS_SKIPFACTORX">1</MDI>
      <MDI key="STATISTICS_SKIPFACTORY">1</MDI>
      <MDI key="STATISTICS_STDDEV">0.002551522865412</MDI>
    </Metadata>
  </PAMRasterBand>
</PAMDataset>
