<PAMDataset>
  <Metadata>
    <MDI key="DataType">Generic</MDI>
  </Metadata>
  <PAMRasterBand band="1">
    <Histograms>
      <HistItem>
        <HistMin>0.8499563932418823</HistMin>
        <HistMax>0.8595688939094543</HistMax>
        <BucketCount>256</BucketCount>
        <IncludeOutOfRange>1</IncludeOutOfRange>
        <Approximate>0</Approximate>
        <HistCounts>1|0|0|0|0|0|0|0|0|0|0|1|1|0|0|0|0|0|2|0|0|1|1|3|2|2|3|2|1|3|1|2|0|2|1|1|1|1|2|3|7|5|0|1|2|6|6|3|8|4|9|3|3|7|4|4|5|2|6|3|13|5|6|7|4|13|13|12|11|4|14|2|9|18|2|5|4|6|6|12|20|12|10|14|5|11|7|18|26|9|22|6|19|22|9|24|6|14|19|11|29|18|13|14|8|18|7|16|16|12|15|8|14|18|15|16|14|19|19|9|23|10|21|15|9|18|8|17|16|5|18|8|21|12|18|12|12|16|8|17|17|9|20|10|10|7|10|14|4|9|10|10|11|10|10|4|6|5|5|9|6|4|9|6|4|7|5|10|9|10|4|3|5|10|13|7|1|5|2|6|6|6|7|4|3|3|3|4|2|6|2|4|3|5|4|3|5|3|2|2|4|4|3|0|0|4|3|2|2|2|1|3|2|1|4|1|1|0|0|2|1|0|0|1|0|1|0|1|1|2|0|0|0|1|0|0|0|0|0|0|0|1|0|0|0|1|0|0|0|0|0|0|0|0|0|1</HistCounts>
      </HistItem>
    </Histograms>
    <Metadata>
      <MDI key="RepresentationType">ATHEMATIC</MDI>
      <MDI key="STATISTICS_COVARIANCES">2.477563602049923e-06</MDI>
      <MDI key="STATISTICS_EXCLUDEDVALUES"></MDI>
      <MDI key="STATISTICS_MAXIMUM">0.85956889390945</MDI>
      <MDI key="STATISTICS_MEAN">0.8543617804721</MDI>
      <MDI key="STATISTICS_MINIMUM">0.84995639324188</MDI>
      <MDI key="STATISTICS_SKIPFACTORX">1</MDI>
      <MDI key="STATISTICS_SKIPFACTORY">1</MDI>
      <MDI key="STATISTICS_STDDEV">0.0015740278275971</MDI>
    </Metadata>
  </PAMRasterBand>
</PAMDataset>
