<PAMDataset>
  <Metadata>
    <MDI key="DataType">Generic</MDI>
  </Metadata>
  <PAMRasterBand band="1">
    <Histograms>
      <HistItem>
        <HistMin>0.8432236313819885</HistMin>
        <HistMax>0.8555797934532166</HistMax>
        <BucketCount>256</BucketCount>
        <IncludeOutOfRange>1</IncludeOutOfRange>
        <Approximate>0</Approximate>
        <HistCounts>1|0|0|0|0|0|0|0|0|0|0|0|0|0|0|0|0|0|0|0|0|0|0|0|0|0|0|0|0|2|0|0|1|0|0|1|0|0|0|0|0|0|0|1|1|0|1|1|1|0|1|1|1|1|4|2|3|1|3|1|2|2|3|3|3|1|3|4|4|5|6|6|2|2|1|4|3|6|6|1|5|4|10|5|9|3|5|14|4|6|7|12|12|18|12|5|12|9|11|8|5|9|15|9|18|17|15|10|12|12|16|14|18|12|16|21|21|17|18|14|20|10|17|13|20|23|33|17|16|15|21|10|24|12|20|25|22|19|35|21|19|17|20|11|18|10|16|17|30|16|18|11|8|13|17|11|11|9|10|17|23|10|8|7|8|14|11|9|8|10|16|14|11|2|6|3|10|9|3|9|7|12|6|3|6|4|6|5|7|6|3|5|2|7|8|1|2|1|3|4|1|2|1|4|3|3|1|0|2|2|0|2|1|5|5|8|0|3|0|1|1|1|0|0|2|0|2|0|1|0|2|2|0|0|0|0|1|0|1|1|1|1|1|0|0|0|0|0|1|1|0|0|0|0|0|1</HistCounts>
      </HistItem>
    </Histograms>
    <Metadata>
      <MDI key="RepresentationType">ATHEMATIC</MDI>
      <MDI key="STATISTICS_COVARIANCES">3.007638550381192e-06</MDI>
      <MDI key="STATISTICS_EXCLUDEDVALUES"></MDI>
      <MDI key="STATISTICS_MAXIMUM">0.85557979345322</MDI>
      <MDI key="STATISTICS_MEAN">0.84971589986235</MDI>
      <MDI key="STATISTICS_MINIMUM">0.84322363138199</MDI>
      <MDI key="STATISTICS_SKIPFACTORX">1</MDI>
      <MDI key="STATISTICS_SKIPFACTORY">1</MDI>
      <MDI key="STATISTICS_STDDEV">0.0017342544652908</MDI>
    </Metadata>
  </PAMRasterBand>
</PAMDataset>
