<PAMDataset>
  <Metadata>
    <MDI key="DataType">Generic</MDI>
  </Metadata>
  <PAMRasterBand band="1">
    <Histograms>
      <HistItem>
        <HistMin>0.8533589243888855</HistMin>
        <HistMax>0.8631094694137573</HistMax>
        <BucketCount>256</BucketCount>
        <IncludeOutOfRange>1</IncludeOutOfRange>
        <Approximate>0</Approximate>
        <HistCounts>1|0|0|0|0|1|0|0|0|0|0|0|2|0|0|0|0|2|2|0|0|0|2|1|0|4|1|1|0|3|2|3|4|2|1|3|2|5|3|3|3|4|3|3|5|5|4|7|5|7|9|2|8|8|8|11|8|11|10|6|16|9|13|14|4|14|13|11|22|7|14|13|10|20|8|26|9|11|23|16|15|24|16|29|9|16|15|13|22|13|28|16|12|30|18|36|20|13|18|18|23|16|17|17|14|13|15|22|37|17|17|7|11|8|13|27|10|14|10|9|11|16|15|17|11|13|4|12|14|11|6|10|8|7|10|10|5|4|7|3|9|5|14|4|3|3|3|9|17|5|4|3|6|4|12|8|2|7|3|5|3|6|6|3|2|2|1|3|6|1|4|1|1|5|2|5|2|2|1|0|2|4|4|1|2|1|3|3|8|0|1|3|2|1|3|1|1|2|0|0|4|5|4|1|4|1|0|0|0|0|1|2|0|0|1|0|0|0|0|0|0|1|0|0|1|1|1|1|2|0|1|0|0|1|0|0|0|0|0|0|0|0|0|0|0|0|0|0|1|0|0|0|0|0|2|1</HistCounts>
      </HistItem>
    </Histograms>
    <Metadata>
      <MDI key="RepresentationType">ATHEMATIC</MDI>
      <MDI key="STATISTICS_COVARIANCES">2.202480732769769e-06</MDI>
      <MDI key="STATISTICS_EXCLUDEDVALUES"></MDI>
      <MDI key="STATISTICS_MAXIMUM">0.86310946941376</MDI>
      <MDI key="STATISTICS_MEAN">0.85730336304754</MDI>
      <MDI key="STATISTICS_MINIMUM">0.85335892438889</MDI>
      <MDI key="STATISTICS_SKIPFACTORX">1</MDI>
      <MDI key="STATISTICS_SKIPFACTORY">1</MDI>
      <MDI key="STATISTICS_STDDEV">0.0014840757166566</MDI>
    </Metadata>
  </PAMRasterBand>
</PAMDataset>
