<PAMDataset>
  <PAMRasterBand band="1">
    <Histograms>
      <HistItem>
        <HistMin>0.8460719658552603</HistMin>
        <HistMax>0.8605294810067728</HistMax>
        <BucketCount>256</BucketCount>
        <IncludeOutOfRange>1</IncludeOutOfRange>
        <Approximate>0</Approximate>
        <HistCounts>1|0|1|0|0|1|0|1|2|1|2|1|0|1|1|0|1|1|0|2|3|2|2|0|2|2|0|1|2|2|2|2|1|3|2|6|4|1|2|2|4|5|7|2|6|7|10|9|5|7|7|3|8|6|6|7|6|5|6|8|6|10|13|13|7|5|9|13|16|14|8|7|8|10|11|12|11|9|18|18|8|14|8|8|16|8|9|12|11|12|18|12|9|8|16|19|27|11|7|12|4|18|19|12|18|17|11|17|9|14|11|14|15|12|10|8|17|11|16|11|10|16|15|7|12|12|19|9|17|14|18|12|17|10|10|10|13|14|17|7|6|8|12|9|13|12|15|5|12|14|7|8|12|18|14|12|7|4|5|10|10|8|6|7|7|8|10|4|3|8|8|3|5|6|2|5|4|1|6|4|7|9|6|1|6|4|5|3|1|4|3|3|2|0|2|4|2|1|1|3|1|5|1|1|1|0|0|1|1|2|4|2|3|1|0|1|1|2|0|1|0|0|3|3|0|0|1|0|0|0|1|0|3|0|2|0|0|0|0|0|0|1|1|0|2|1|0|0|0|1|0|0|0|0|0|1</HistCounts>
      </HistItem>
    </Histograms>
    <Metadata>
      <MDI key="RepresentationType">ATHEMATIC</MDI>
      <MDI key="STATISTICS_COVARIANCES">6.27121048602396e-06</MDI>
      <MDI key="STATISTICS_EXCLUDEDVALUES"></MDI>
      <MDI key="STATISTICS_MAXIMUM">0.86052948100677</MDI>
      <MDI key="STATISTICS_MEAN">0.85247989257865</MDI>
      <MDI key="STATISTICS_MINIMUM">0.84607196585526</MDI>
      <MDI key="STATISTICS_SKIPFACTORX">1</MDI>
      <MDI key="STATISTICS_SKIPFACTORY">1</MDI>
      <MDI key="STATISTICS_STDDEV">0.0025042385042212</MDI>
    </Metadata>
  </PAMRasterBand>
</PAMDataset>
