<PAMDataset>
  <PAMRasterBand band="1">
    <Histograms>
      <HistItem>
        <HistMin>0.8149631734227365</HistMin>
        <HistMax>0.8262727975310786</HistMax>
        <BucketCount>256</BucketCount>
        <IncludeOutOfRange>1</IncludeOutOfRange>
        <Approximate>0</Approximate>
        <HistCounts>1|0|0|0|0|0|0|0|1|0|0|0|1|0|0|3|0|2|0|0|1|0|0|2|2|1|0|0|1|0|0|0|2|0|1|1|1|1|3|0|3|2|4|0|3|1|2|0|4|6|6|4|4|2|5|6|8|9|5|4|2|2|5|4|3|1|4|14|9|9|12|8|10|2|3|10|5|9|5|6|15|7|5|10|10|8|9|19|15|13|18|8|10|14|6|7|14|13|16|11|15|17|11|12|14|16|16|20|20|21|18|25|17|13|14|15|13|24|16|16|9|11|8|19|14|15|14|16|30|24|19|16|19|9|16|13|12|14|18|11|15|7|13|15|12|11|13|25|14|14|17|9|7|15|7|5|16|5|10|10|13|10|5|8|6|6|11|9|9|7|3|18|4|5|4|6|5|10|7|13|1|3|9|6|2|1|7|0|5|9|6|6|8|1|5|1|2|5|2|2|0|3|1|2|0|0|2|0|2|1|1|1|1|0|0|1|0|1|0|1|0|1|1|2|1|0|0|0|0|2|1|0|0|0|0|0|0|0|0|0|0|0|0|1|0|0|0|0|0|0|0|0|0|0|0|1</HistCounts>
      </HistItem>
    </Histograms>
    <Metadata>
      <MDI key="RepresentationType">ATHEMATIC</MDI>
      <MDI key="STATISTICS_COVARIANCES">2.980756809928787e-06</MDI>
      <MDI key="STATISTICS_EXCLUDEDVALUES"></MDI>
      <MDI key="STATISTICS_MAXIMUM">0.82627279753108</MDI>
      <MDI key="STATISTICS_MEAN">0.82035997772713</MDI>
      <MDI key="STATISTICS_MINIMUM">0.81496317342274</MDI>
      <MDI key="STATISTICS_SKIPFACTORX">1</MDI>
      <MDI key="STATISTICS_SKIPFACTORY">1</MDI>
      <MDI key="STATISTICS_STDDEV">0.0017264868403578</MDI>
    </Metadata>
  </PAMRasterBand>
</PAMDataset>
