<PAMDataset>
  <Metadata>
    <MDI key="DataType">Generic</MDI>
  </Metadata>
  <PAMRasterBand band="1">
    <Histograms>
      <HistItem>
        <HistMin>0.8536428809165955</HistMin>
        <HistMax>0.8668776750564575</HistMax>
        <BucketCount>256</BucketCount>
        <IncludeOutOfRange>1</IncludeOutOfRange>
        <Approximate>0</Approximate>
        <HistCounts>1|0|0|0|0|1|0|0|0|0|0|0|0|0|0|1|0|0|0|0|1|0|0|2|1|0|0|2|1|2|0|0|2|0|2|3|0|4|1|2|1|1|2|2|1|8|0|3|2|3|6|3|4|8|6|6|6|7|6|3|7|8|6|6|3|13|5|9|5|5|3|13|15|8|11|1|5|9|6|12|7|6|12|12|5|10|1|9|9|14|5|9|7|16|18|6|7|9|16|9|12|11|12|13|20|19|8|9|5|14|17|9|13|11|21|16|15|16|12|18|11|6|12|17|13|13|15|18|15|12|13|15|17|14|13|13|22|19|13|13|14|17|27|18|9|8|16|18|14|14|8|10|21|14|13|12|14|15|11|11|6|9|10|12|12|6|9|7|15|8|8|7|6|3|11|7|6|1|7|9|6|4|3|7|8|4|7|4|5|2|2|3|2|4|5|6|8|0|2|2|5|6|1|1|3|2|4|2|4|1|4|1|3|2|1|1|3|4|1|1|1|3|4|2|1|0|1|0|5|1|0|1|2|2|0|0|0|0|1|1|0|0|0|0|0|0|0|0|0|1|0|0|0|0|0|1</HistCounts>
      </HistItem>
    </Histograms>
    <Metadata>
      <MDI key="RepresentationType">ATHEMATIC</MDI>
      <MDI key="STATISTICS_COVARIANCES">4.889068100179717e-06</MDI>
      <MDI key="STATISTICS_EXCLUDEDVALUES"></MDI>
      <MDI key="STATISTICS_MAXIMUM">0.86687767505646</MDI>
      <MDI key="STATISTICS_MEAN">0.86016871474683</MDI>
      <MDI key="STATISTICS_MINIMUM">0.8536428809166</MDI>
      <MDI key="STATISTICS_SKIPFACTORX">1</MDI>
      <MDI key="STATISTICS_SKIPFACTORY">1</MDI>
      <MDI key="STATISTICS_STDDEV">0.0022111237188768</MDI>
    </Metadata>
  </PAMRasterBand>
</PAMDataset>
