<PAMDataset>
  <Metadata>
    <MDI key="DataType">Generic</MDI>
  </Metadata>
  <PAMRasterBand band="1">
    <Histograms>
      <HistItem>
        <HistMin>0.8111259341239929</HistMin>
        <HistMax>0.8287151455879211</HistMax>
        <BucketCount>256</BucketCount>
        <IncludeOutOfRange>1</IncludeOutOfRange>
        <Approximate>0</Approximate>
        <HistCounts>1|1|0|1|0|0|0|0|0|0|1|0|0|0|0|3|1|1|0|1|0|1|1|1|1|1|3|0|1|1|3|1|4|1|1|7|2|4|1|3|5|5|3|3|9|3|3|5|4|6|4|4|4|1|6|5|7|4|3|5|5|2|7|3|3|5|9|5|2|4|4|6|5|3|5|6|6|8|4|5|7|2|4|5|10|5|7|9|12|7|8|4|4|5|4|9|4|7|2|10|5|14|5|7|7|6|8|4|5|9|17|5|12|7|9|12|15|4|10|8|5|10|12|4|10|13|9|12|10|12|8|7|14|13|6|13|6|15|17|21|16|7|10|11|20|11|8|15|16|19|13|26|10|6|14|12|18|9|5|12|12|21|16|16|12|12|15|17|16|9|13|20|14|12|14|11|11|15|17|12|13|9|8|11|8|6|8|12|15|12|8|14|5|6|11|9|14|5|2|8|12|6|8|4|7|9|6|7|3|2|3|2|6|4|4|0|3|5|2|6|1|2|4|2|0|1|0|1|2|3|3|1|1|0|1|1|0|0|1|0|3|0|0|0|2|0|0|0|0|0|0|0|0|0|0|1</HistCounts>
      </HistItem>
    </Histograms>
    <Metadata>
      <MDI key="RepresentationType">ATHEMATIC</MDI>
      <MDI key="STATISTICS_COVARIANCES">1.111416414743701e-05</MDI>
      <MDI key="STATISTICS_EXCLUDEDVALUES"></MDI>
      <MDI key="STATISTICS_MAXIMUM">0.82871514558792</MDI>
      <MDI key="STATISTICS_MEAN">0.82062768317759</MDI>
      <MDI key="STATISTICS_MINIMUM">0.81112593412399</MDI>
      <MDI key="STATISTICS_SKIPFACTORX">1</MDI>
      <MDI key="STATISTICS_SKIPFACTORY">1</MDI>
      <MDI key="STATISTICS_STDDEV">0.0033337912573281</MDI>
    </Metadata>
  </PAMRasterBand>
</PAMDataset>
