<PAMDataset>
  <Metadata>
    <MDI key="DataType">Generic</MDI>
  </Metadata>
  <PAMRasterBand band="1">
    <Histograms>
      <HistItem>
        <HistMin>0.8586690425872803</HistMin>
        <HistMax>0.8705518245697021</HistMax>
        <BucketCount>256</BucketCount>
        <IncludeOutOfRange>1</IncludeOutOfRange>
        <Approximate>0</Approximate>
        <HistCounts>1|0|0|0|0|1|0|0|0|0|0|0|0|0|0|1|1|0|0|1|0|1|2|2|2|1|2|0|2|4|2|0|2|0|3|1|2|2|0|3|7|2|4|6|3|4|4|5|11|8|6|8|6|3|10|9|6|10|16|10|11|12|11|16|20|11|14|13|10|22|15|9|13|8|24|21|20|20|10|13|24|28|26|20|14|13|16|17|13|30|24|16|15|19|23|21|14|15|18|17|14|22|15|14|13|19|32|16|17|15|8|10|14|12|16|12|10|17|22|13|10|9|8|9|8|16|14|15|12|11|10|12|13|10|5|5|12|9|8|6|8|2|10|5|9|5|3|5|1|2|5|9|2|7|6|3|4|5|9|6|3|1|6|8|4|2|1|1|5|10|3|3|5|2|5|6|2|3|3|1|2|3|4|0|3|2|3|3|3|3|1|0|0|2|1|1|1|1|2|1|2|1|0|0|1|3|3|1|0|0|1|2|1|0|0|0|0|0|0|0|0|1|0|1|0|0|0|0|0|0|1|0|1|0|0|0|0|0|0|0|0|0|0|0|0|0|0|0|1|0|0|0|0|0|0|1</HistCounts>
      </HistItem>
    </Histograms>
    <Metadata>
      <MDI key="RepresentationType">ATHEMATIC</MDI>
      <MDI key="STATISTICS_COVARIANCES">3.042505415294797e-06</MDI>
      <MDI key="STATISTICS_EXCLUDEDVALUES"></MDI>
      <MDI key="STATISTICS_MAXIMUM">0.8705518245697</MDI>
      <MDI key="STATISTICS_MEAN">0.86341787602753</MDI>
      <MDI key="STATISTICS_MINIMUM">0.85866904258728</MDI>
      <MDI key="STATISTICS_SKIPFACTORX">1</MDI>
      <MDI key="STATISTICS_SKIPFACTORY">1</MDI>
      <MDI key="STATISTICS_STDDEV">0.0017442779065547</MDI>
    </Metadata>
  </PAMRasterBand>
</PAMDataset>
