<PAMDataset>
  <Metadata>
    <MDI key="DataType">Generic</MDI>
  </Metadata>
  <PAMRasterBand band="1">
    <Histograms>
      <HistItem>
        <HistMin>0.8190866708755493</HistMin>
        <HistMax>0.8432738184928894</HistMax>
        <BucketCount>256</BucketCount>
        <IncludeOutOfRange>1</IncludeOutOfRange>
        <Approximate>0</Approximate>
        <HistCounts>1|0|0|0|2|0|0|0|0|0|0|0|0|0|0|0|0|0|1|0|1|0|0|0|0|0|0|0|0|0|0|0|0|0|0|1|1|1|1|1|0|1|0|1|0|0|0|0|0|0|1|0|0|1|0|1|0|0|0|0|1|0|0|0|1|0|1|0|0|0|1|0|1|0|2|1|0|0|2|0|1|0|0|1|0|0|0|0|0|0|1|0|0|0|0|3|1|4|3|3|0|1|2|3|0|2|0|0|1|1|1|1|1|0|0|1|3|1|4|5|1|2|2|2|3|8|1|2|4|5|4|5|2|4|1|3|2|7|3|2|5|1|1|6|7|10|9|3|11|9|11|16|10|8|7|12|17|15|21|16|17|15|17|21|18|21|19|19|12|23|34|10|18|14|19|12|18|37|25|20|14|15|24|27|20|20|23|22|20|18|20|21|11|17|24|18|22|21|23|19|25|17|16|17|21|13|22|11|14|21|26|9|22|13|19|22|21|12|14|19|12|11|12|8|7|9|4|4|6|6|6|9|8|2|1|3|2|2|7|2|1|0|0|0|0|2|0|0|1|1|1|3|0|0|0|1</HistCounts>
      </HistItem>
    </Histograms>
    <Metadata>
      <MDI key="RepresentationType">ATHEMATIC</MDI>
      <MDI key="STATISTICS_COVARIANCES">9.883370992563354e-06</MDI>
      <MDI key="STATISTICS_EXCLUDEDVALUES"></MDI>
      <MDI key="STATISTICS_MAXIMUM">0.84327381849289</MDI>
      <MDI key="STATISTICS_MEAN">0.83629345759749</MDI>
      <MDI key="STATISTICS_MINIMUM">0.81908667087555</MDI>
      <MDI key="STATISTICS_SKIPFACTORX">1</MDI>
      <MDI key="STATISTICS_SKIPFACTORY">1</MDI>
      <MDI key="STATISTICS_STDDEV">0.0031437829111698</MDI>
    </Metadata>
  </PAMRasterBand>
</PAMDataset>
