<PAMDataset>
  <Metadata>
    <MDI key="DataType">Generic</MDI>
  </Metadata>
  <PAMRasterBand band="1">
    <Histograms>
      <HistItem>
        <HistMin>0.8298425674438477</HistMin>
        <HistMax>0.8425471186637878</HistMax>
        <BucketCount>256</BucketCount>
        <IncludeOutOfRange>1</IncludeOutOfRange>
        <Approximate>0</Approximate>
        <HistCounts>2|0|0|0|0|0|1|0|0|0|0|0|0|0|1|0|1|0|0|0|0|0|0|0|0|0|1|1|3|1|0|3|3|2|1|1|2|2|6|2|0|1|5|0|2|2|1|1|3|2|1|6|4|4|5|2|1|3|5|4|3|6|3|1|1|8|9|3|9|9|4|8|2|4|8|5|7|7|5|6|1|12|1|10|8|9|10|9|11|4|7|17|8|7|7|5|8|7|8|13|12|6|8|13|15|4|13|9|8|12|12|10|15|9|8|18|19|4|9|16|13|2|13|13|13|15|19|10|7|5|12|22|8|22|11|8|10|8|12|21|7|14|10|8|9|13|14|15|16|7|11|22|16|14|19|7|6|13|14|10|8|12|13|12|12|17|16|11|7|12|13|17|12|15|12|13|10|7|13|13|10|15|10|14|8|7|13|7|8|9|11|13|9|4|9|5|8|5|10|9|7|2|3|9|1|9|8|3|3|7|2|8|2|2|5|1|2|3|4|3|1|1|0|0|3|0|2|1|1|0|3|1|2|1|0|1|0|0|1|2|1|0|0|0|0|0|0|1|0|0|0|0|0|0|0|1</HistCounts>
      </HistItem>
    </Histograms>
    <Metadata>
      <MDI key="RepresentationType">ATHEMATIC</MDI>
      <MDI key="STATISTICS_COVARIANCES">5.036987248525684e-06</MDI>
      <MDI key="STATISTICS_EXCLUDEDVALUES"></MDI>
      <MDI key="STATISTICS_MAXIMUM">0.84254711866379</MDI>
      <MDI key="STATISTICS_MEAN">0.8366386519745</MDI>
      <MDI key="STATISTICS_MINIMUM">0.82984256744385</MDI>
      <MDI key="STATISTICS_SKIPFACTORX">1</MDI>
      <MDI key="STATISTICS_SKIPFACTORY">1</MDI>
      <MDI key="STATISTICS_STDDEV">0.002244323338676</MDI>
    </Metadata>
  </PAMRasterBand>
</PAMDataset>
