<PAMDataset>
  <Metadata>
    <MDI key="DataType">Generic</MDI>
  </Metadata>
  <PAMRasterBand band="1">
    <Histograms>
      <HistItem>
        <HistMin>0.8540729284286499</HistMin>
        <HistMax>0.8774802684783936</HistMax>
        <BucketCount>256</BucketCount>
        <IncludeOutOfRange>1</IncludeOutOfRange>
        <Approximate>0</Approximate>
        <HistCounts>1|0|0|0|0|0|0|0|0|0|0|0|0|0|0|0|0|1|0|0|0|0|0|0|0|1|0|0|0|0|1|0|0|0|0|0|0|1|0|0|0|0|0|0|1|0|0|0|0|0|1|0|1|0|0|1|0|0|0|0|0|0|0|1|0|1|0|0|0|0|0|0|0|0|1|0|1|0|0|2|0|0|0|0|0|0|0|0|1|2|0|0|0|0|0|0|0|0|0|1|1|1|0|0|1|0|1|3|0|0|1|1|1|1|1|1|0|2|0|0|3|1|0|2|0|0|0|2|1|2|1|0|0|0|1|1|0|1|2|0|3|1|1|2|2|2|2|0|5|1|4|1|1|6|2|5|3|6|5|9|5|4|5|12|10|6|10|8|10|16|14|11|16|13|11|19|10|12|18|14|24|11|21|26|18|24|31|28|20|38|29|40|32|38|38|33|44|35|28|57|29|30|44|24|29|37|25|25|31|27|24|22|21|23|21|23|12|17|19|14|9|12|15|11|21|9|10|8|10|9|6|3|3|2|2|5|2|2|2|0|1|1|1|4|0|0|0|2|0|1|0|0|0|0|0|1</HistCounts>
      </HistItem>
    </Histograms>
    <Metadata>
      <MDI key="RepresentationType">ATHEMATIC</MDI>
      <MDI key="STATISTICS_COVARIANCES">5.746473014551562e-06</MDI>
      <MDI key="STATISTICS_EXCLUDEDVALUES"></MDI>
      <MDI key="STATISTICS_MAXIMUM">0.87748026847839</MDI>
      <MDI key="STATISTICS_MEAN">0.87178854156286</MDI>
      <MDI key="STATISTICS_MINIMUM">0.85407292842865</MDI>
      <MDI key="STATISTICS_SKIPFACTORX">1</MDI>
      <MDI key="STATISTICS_SKIPFACTORY">1</MDI>
      <MDI key="STATISTICS_STDDEV">0.0023971802215419</MDI>
    </Metadata>
  </PAMRasterBand>
</PAMDataset>
