<PAMDataset>
  <Metadata>
    <MDI key="DataType">Generic</MDI>
  </Metadata>
  <PAMRasterBand band="1">
    <Histograms>
      <HistItem>
        <HistMin>0.8254971504211426</HistMin>
        <HistMax>0.8403249979019165</HistMax>
        <BucketCount>256</BucketCount>
        <IncludeOutOfRange>1</IncludeOutOfRange>
        <Approximate>0</Approximate>
        <HistCounts>1|0|0|0|1|0|1|0|1|0|1|0|0|1|0|0|0|2|0|1|0|0|0|0|0|1|2|1|4|0|0|1|1|3|1|1|5|5|2|3|3|4|6|7|4|3|3|3|5|2|5|6|5|10|3|5|7|2|6|6|2|7|2|6|15|10|6|4|5|9|6|4|6|9|9|12|12|11|4|10|3|12|11|14|18|18|15|10|8|11|8|10|13|20|11|10|22|11|13|13|15|22|20|8|12|19|17|16|11|8|16|22|16|19|13|12|11|14|17|27|12|17|23|17|15|12|15|22|17|8|10|15|9|22|5|15|14|4|16|16|16|15|10|17|12|13|9|12|16|11|9|11|14|13|15|9|19|7|8|8|9|10|5|2|6|11|6|1|5|5|5|2|2|7|3|8|9|3|9|3|5|5|6|4|4|5|4|3|6|2|1|1|3|1|3|1|4|2|2|2|1|3|3|6|1|0|1|5|0|0|0|2|3|2|4|0|0|3|1|0|2|0|0|1|1|0|1|0|1|0|2|0|0|2|0|0|0|0|0|1|0|0|0|0|0|0|0|0|1|0|0|0|0|0|0|1</HistCounts>
      </HistItem>
    </Histograms>
    <Metadata>
      <MDI key="RepresentationType">ATHEMATIC</MDI>
      <MDI key="STATISTICS_COVARIANCES">5.668614645995329e-06</MDI>
      <MDI key="STATISTICS_EXCLUDEDVALUES"></MDI>
      <MDI key="STATISTICS_MAXIMUM">0.84032499790192</MDI>
      <MDI key="STATISTICS_MEAN">0.83233957111836</MDI>
      <MDI key="STATISTICS_MINIMUM">0.82549715042114</MDI>
      <MDI key="STATISTICS_SKIPFACTORX">1</MDI>
      <MDI key="STATISTICS_SKIPFACTORY">1</MDI>
      <MDI key="STATISTICS_STDDEV">0.0023808852651893</MDI>
    </Metadata>
  </PAMRasterBand>
</PAMDataset>
