<PAMDataset>
  <Metadata>
    <MDI key="DataType">Generic</MDI>
  </Metadata>
  <PAMRasterBand band="1">
    <Histograms>
      <HistItem>
        <HistMin>0.8458866477012634</HistMin>
        <HistMax>0.8753156661987305</HistMax>
        <BucketCount>256</BucketCount>
        <IncludeOutOfRange>1</IncludeOutOfRange>
        <Approximate>0</Approximate>
        <HistCounts>1|0|0|0|0|0|0|0|0|0|0|0|0|0|0|0|0|0|0|0|0|0|0|0|0|1|0|0|0|0|0|0|0|0|0|0|0|0|1|0|0|0|1|0|1|0|1|0|0|1|0|0|0|0|0|0|0|0|0|0|0|1|0|2|1|0|2|0|0|1|0|0|2|1|0|0|0|1|0|0|0|1|0|0|1|1|1|0|0|0|1|0|0|0|1|0|0|1|2|0|0|0|0|0|1|0|0|3|3|0|0|3|2|0|1|2|0|0|1|1|0|2|1|4|3|3|4|0|3|2|4|0|1|6|4|4|4|3|3|1|5|2|4|2|2|3|9|8|4|3|6|9|5|4|9|16|10|6|13|20|11|10|11|11|20|18|30|14|39|19|22|28|24|30|28|39|25|36|26|39|29|38|38|45|46|30|27|34|29|26|40|25|26|27|20|23|24|27|21|26|20|15|23|23|11|12|9|8|10|11|9|7|13|9|6|4|8|5|8|9|7|9|8|3|1|9|4|5|1|2|2|1|2|1|2|0|0|0|2|0|0|0|0|1|0|0|0|1|0|0|0|0|0|1|0|1</HistCounts>
      </HistItem>
    </Histograms>
    <Metadata>
      <MDI key="RepresentationType">ATHEMATIC</MDI>
      <MDI key="STATISTICS_COVARIANCES">9.250295998479949e-06</MDI>
      <MDI key="STATISTICS_EXCLUDEDVALUES"></MDI>
      <MDI key="STATISTICS_MAXIMUM">0.87531566619873</MDI>
      <MDI key="STATISTICS_MEAN">0.86666047293693</MDI>
      <MDI key="STATISTICS_MINIMUM">0.84588664770126</MDI>
      <MDI key="STATISTICS_SKIPFACTORX">1</MDI>
      <MDI key="STATISTICS_SKIPFACTORY">1</MDI>
      <MDI key="STATISTICS_STDDEV">0.0030414299266102</MDI>
    </Metadata>
  </PAMRasterBand>
</PAMDataset>
