<PAMDataset>
  <PAMRasterBand band="1">
    <Histograms>
      <HistItem>
        <HistMin>0.8299523506142599</HistMin>
        <HistMax>0.8585827083801626</HistMax>
        <BucketCount>256</BucketCount>
        <IncludeOutOfRange>1</IncludeOutOfRange>
        <Approximate>0</Approximate>
        <HistCounts>1|0|0|0|0|0|0|0|0|1|0|0|0|0|0|0|0|0|0|1|0|0|0|0|0|0|1|0|0|0|0|0|0|0|0|0|0|0|1|0|1|1|0|1|0|0|0|1|0|0|0|1|0|0|0|0|0|0|0|1|0|1|1|0|4|2|2|0|1|0|2|0|0|1|3|7|2|1|2|2|1|1|2|3|3|2|5|3|3|4|0|4|2|2|5|5|2|4|2|1|2|7|5|5|4|5|3|6|9|4|5|4|7|5|10|8|6|3|12|8|8|5|7|8|9|5|6|4|13|15|11|9|11|10|10|16|17|7|12|22|13|26|20|11|14|16|18|17|8|22|16|20|23|13|11|19|13|17|25|15|23|25|17|22|27|18|27|20|11|31|19|23|16|17|23|14|15|16|16|16|25|21|16|14|7|19|18|16|23|15|11|19|8|16|13|11|7|11|10|11|6|6|11|9|12|10|4|8|7|5|7|2|1|5|3|6|6|4|3|5|4|2|3|1|1|1|2|2|0|0|3|3|1|2|3|2|1|0|0|0|0|1|1|1|0|0|0|0|1|1|0|0|0|0|0|1</HistCounts>
      </HistItem>
    </Histograms>
    <Metadata>
      <MDI key="RepresentationType">ATHEMATIC</MDI>
      <MDI key="STATISTICS_COVARIANCES">1.539331094968344e-05</MDI>
      <MDI key="STATISTICS_EXCLUDEDVALUES"></MDI>
      <MDI key="STATISTICS_MAXIMUM">0.85858270838016</MDI>
      <MDI key="STATISTICS_MEAN">0.84775591264397</MDI>
      <MDI key="STATISTICS_MINIMUM">0.82995235061426</MDI>
      <MDI key="STATISTICS_SKIPFACTORX">1</MDI>
      <MDI key="STATISTICS_SKIPFACTORY">1</MDI>
      <MDI key="STATISTICS_STDDEV">0.0039234310175768</MDI>
    </Metadata>
  </PAMRasterBand>
</PAMDataset>
