<PAMDataset>
  <Metadata>
    <MDI key="DataType">Generic</MDI>
  </Metadata>
  <PAMRasterBand band="1">
    <Histograms>
      <HistItem>
        <HistMin>0.8641273379325867</HistMin>
        <HistMax>0.8753566741943359</HistMax>
        <BucketCount>256</BucketCount>
        <IncludeOutOfRange>1</IncludeOutOfRange>
        <Approximate>0</Approximate>
        <HistCounts>1|0|0|0|0|0|0|0|0|0|0|2|0|0|1|0|0|1|0|0|0|1|1|0|0|1|0|0|2|0|0|0|0|1|0|1|0|4|4|1|0|0|1|2|1|0|0|3|1|5|1|2|4|1|4|1|9|7|10|3|5|4|6|7|7|10|7|5|10|14|5|7|5|17|8|13|11|9|12|11|17|15|11|10|11|13|15|15|13|13|17|15|21|18|10|14|9|14|18|11|11|8|10|18|18|18|20|13|12|14|16|15|20|20|15|20|19|16|14|13|14|13|14|16|13|17|9|19|26|25|21|12|14|20|14|21|8|15|10|13|13|10|14|12|14|17|9|12|6|7|6|7|12|10|13|9|13|5|13|9|12|4|3|6|9|4|6|7|8|3|5|8|9|5|5|5|5|6|7|6|0|7|3|6|3|2|3|4|7|3|4|0|4|4|5|4|1|3|4|2|2|4|3|1|2|2|2|2|4|2|0|2|1|0|0|1|1|1|2|0|3|1|0|0|0|0|0|0|0|1|0|0|0|0|0|0|1|0|0|0|0|0|1|1|2|0|0|0|0|0|1|0|0|0|0|1</HistCounts>
      </HistItem>
    </Histograms>
    <Metadata>
      <MDI key="RepresentationType">ATHEMATIC</MDI>
      <MDI key="STATISTICS_COVARIANCES">2.931444973837681e-06</MDI>
      <MDI key="STATISTICS_EXCLUDEDVALUES"></MDI>
      <MDI key="STATISTICS_MAXIMUM">0.87535667419434</MDI>
      <MDI key="STATISTICS_MEAN">0.86938763514161</MDI>
      <MDI key="STATISTICS_MINIMUM">0.86412733793259</MDI>
      <MDI key="STATISTICS_SKIPFACTORX">1</MDI>
      <MDI key="STATISTICS_SKIPFACTORY">1</MDI>
      <MDI key="STATISTICS_STDDEV">0.001712146306201</MDI>
    </Metadata>
  </PAMRasterBand>
</PAMDataset>
