<PAMDataset>
  <PAMRasterBand band="1">
    <Histograms>
      <HistItem>
        <HistMin>0.8399556323874193</HistMin>
        <HistMax>0.8558772917274533</HistMax>
        <BucketCount>256</BucketCount>
        <IncludeOutOfRange>1</IncludeOutOfRange>
        <Approximate>0</Approximate>
        <HistCounts>1|0|0|0|0|0|0|0|0|0|0|0|0|1|1|0|0|1|0|1|1|0|2|0|1|1|0|3|5|1|1|1|0|1|1|0|1|1|0|3|1|2|5|1|3|2|0|0|1|2|2|3|2|1|10|3|6|4|2|5|4|2|4|1|4|4|6|6|8|3|4|1|2|1|3|3|3|5|3|3|4|7|1|2|5|4|2|3|2|4|5|3|4|4|6|2|1|4|2|7|8|1|4|5|4|9|7|2|7|7|7|5|8|9|2|12|3|10|5|7|5|8|5|6|10|11|13|7|10|9|9|9|9|12|13|17|11|18|13|5|12|10|12|9|11|21|25|12|16|21|18|11|21|16|15|13|14|16|23|14|17|22|13|18|21|22|17|14|10|7|20|15|19|15|15|13|16|16|15|15|7|17|11|15|12|18|16|13|11|13|11|11|13|12|13|6|8|19|14|9|10|5|8|10|9|4|6|10|14|8|7|6|3|6|2|5|8|5|4|3|2|1|2|3|6|3|2|3|5|4|2|0|0|0|1|0|0|0|1|0|2|0|1|0|0|0|0|1|1|0|0|0|0|0|0|1</HistCounts>
      </HistItem>
    </Histograms>
    <Metadata>
      <MDI key="RepresentationType">ATHEMATIC</MDI>
      <MDI key="STATISTICS_COVARIANCES">7.830841744848414e-06</MDI>
      <MDI key="STATISTICS_EXCLUDEDVALUES"></MDI>
      <MDI key="STATISTICS_MAXIMUM">0.85587729172745</MDI>
      <MDI key="STATISTICS_MEAN">0.84932331331118</MDI>
      <MDI key="STATISTICS_MINIMUM">0.83995563238742</MDI>
      <MDI key="STATISTICS_SKIPFACTORX">1</MDI>
      <MDI key="STATISTICS_SKIPFACTORY">1</MDI>
      <MDI key="STATISTICS_STDDEV">0.0027983641194184</MDI>
    </Metadata>
  </PAMRasterBand>
</PAMDataset>
