<PAMDataset>
  <Metadata>
    <MDI key="DataType">Generic</MDI>
  </Metadata>
  <PAMRasterBand band="1">
    <Histograms>
      <HistItem>
        <HistMin>0.7683112621307373</HistMin>
        <HistMax>0.9128596782684326</HistMax>
        <BucketCount>256</BucketCount>
        <IncludeOutOfRange>1</IncludeOutOfRange>
        <Approximate>0</Approximate>
        <HistCounts>1|0|0|0|0|0|0|0|0|1|2|0|0|0|1|0|0|1|1|0|1|0|0|0|0|0|1|0|0|0|0|0|1|1|0|0|1|0|1|0|0|1|0|1|0|2|1|1|1|0|2|2|1|1|2|0|0|0|2|0|1|1|2|0|1|3|0|2|0|1|3|0|2|3|2|1|1|0|1|0|0|0|3|0|0|2|2|2|1|4|2|2|0|4|0|0|0|1|2|3|2|0|2|0|3|0|2|0|1|2|1|0|3|1|2|1|0|5|6|2|2|2|4|2|3|0|3|3|3|6|2|4|3|2|4|4|4|3|3|4|5|4|4|3|6|5|4|2|5|4|7|1|6|6|6|3|9|6|6|7|6|5|10|15|14|10|17|15|22|11|8|14|15|11|27|25|29|29|55|32|40|60|46|35|68|66|57|57|53|43|35|46|34|36|33|27|19|16|14|17|20|13|12|11|8|12|6|7|4|7|4|4|4|0|2|3|4|2|1|0|1|2|1|3|1|1|2|1|0|1|0|0|1|0|0|1|1|2|0|2|0|0|1|2|0|0|0|0|1|0|0|2|0|1|1|1</HistCounts>
      </HistItem>
    </Histograms>
    <Metadata>
      <MDI key="RepresentationType">ATHEMATIC</MDI>
      <MDI key="STATISTICS_COVARIANCES">0.0003529959143577922</MDI>
      <MDI key="STATISTICS_EXCLUDEDVALUES"></MDI>
      <MDI key="STATISTICS_MAXIMUM">0.91285967826843</MDI>
      <MDI key="STATISTICS_MEAN">0.86720213722438</MDI>
      <MDI key="STATISTICS_MINIMUM">0.76831126213074</MDI>
      <MDI key="STATISTICS_SKIPFACTORX">1</MDI>
      <MDI key="STATISTICS_SKIPFACTORY">1</MDI>
      <MDI key="STATISTICS_STDDEV">0.018788185499345</MDI>
    </Metadata>
  </PAMRasterBand>
</PAMDataset>
