<PAMDataset>
  <PAMRasterBand band="1">
    <Histograms>
      <HistItem>
        <HistMin>0.8524582407105884</HistMin>
        <HistMax>0.8666274318702314</HistMax>
        <BucketCount>256</BucketCount>
        <IncludeOutOfRange>1</IncludeOutOfRange>
        <Approximate>0</Approximate>
        <HistCounts>3|1|0|0|0|0|0|0|1|0|2|2|0|0|0|0|2|1|3|0|2|3|0|1|1|3|2|2|3|3|8|6|6|4|2|6|5|6|9|8|10|7|5|8|11|5|9|5|7|7|16|14|7|5|5|13|15|12|12|15|15|16|16|13|12|10|18|10|7|16|21|28|15|10|12|13|19|17|17|13|9|18|22|23|14|10|16|28|15|13|14|21|14|18|12|15|7|18|20|12|8|10|13|19|16|7|11|7|13|6|12|6|7|14|12|9|9|14|11|13|10|10|6|14|11|6|14|7|10|10|4|8|7|11|15|6|9|5|11|8|8|9|6|5|7|9|5|7|4|8|8|8|6|4|11|5|6|6|5|9|7|7|2|2|4|8|6|6|4|7|5|3|3|3|0|7|3|7|2|2|3|1|2|1|2|6|4|4|2|2|0|3|1|2|2|0|0|3|0|3|1|1|0|1|1|1|2|2|1|0|0|3|1|0|3|2|5|0|0|2|0|0|1|1|1|1|1|0|0|0|0|1|0|0|1|0|1|0|0|0|0|0|0|0|0|0|1|0|0|0|0|0|0|0|0|1</HistCounts>
      </HistItem>
    </Histograms>
    <Metadata>
      <MDI key="RepresentationType">ATHEMATIC</MDI>
      <MDI key="STATISTICS_COVARIANCES">5.877238746626532e-06</MDI>
      <MDI key="STATISTICS_EXCLUDEDVALUES"></MDI>
      <MDI key="STATISTICS_MAXIMUM">0.86662743187023</MDI>
      <MDI key="STATISTICS_MEAN">0.85802279412106</MDI>
      <MDI key="STATISTICS_MINIMUM">0.85245824071059</MDI>
      <MDI key="STATISTICS_SKIPFACTORX">1</MDI>
      <MDI key="STATISTICS_SKIPFACTORY">1</MDI>
      <MDI key="STATISTICS_STDDEV">0.0024243017028882</MDI>
    </Metadata>
  </PAMRasterBand>
</PAMDataset>
