<PAMDataset>
  <PAMRasterBand band="1">
    <Histograms>
      <HistItem>
        <HistMin>0.8296665694132744</HistMin>
        <HistMax>0.8463439591957875</HistMax>
        <BucketCount>256</BucketCount>
        <IncludeOutOfRange>1</IncludeOutOfRange>
        <Approximate>0</Approximate>
        <HistCounts>1|0|0|0|0|0|0|0|0|0|0|0|0|0|0|0|1|0|0|1|0|0|0|1|0|1|0|0|1|2|1|0|0|1|3|0|2|1|0|4|2|5|1|1|1|1|0|1|5|4|4|1|6|4|5|9|6|5|4|6|6|2|10|8|8|8|4|3|4|11|3|10|9|14|9|10|7|12|5|13|9|9|5|10|17|16|16|8|2|12|15|17|13|7|19|15|18|10|11|14|8|13|20|19|16|14|13|12|19|12|19|13|25|16|19|17|21|14|21|12|19|20|9|13|15|27|23|17|18|20|8|19|26|25|8|15|11|13|13|20|13|10|12|19|20|14|17|18|7|13|15|16|10|11|14|12|4|9|4|9|5|10|19|11|8|7|12|7|7|11|4|2|7|12|6|3|3|5|5|4|4|3|1|3|3|2|6|1|8|1|1|1|0|2|1|1|2|3|2|1|1|1|1|0|0|0|0|0|0|0|0|0|0|0|0|0|0|0|0|1|0|0|1|0|0|0|1|0|0|0|0|0|0|0|0|0|0|0|0|0|0|0|0|0|0|0|0|0|0|0|0|0|0|0|0|1</HistCounts>
      </HistItem>
    </Histograms>
    <Metadata>
      <MDI key="RepresentationType">ATHEMATIC</MDI>
      <MDI key="STATISTICS_COVARIANCES">5.374661811935452e-06</MDI>
      <MDI key="STATISTICS_EXCLUDEDVALUES"></MDI>
      <MDI key="STATISTICS_MAXIMUM">0.84634395919579</MDI>
      <MDI key="STATISTICS_MEAN">0.83739131946647</MDI>
      <MDI key="STATISTICS_MINIMUM">0.82966656941327</MDI>
      <MDI key="STATISTICS_SKIPFACTORX">1</MDI>
      <MDI key="STATISTICS_SKIPFACTORY">1</MDI>
      <MDI key="STATISTICS_STDDEV">0.0023183316872129</MDI>
    </Metadata>
  </PAMRasterBand>
</PAMDataset>
