<PAMDataset>
  <Metadata>
    <MDI key="DataType">Generic</MDI>
  </Metadata>
  <PAMRasterBand band="1">
    <Histograms>
      <HistItem>
        <HistMin>0.8489047884941101</HistMin>
        <HistMax>0.8590972423553467</HistMax>
        <BucketCount>256</BucketCount>
        <IncludeOutOfRange>1</IncludeOutOfRange>
        <Approximate>0</Approximate>
        <HistCounts>1|1|0|0|0|0|0|0|0|0|2|0|1|0|1|2|0|0|1|1|1|0|4|2|0|2|1|1|1|1|4|2|3|3|2|2|1|2|3|4|4|3|7|6|2|7|6|4|5|4|5|8|5|4|6|7|3|6|4|3|3|4|8|9|12|5|10|6|7|16|7|11|9|8|10|7|21|9|11|15|7|13|16|12|15|11|10|20|12|19|15|8|16|15|11|18|7|20|7|9|15|12|6|26|15|9|9|12|12|13|17|16|15|13|14|16|20|25|12|7|13|16|19|29|13|11|17|16|16|17|20|12|13|13|9|13|20|8|17|12|12|10|16|14|8|14|9|4|12|9|12|8|10|0|10|12|9|11|3|7|8|12|1|9|5|5|2|5|7|2|6|1|6|4|4|6|2|7|2|2|6|4|5|4|4|6|1|4|5|5|2|9|1|3|5|5|2|3|3|4|3|4|6|1|2|0|3|0|4|3|3|2|0|1|0|2|1|0|2|0|0|0|2|0|0|0|0|1|0|0|0|0|1|1|0|1|0|0|0|0|0|0|2|0|0|0|0|2|0|0|0|0|0|0|0|1</HistCounts>
      </HistItem>
    </Histograms>
    <Metadata>
      <MDI key="RepresentationType">ATHEMATIC</MDI>
      <MDI key="STATISTICS_COVARIANCES">2.859962084842416e-06</MDI>
      <MDI key="STATISTICS_EXCLUDEDVALUES"></MDI>
      <MDI key="STATISTICS_MAXIMUM">0.85909724235535</MDI>
      <MDI key="STATISTICS_MEAN">0.85350059259683</MDI>
      <MDI key="STATISTICS_MINIMUM">0.84890478849411</MDI>
      <MDI key="STATISTICS_SKIPFACTORX">1</MDI>
      <MDI key="STATISTICS_SKIPFACTORY">1</MDI>
      <MDI key="STATISTICS_STDDEV">0.0016911422426403</MDI>
    </Metadata>
  </PAMRasterBand>
</PAMDataset>
