<PAMDataset>
  <PAMRasterBand band="1">
    <Histograms>
      <HistItem>
        <HistMin>0.8330532853514916</HistMin>
        <HistMax>0.8493513733434932</HistMax>
        <BucketCount>256</BucketCount>
        <IncludeOutOfRange>1</IncludeOutOfRange>
        <Approximate>0</Approximate>
        <HistCounts>2|0|1|0|0|0|0|0|1|0|1|1|3|1|1|1|0|0|1|3|0|4|0|1|3|1|0|5|1|2|3|3|3|6|1|2|5|2|2|6|1|3|7|7|9|7|4|5|6|5|7|8|6|8|2|5|11|10|6|5|8|10|11|11|7|6|14|5|11|10|5|5|5|10|12|11|10|9|13|14|11|11|7|9|15|11|15|15|6|11|13|14|11|18|11|15|18|24|16|10|16|10|10|23|26|16|16|21|16|13|8|7|13|14|20|21|10|15|9|16|18|17|15|11|5|16|20|17|13|9|11|13|19|7|15|14|12|12|12|10|7|8|16|8|9|6|13|6|8|5|2|8|8|2|14|7|6|6|5|7|7|9|5|3|5|7|9|10|9|10|6|9|2|7|6|3|6|12|3|4|5|4|12|7|1|4|4|3|3|5|5|3|5|4|5|0|1|2|3|4|5|0|0|5|4|1|0|2|1|0|0|1|1|2|0|0|1|0|0|0|0|1|2|0|1|0|1|2|1|0|0|0|1|1|0|0|0|0|0|0|0|0|0|0|0|1|0|0|0|0|0|0|0|0|0|1</HistCounts>
      </HistItem>
    </Histograms>
    <Metadata>
      <MDI key="RepresentationType">ATHEMATIC</MDI>
      <MDI key="STATISTICS_COVARIANCES">7.659847709848127e-06</MDI>
      <MDI key="STATISTICS_EXCLUDEDVALUES"></MDI>
      <MDI key="STATISTICS_MAXIMUM">0.84935137334349</MDI>
      <MDI key="STATISTICS_MEAN">0.840230948975</MDI>
      <MDI key="STATISTICS_MINIMUM">0.83305328535149</MDI>
      <MDI key="STATISTICS_SKIPFACTORX">1</MDI>
      <MDI key="STATISTICS_SKIPFACTORY">1</MDI>
      <MDI key="STATISTICS_STDDEV">0.0027676429881486</MDI>
    </Metadata>
  </PAMRasterBand>
</PAMDataset>
