<PAMDataset>
  <Metadata>
    <MDI key="DataType">Generic</MDI>
  </Metadata>
  <PAMRasterBand band="1">
    <Histograms>
      <HistItem>
        <HistMin>0.7366432547569275</HistMin>
        <HistMax>0.8248401880264282</HistMax>
        <BucketCount>256</BucketCount>
        <IncludeOutOfRange>1</IncludeOutOfRange>
        <Approximate>0</Approximate>
        <HistCounts>1|0|0|0|0|0|0|0|0|0|0|0|0|0|0|0|0|0|0|0|0|0|1|0|0|0|0|0|0|0|0|0|0|0|0|0|0|1|0|0|0|0|1|0|0|0|0|0|0|1|0|0|0|0|0|0|0|0|0|0|1|0|0|0|0|0|0|1|0|0|0|0|0|0|0|0|0|1|1|0|0|0|1|0|0|0|0|1|0|0|1|0|0|0|1|1|0|1|0|0|0|0|0|1|0|1|0|0|1|0|1|0|1|1|0|0|0|0|0|0|1|0|1|1|0|2|0|0|1|2|1|2|0|1|0|4|2|1|0|4|2|6|2|2|2|1|0|0|4|1|3|2|1|4|1|3|2|1|4|3|4|3|4|4|4|4|4|5|3|6|1|5|3|6|8|4|8|10|10|6|4|11|8|11|8|8|10|14|6|16|4|11|7|9|17|20|17|10|16|15|14|24|16|20|29|38|50|57|50|51|67|69|73|67|61|68|58|39|43|30|28|27|16|22|10|17|20|10|13|14|7|8|14|3|11|4|3|4|3|4|1|1|8|1|3|1|0|3|0|4|0|0|2|0|1|1</HistCounts>
      </HistItem>
    </Histograms>
    <Metadata>
      <MDI key="RepresentationType">ATHEMATIC</MDI>
      <MDI key="STATISTICS_COVARIANCES">7.497291516605669e-05</MDI>
      <MDI key="STATISTICS_EXCLUDEDVALUES"></MDI>
      <MDI key="STATISTICS_MAXIMUM">0.82484018802643</MDI>
      <MDI key="STATISTICS_MEAN">0.80729925818741</MDI>
      <MDI key="STATISTICS_MINIMUM">0.73664325475693</MDI>
      <MDI key="STATISTICS_SKIPFACTORX">1</MDI>
      <MDI key="STATISTICS_SKIPFACTORY">1</MDI>
      <MDI key="STATISTICS_STDDEV">0.008658690153023</MDI>
    </Metadata>
  </PAMRasterBand>
</PAMDataset>
