<PAMDataset>
  <PAMRasterBand band="1">
    <Histograms>
      <HistItem>
        <HistMin>0.810374981121604</HistMin>
        <HistMax>0.8259653263599397</HistMax>
        <BucketCount>256</BucketCount>
        <IncludeOutOfRange>1</IncludeOutOfRange>
        <Approximate>0</Approximate>
        <HistCounts>1|0|0|0|0|0|0|0|1|1|0|0|0|0|0|0|1|0|1|1|0|1|2|1|1|1|2|0|0|0|1|2|0|1|3|1|0|1|1|3|0|4|2|4|1|3|3|2|3|0|7|1|2|3|2|3|2|4|3|5|0|4|6|3|5|5|3|6|4|7|6|1|5|4|6|2|6|4|5|2|6|9|10|5|4|8|7|8|10|8|8|7|6|10|6|5|9|6|13|8|6|16|6|15|11|7|11|11|14|8|22|11|11|6|10|18|9|20|5|14|8|16|10|15|24|10|13|15|12|17|9|15|11|14|6|15|14|14|19|11|9|12|12|9|11|16|7|8|9|9|15|12|11|14|13|21|10|9|9|16|12|18|14|9|12|11|15|12|26|13|7|6|12|10|13|13|13|13|13|10|14|14|15|6|6|6|5|9|8|12|3|9|12|8|7|10|8|11|5|6|10|5|6|5|8|8|5|3|3|3|4|9|7|2|3|3|6|2|1|3|0|0|0|3|3|3|2|1|2|2|1|2|1|0|0|1|0|0|1|0|1|0|1|1|0|0|1|0|0|0|0|0|0|0|2|1</HistCounts>
      </HistItem>
    </Histograms>
    <Metadata>
      <MDI key="RepresentationType">ATHEMATIC</MDI>
      <MDI key="STATISTICS_COVARIANCES">7.502657654153928e-06</MDI>
      <MDI key="STATISTICS_EXCLUDEDVALUES"></MDI>
      <MDI key="STATISTICS_MAXIMUM">0.82596532635994</MDI>
      <MDI key="STATISTICS_MEAN">0.81881514855258</MDI>
      <MDI key="STATISTICS_MINIMUM">0.8103749811216</MDI>
      <MDI key="STATISTICS_SKIPFACTORX">1</MDI>
      <MDI key="STATISTICS_SKIPFACTORY">1</MDI>
      <MDI key="STATISTICS_STDDEV">0.002739097963592</MDI>
    </Metadata>
  </PAMRasterBand>
</PAMDataset>
