<PAMDataset>
  <Metadata>
    <MDI key="DataType">Generic</MDI>
  </Metadata>
  <PAMRasterBand band="1">
    <Histograms>
      <HistItem>
        <HistMin>0.8598683476448059</HistMin>
        <HistMax>0.8733249306678772</HistMax>
        <BucketCount>256</BucketCount>
        <IncludeOutOfRange>1</IncludeOutOfRange>
        <Approximate>0</Approximate>
        <HistCounts>1|0|0|0|1|0|2|0|0|3|1|3|0|0|1|0|2|0|2|3|4|4|1|1|4|0|3|2|2|5|4|6|2|5|5|4|3|4|7|10|4|7|6|6|9|13|6|10|8|10|6|3|11|13|13|2|9|10|18|12|14|13|11|11|17|12|12|8|8|12|16|12|9|13|10|14|7|6|16|10|6|9|8|10|12|12|12|15|16|16|11|3|13|15|17|8|8|9|11|15|2|7|5|25|10|10|6|11|16|7|6|4|12|20|13|10|13|4|15|9|7|9|15|15|10|5|8|17|12|12|13|13|12|7|13|8|6|6|16|13|9|10|12|13|14|13|11|15|9|8|7|13|13|16|12|8|9|6|18|4|11|5|10|7|8|6|7|10|10|3|5|2|7|12|4|5|8|5|4|2|4|2|6|1|3|1|0|3|3|3|1|1|2|2|3|3|0|3|5|1|1|2|1|1|0|3|2|1|0|0|1|3|2|2|1|0|3|2|0|1|1|5|1|0|1|1|1|0|1|2|0|2|0|1|0|1|3|0|0|1|0|3|0|0|0|0|0|0|0|0|0|0|1|0|0|1</HistCounts>
      </HistItem>
    </Histograms>
    <Metadata>
      <MDI key="RepresentationType">ATHEMATIC</MDI>
      <MDI key="STATISTICS_COVARIANCES">6.26643215805706e-06</MDI>
      <MDI key="STATISTICS_EXCLUDEDVALUES"></MDI>
      <MDI key="STATISTICS_MAXIMUM">0.87332493066788</MDI>
      <MDI key="STATISTICS_MEAN">0.86562274117023</MDI>
      <MDI key="STATISTICS_MINIMUM">0.85986834764481</MDI>
      <MDI key="STATISTICS_SKIPFACTORX">1</MDI>
      <MDI key="STATISTICS_SKIPFACTORY">1</MDI>
      <MDI key="STATISTICS_STDDEV">0.0025032842743199</MDI>
    </Metadata>
  </PAMRasterBand>
</PAMDataset>
