<PAMDataset>
  <Metadata>
    <MDI key="DataType">Generic</MDI>
  </Metadata>
  <PAMRasterBand band="1">
    <Histograms>
      <HistItem>
        <HistMin>0.8608149886131287</HistMin>
        <HistMax>0.8728632926940918</HistMax>
        <BucketCount>256</BucketCount>
        <IncludeOutOfRange>1</IncludeOutOfRange>
        <Approximate>0</Approximate>
        <HistCounts>1|1|0|0|0|0|0|0|0|1|0|1|0|3|0|0|2|0|0|3|1|0|1|3|1|1|1|3|3|2|8|5|2|5|4|6|0|4|3|6|4|5|6|5|4|7|12|9|7|5|10|14|14|7|8|8|11|14|13|11|14|8|14|12|11|10|13|19|10|7|16|18|12|24|21|11|11|17|19|16|12|8|16|14|16|13|10|13|7|17|17|9|17|12|19|14|20|10|15|16|14|7|10|14|18|21|15|13|11|13|19|17|12|12|8|12|24|12|12|9|22|15|15|17|7|10|21|7|12|6|10|16|17|13|11|7|17|7|12|8|12|12|13|14|6|5|5|14|16|6|8|6|5|17|7|9|5|3|7|2|6|0|6|3|6|4|1|6|2|1|3|3|5|2|4|1|4|0|1|5|3|1|2|2|0|2|2|1|1|1|1|1|0|2|1|2|2|1|0|1|1|2|1|1|0|0|3|0|0|0|0|0|0|0|0|0|0|0|1|0|0|0|2|0|0|0|0|0|0|0|0|0|0|1|0|0|0|0|0|0|0|0|0|0|0|0|0|0|0|0|0|0|0|0|0|1</HistCounts>
      </HistItem>
    </Histograms>
    <Metadata>
      <MDI key="RepresentationType">ATHEMATIC</MDI>
      <MDI key="STATISTICS_COVARIANCES">3.36309702360893e-06</MDI>
      <MDI key="STATISTICS_EXCLUDEDVALUES"></MDI>
      <MDI key="STATISTICS_MAXIMUM">0.87286329269409</MDI>
      <MDI key="STATISTICS_MEAN">0.86560268938541</MDI>
      <MDI key="STATISTICS_MINIMUM">0.86081498861313</MDI>
      <MDI key="STATISTICS_SKIPFACTORX">1</MDI>
      <MDI key="STATISTICS_SKIPFACTORY">1</MDI>
      <MDI key="STATISTICS_STDDEV">0.0018338748658534</MDI>
    </Metadata>
  </PAMRasterBand>
</PAMDataset>
