<PAMDataset>
  <Metadata>
    <MDI key="DataType">Generic</MDI>
  </Metadata>
  <PAMRasterBand band="1">
    <Histograms>
      <HistItem>
        <HistMin>0.8273667693138123</HistMin>
        <HistMax>0.8387463092803955</HistMax>
        <BucketCount>256</BucketCount>
        <IncludeOutOfRange>1</IncludeOutOfRange>
        <Approximate>0</Approximate>
        <HistCounts>1|0|0|0|0|0|0|0|0|0|1|0|0|1|0|0|0|2|1|0|2|0|3|1|2|1|2|0|2|2|1|2|0|1|1|3|5|5|9|4|0|1|3|2|7|5|13|2|6|7|2|10|11|6|3|7|4|6|9|15|16|14|4|20|7|16|26|11|9|19|13|22|12|21|6|11|16|6|14|19|21|22|13|12|15|19|18|24|18|19|11|17|12|23|28|16|20|12|13|12|22|25|14|21|13|19|16|28|12|9|16|19|16|15|15|9|8|11|10|11|18|13|16|15|11|13|13|15|13|10|9|4|6|14|7|12|4|8|5|9|6|6|8|3|7|3|6|5|4|4|5|2|6|5|4|5|2|8|3|7|3|5|5|5|5|5|3|7|2|3|8|2|7|4|3|2|4|1|1|7|3|3|3|2|3|1|7|0|1|2|0|3|2|5|1|3|2|2|3|3|2|0|1|0|1|0|4|1|0|1|0|2|6|2|1|0|2|0|3|2|2|0|1|1|0|0|0|0|1|0|0|1|0|3|0|0|1|1|0|3|0|1|0|0|0|0|2|1|0|0|0|0|1|0|0|1</HistCounts>
      </HistItem>
    </Histograms>
    <Metadata>
      <MDI key="RepresentationType">ATHEMATIC</MDI>
      <MDI key="STATISTICS_COVARIANCES">3.459918323393451e-06</MDI>
      <MDI key="STATISTICS_EXCLUDEDVALUES"></MDI>
      <MDI key="STATISTICS_MAXIMUM">0.8387463092804</MDI>
      <MDI key="STATISTICS_MEAN">0.8320617653057</MDI>
      <MDI key="STATISTICS_MINIMUM">0.82736676931381</MDI>
      <MDI key="STATISTICS_SKIPFACTORX">1</MDI>
      <MDI key="STATISTICS_SKIPFACTORY">1</MDI>
      <MDI key="STATISTICS_STDDEV">0.0018600855688364</MDI>
    </Metadata>
  </PAMRasterBand>
</PAMDataset>
