<PAMDataset>
  <Metadata>
    <MDI key="DataType">Generic</MDI>
  </Metadata>
  <PAMRasterBand band="1">
    <Histograms>
      <HistItem>
        <HistMin>0.8447966575622559</HistMin>
        <HistMax>0.858420729637146</HistMax>
        <BucketCount>256</BucketCount>
        <IncludeOutOfRange>1</IncludeOutOfRange>
        <Approximate>0</Approximate>
        <HistCounts>2|0|1|0|0|0|1|1|0|3|0|1|0|0|3|3|0|1|0|2|1|0|1|0|0|2|0|1|2|5|5|0|4|3|0|2|1|3|4|1|3|5|4|5|4|4|6|6|5|2|7|4|10|6|6|4|6|5|8|10|3|11|12|8|5|7|6|6|10|10|7|5|6|6|9|10|6|11|7|8|11|13|15|9|10|12|15|6|14|8|14|17|16|12|10|7|16|21|13|12|9|10|12|15|12|10|16|14|14|18|8|9|12|12|13|12|14|13|12|18|20|13|8|13|13|16|18|14|13|15|13|17|13|6|10|13|19|12|13|6|6|18|14|6|8|6|8|9|14|10|14|11|11|12|6|15|14|18|10|13|9|7|9|10|8|7|8|8|4|2|7|3|6|3|5|5|7|4|7|3|8|4|5|4|2|8|7|4|3|3|5|5|9|1|6|7|3|7|8|2|1|3|4|5|2|1|1|2|2|4|1|0|3|3|3|2|1|2|1|2|2|1|0|1|2|4|0|0|0|0|0|1|0|0|1|1|1|0|2|0|0|0|0|2|1|2|2|1|0|0|0|0|0|1|0|1</HistCounts>
      </HistItem>
    </Histograms>
    <Metadata>
      <MDI key="RepresentationType">ATHEMATIC</MDI>
      <MDI key="STATISTICS_COVARIANCES">6.052457401553056e-06</MDI>
      <MDI key="STATISTICS_EXCLUDEDVALUES"></MDI>
      <MDI key="STATISTICS_MAXIMUM">0.85842072963715</MDI>
      <MDI key="STATISTICS_MEAN">0.85117691606283</MDI>
      <MDI key="STATISTICS_MINIMUM">0.84479665756226</MDI>
      <MDI key="STATISTICS_SKIPFACTORX">1</MDI>
      <MDI key="STATISTICS_SKIPFACTORY">1</MDI>
      <MDI key="STATISTICS_STDDEV">0.0024601742624361</MDI>
    </Metadata>
  </PAMRasterBand>
</PAMDataset>
