<PAMDataset>
  <Metadata>
    <MDI key="DataType">Generic</MDI>
  </Metadata>
  <PAMRasterBand band="1">
    <Histograms>
      <HistItem>
        <HistMin>0.691322386264801</HistMin>
        <HistMax>0.8895111680030823</HistMax>
        <BucketCount>256</BucketCount>
        <IncludeOutOfRange>1</IncludeOutOfRange>
        <Approximate>0</Approximate>
        <HistCounts>1|1|0|0|0|0|0|0|0|1|0|0|0|0|0|0|0|0|0|0|0|0|0|1|0|0|0|0|0|0|1|0|0|0|0|0|0|0|0|0|0|0|0|0|0|0|0|0|0|0|0|0|0|0|1|0|0|0|0|1|0|0|0|0|0|0|0|0|0|0|1|0|0|0|0|0|0|0|0|0|0|1|1|0|0|1|0|0|0|1|0|0|0|0|0|0|0|0|0|0|0|0|0|0|0|0|0|1|0|1|0|0|0|0|0|0|1|0|0|0|0|0|1|0|0|0|0|0|1|0|1|0|0|0|0|1|1|0|0|0|1|0|0|1|1|0|0|0|0|0|0|0|0|0|0|1|0|0|0|0|0|0|0|0|0|0|0|0|0|0|0|1|0|1|0|1|0|1|0|0|0|1|0|1|1|0|0|0|1|2|0|0|0|0|1|1|1|0|1|0|3|2|1|3|1|0|5|4|3|2|2|5|5|5|3|4|7|12|11|17|16|27|27|46|46|67|92|107|138|112|158|131|110|97|71|63|50|27|23|13|10|8|8|3|2|2|2|0|0|3|2|0|3|2|0|1</HistCounts>
      </HistItem>
    </Histograms>
    <Metadata>
      <MDI key="RepresentationType">ATHEMATIC</MDI>
      <MDI key="STATISTICS_COVARIANCES">0.0002276876184598519</MDI>
      <MDI key="STATISTICS_EXCLUDEDVALUES"></MDI>
      <MDI key="STATISTICS_MAXIMUM">0.88951116800308</MDI>
      <MDI key="STATISTICS_MEAN">0.86777160111815</MDI>
      <MDI key="STATISTICS_MINIMUM">0.6913223862648</MDI>
      <MDI key="STATISTICS_SKIPFACTORX">1</MDI>
      <MDI key="STATISTICS_SKIPFACTORY">1</MDI>
      <MDI key="STATISTICS_STDDEV">0.015089321338611</MDI>
    </Metadata>
  </PAMRasterBand>
</PAMDataset>
