<PAMDataset>
  <Metadata>
    <MDI key="DataType">Generic</MDI>
  </Metadata>
  <PAMRasterBand band="1">
    <Histograms>
      <HistItem>
        <HistMin>0.7403555512428284</HistMin>
        <HistMax>0.8753317594528198</HistMax>
        <BucketCount>256</BucketCount>
        <IncludeOutOfRange>1</IncludeOutOfRange>
        <Approximate>0</Approximate>
        <HistCounts>1|0|0|0|0|0|0|0|0|0|0|0|0|1|0|0|0|1|0|0|0|0|0|0|0|0|2|0|1|1|0|0|1|1|0|2|0|0|0|0|0|0|0|1|1|0|0|0|0|0|1|2|0|2|1|0|1|1|0|1|0|0|0|0|0|1|1|2|0|0|0|2|1|1|1|1|0|0|1|0|0|1|5|1|0|2|0|0|2|1|3|0|0|1|4|4|2|0|3|1|1|1|1|1|1|1|1|0|0|2|0|0|2|3|1|1|1|1|1|1|2|1|1|2|3|2|2|2|3|4|2|2|1|1|0|3|0|2|1|2|0|3|3|2|4|4|4|5|4|8|6|2|2|2|1|3|1|3|5|2|3|3|3|5|4|2|4|4|4|4|3|3|7|4|1|4|5|2|8|3|6|4|3|6|7|6|3|5|7|8|7|7|7|7|7|3|12|9|4|5|7|6|7|3|7|4|12|6|7|8|11|5|12|13|9|10|6|11|18|21|15|27|45|39|64|52|52|52|35|37|28|23|17|26|24|35|29|34|40|35|34|30|31|32|35|26|22|30|22|17|22|13|4|6|1|1</HistCounts>
      </HistItem>
    </Histograms>
    <Metadata>
      <MDI key="RepresentationType">ATHEMATIC</MDI>
      <MDI key="STATISTICS_COVARIANCES">0.0004972213910195809</MDI>
      <MDI key="STATISTICS_EXCLUDEDVALUES"></MDI>
      <MDI key="STATISTICS_MAXIMUM">0.87533175945282</MDI>
      <MDI key="STATISTICS_MEAN">0.85243425551802</MDI>
      <MDI key="STATISTICS_MINIMUM">0.74035555124283</MDI>
      <MDI key="STATISTICS_SKIPFACTORX">1</MDI>
      <MDI key="STATISTICS_SKIPFACTORY">1</MDI>
      <MDI key="STATISTICS_STDDEV">0.022298461628991</MDI>
    </Metadata>
  </PAMRasterBand>
</PAMDataset>
