<PAMDataset>
  <Metadata>
    <MDI key="DataType">Generic</MDI>
  </Metadata>
  <PAMRasterBand band="1">
    <Histograms>
      <HistItem>
        <HistMin>0.8462976813316345</HistMin>
        <HistMax>0.8596110939979553</HistMax>
        <BucketCount>256</BucketCount>
        <IncludeOutOfRange>1</IncludeOutOfRange>
        <Approximate>0</Approximate>
        <HistCounts>1|0|0|0|0|0|1|0|0|0|1|0|0|0|0|2|2|1|0|2|0|2|1|0|2|0|3|1|1|2|2|1|2|0|6|6|4|1|5|3|2|9|7|5|1|8|13|6|11|9|13|15|14|9|13|13|19|15|12|6|11|12|14|16|12|16|16|15|9|15|24|21|18|15|15|12|9|28|19|12|11|12|13|11|10|15|13|20|14|14|15|12|16|16|10|9|13|6|15|10|6|6|9|11|12|7|9|6|8|6|3|5|5|9|5|3|4|4|5|5|7|4|5|4|2|5|6|2|12|8|2|1|3|4|2|2|2|3|1|3|2|3|2|2|3|6|4|7|9|8|2|5|1|8|4|3|1|5|4|7|10|5|8|5|7|5|5|9|6|11|13|8|6|10|11|8|7|8|14|13|11|11|8|6|8|10|7|9|3|13|11|3|6|6|10|17|6|7|7|6|13|7|4|10|12|6|3|7|6|8|3|5|4|2|2|5|7|1|4|2|7|1|3|3|2|5|2|3|0|1|2|1|0|1|2|3|3|0|1|2|0|0|0|0|0|1|0|2|1|0|0|0|0|0|0|1</HistCounts>
      </HistItem>
    </Histograms>
    <Metadata>
      <MDI key="RepresentationType">ATHEMATIC</MDI>
      <MDI key="STATISTICS_COVARIANCES">8.805530396932747e-06</MDI>
      <MDI key="STATISTICS_EXCLUDEDVALUES"></MDI>
      <MDI key="STATISTICS_MAXIMUM">0.85961109399796</MDI>
      <MDI key="STATISTICS_MEAN">0.85241440299898</MDI>
      <MDI key="STATISTICS_MINIMUM">0.84629768133163</MDI>
      <MDI key="STATISTICS_SKIPFACTORX">1</MDI>
      <MDI key="STATISTICS_SKIPFACTORY">1</MDI>
      <MDI key="STATISTICS_STDDEV">0.002967411396644</MDI>
    </Metadata>
  </PAMRasterBand>
</PAMDataset>
